[199月2026 20:13:35.959] [main/INFO] [cpw.mods.modlauncher.Launcher/MODLAUNCHER]: ModLauncher running: args [--launchTarget, forgeserver, --fml.forgeVersion, 47.4.13, --fml.mcVersion, 1.20.1, --fml.forgeGroup, net.minecraftforge, --fml.mcpVersion, 20230612.114412, nogui]
[199月2026 20:13:35.963] [main/INFO] [cpw.mods.modlauncher.Launcher/MODLAUNCHER]: ModLauncher 10.0.9+10.0.9+main.dcd20f30 starting: java version 21.0.5 by Oracle Corporation; OS Windows 11 arch amd64 version 10.0
[199月2026 20:13:36.258] [main/WARN] [net.minecraftforge.fml.loading.FMLConfig/CORE]: Configuration file C:\Users\yushu\Downloads\TerraFirmaGreg-Modern-0.13.10-serverpack\config\fml.toml is not correct. Correcting
[199月2026 20:13:36.261] [main/INFO] [net.minecraftforge.fml.loading.FMLConfig/CORE]: Incorrect key [earlyWindowSkipGLVersions] was corrected from null to []
[199月2026 20:13:36.263] [main/INFO] [net.minecraftforge.fml.loading.FMLConfig/CORE]: Incorrect key [earlyWindowLogHelpMessage] was corrected from null to true
[199月2026 20:13:36.264] [main/INFO] [net.minecraftforge.fml.loading.FMLConfig/CORE]: Incorrect key [earlyWindowSquir] was corrected from null to false
[199月2026 20:13:36.264] [main/INFO] [net.minecraftforge.fml.loading.FMLConfig/CORE]: Incorrect key [earlyWindowShowCPU] was corrected from null to false
[199月2026 20:14:06.442] [main/INFO] [net.minecraftforge.fml.loading.ImmediateWindowHandler/]: ImmediateWindowProvider not loading because launch target is forgeserver
[199月2026 20:14:06.534] [main/INFO] [mixin/]: SpongePowered MIXIN Subsystem Version=0.8.5 Source=union:/C:/Users/yushu/Downloads/TerraFirmaGreg-Modern-0.13.10-serverpack/libraries/org/spongepowered/mixin/0.8.5/mixin-0.8.5.jar%2365!/ Service=ModLauncher Env=SERVER
[199月2026 20:14:10.057] [main/WARN] [net.minecraftforge.fml.loading.moddiscovery.ModFileParser/LOADING]: Mod file C:\Users\yushu\Downloads\TerraFirmaGreg-Modern-0.13.10-serverpack\libraries\net\minecraftforge\fmlcore\1.20.1-47.4.13\fmlcore-1.20.1-47.4.13.jar is missing mods.toml file
[199月2026 20:14:10.073] [main/WARN] [net.minecraftforge.fml.loading.moddiscovery.ModFileParser/LOADING]: Mod file C:\Users\yushu\Downloads\TerraFirmaGreg-Modern-0.13.10-serverpack\libraries\net\minecraftforge\javafmllanguage\1.20.1-47.4.13\javafmllanguage-1.20.1-47.4.13.jar is missing mods.toml file
[199月2026 20:14:10.088] [main/WARN] [net.minecraftforge.fml.loading.moddiscovery.ModFileParser/LOADING]: Mod file C:\Users\yushu\Downloads\TerraFirmaGreg-Modern-0.13.10-serverpack\libraries\net\minecraftforge\lowcodelanguage\1.20.1-47.4.13\lowcodelanguage-1.20.1-47.4.13.jar is missing mods.toml file
[199月2026 20:14:10.101] [main/WARN] [net.minecraftforge.fml.loading.moddiscovery.ModFileParser/LOADING]: Mod file C:\Users\yushu\Downloads\TerraFirmaGreg-Modern-0.13.10-serverpack\libraries\net\minecraftforge\mclanguage\1.20.1-47.4.13\mclanguage-1.20.1-47.4.13.jar is missing mods.toml file
[199月2026 20:14:12.370] [main/WARN] [net.minecraftforge.jarjar.selection.JarSelector/]: Attempted to select a dependency jar for JarJar which was passed in as source: ldlib. Using Mod File: C:\Users\yushu\Downloads\TerraFirmaGreg-Modern-0.13.10-serverpack\mods\ldlib-forge-1.20.1-1.0.52.jar
[199月2026 20:14:12.371] [main/WARN] [net.minecraftforge.jarjar.selection.JarSelector/]: Attempted to select a dependency jar for JarJar which was passed in as source: configuration. Using Mod File: C:\Users\yushu\Downloads\TerraFirmaGreg-Modern-0.13.10-serverpack\mods\configuration-forge-1.20.1-3.1.0.jar
[199月2026 20:14:12.372] [main/WARN] [net.minecraftforge.jarjar.selection.JarSelector/]: Attempted to select a dependency jar for JarJar which was passed in as source: architectury. Using Mod File: C:\Users\yushu\Downloads\TerraFirmaGreg-Modern-0.13.10-serverpack\mods\architectury-9.2.14-forge.jar
[199月2026 20:14:12.373] [main/INFO] [net.minecraftforge.fml.loading.moddiscovery.JarInJarDependencyLocator/]: Found 51 dependencies adding them to mods collection
[199月2026 20:14:22.331] [main/INFO] [mixin/]: Compatibility level set to JAVA_17
[199月2026 20:14:22.553] [main/ERROR] [mixin/]: Mixin config yacl.mixins.json does not specify "minVersion" property
[199月2026 20:14:22.556] [main/ERROR] [mixin/]: Mixin config cc_utf8_compat.mixins.json does not specify "minVersion" property
[199月2026 20:14:22.591] [main/INFO] [cpw.mods.modlauncher.LaunchServiceHandler/MODLAUNCHER]: Launching target 'forgeserver' with arguments [nogui]
[199月2026 20:14:22.673] [main/INFO] [com.abdelaziz.saturn.common.Saturn/]: Loaded Saturn config file with 4 configurable options
[199月2026 20:14:22.961] [main/INFO] [one.pkg.config.SewliaConfig/]: All configurations saved
[199月2026 20:14:22.968] [main/INFO] [one.pkg.config.SewliaConfig/]: Reloaded configuration: ModConfig
[199月2026 20:14:22.969] [main/INFO] [one.pkg.config.SewliaConfig/]: Successfully initialized configuration manager, loaded 1 configuration classes
[199月2026 20:14:23.145] [main/INFO] [ModernFix/]: Loaded configuration file for ModernFix 5.27.51+mc1.20.1: 109 options available, 10 override(s) found
[199月2026 20:14:23.146] [main/WARN] [ModernFix/]: Option 'mixin.perf.smart_ingredient_sync' overriden (by user configuration) to 'false'
[199月2026 20:14:23.146] [main/WARN] [ModernFix/]: Option 'mixin.perf.faster_item_rendering' overriden (by user configuration) to 'true'
[199月2026 20:14:23.147] [main/WARN] [ModernFix/]: Option 'mixin.perf.dynamic_resources' overriden (by user configuration) to 'true'
[199月2026 20:14:23.147] [main/WARN] [ModernFix/]: Option 'mixin.perf.clear_mixin_classinfo' overriden (by user configuration) to 'true'
[199月2026 20:14:23.147] [main/WARN] [ModernFix/]: Option 'mixin.perf.deduplicate_location' overriden (by user configuration) to 'true'
[199月2026 20:14:23.147] [main/WARN] [ModernFix/]: Option 'mixin.perf.faster_ingredients' overriden (by user configuration) to 'false'
[199月2026 20:14:23.147] [main/WARN] [ModernFix/]: Option 'mixin.perf.dynamic_entity_renderers' overriden (by user configuration) to 'true'
[199月2026 20:14:23.148] [main/WARN] [ModernFix/]: Option 'mixin.perf.remove_spawn_chunks' overriden (by user configuration) to 'true'
[199月2026 20:14:23.148] [main/WARN] [ModernFix/]: Option 'mixin.bugfix.packet_leak' overriden (by user configuration) to 'true'
[199月2026 20:14:23.148] [main/WARN] [ModernFix/]: Option 'mixin.perf.thread_priorities' overriden (by mods [smoothboot]) to 'false'
[199月2026 20:14:23.149] [main/INFO] [ModernFix/]: Applying Nashorn fix
[199月2026 20:14:23.187] [main/INFO] [ModernFix/]: Applied Forge config corruption patch
[199月2026 20:14:23.212] [main/WARN] [mixin/]: Reference map 'lmft-common-refmap.json' for lmft-common.mixins.json could not be read. If this is a development environment you can ignore this message
[199月2026 20:14:23.302] [main/INFO] [Radium Config/]: Loaded configuration file for Radium: 125 options available, 7 override(s) found
[199月2026 20:14:23.309] [main/WARN] [mixin/]: Reference map 'carpeted-common-refmap.json' for carpeted-common.mixins.json could not be read. If this is a development environment you can ignore this message
[199月2026 20:14:23.310] [main/WARN] [mixin/]: Reference map 'carpeted-forge-refmap.json' for carpeted.mixins.json could not be read. If this is a development environment you can ignore this message
[199月2026 20:14:23.316] [main/WARN] [mixin/]: Reference map 'puzzlesaccessapi.common.refmap.json' for puzzlesaccessapi.common.mixins.json could not be read. If this is a development environment you can ignore this message
[199月2026 20:14:23.448] [main/WARN] [mixin/]: Reference map 'steampowered.refmap.json' for steampowered.mixins.json could not be read. If this is a development environment you can ignore this message
[199月2026 20:14:23.476] [main/INFO] [Puzzles Lib/]: Loading 228 mods:
	- aaa_particles 2.2.3
	- aci 1.1.0
	- ad_astra 1.15.20
	- adaptive_performance_tweaks_core 11.6.1
	- adaptive_performance_tweaks_gamerules 11.6.1
	- adaptive_performance_tweaks_items 11.6.1
	- adaptive_performance_tweaks_player 11.6.1
	- additionalplacements 3.0.1
	- advancedperipherals 0.7.48r
	- ae2insertexportcard 1.20.1-1.3.0
	- ae2netanalyser 1.20-1.0.6-forge
	- ae2wtlib 15.3.3-forge
	- afc 1.0.23-1.20.1
	- ags_modernmarkings 0.4.5-1.20.1
	- aiimprovements 0.5.2
	- alekiships 1.0.14
	- ali 2.1.0
	- alltheleaks 1.1.3+1.20.1-forge
	- almanac 1.0.2
	- applied_ammo_box 1.20.1-1.2.3
	- architectury 9.2.14
	- armorquickswap 8.0.0
	- arthropocolypse 1.0.6
	- astikorcarts 1.1.8
	- attributefix 21.0.5
	- baguettelib 2.0.5
	- balm 7.3.42
		\-- kuma_api 20.1.12
	- barrels_2012 2.1
	- beneath 1.0.6
	- betterp2p 1.5.0
	- blockrunner 8.0.4
	- bookshelf 20.2.15
	- botarium 2.3.4
	- buildinggadgets2 1.0.8
	- carpeted 1.20-1.4
	- carryon 2.1.2.7
	- cc_utf8_compat 1.0.1-beta.1
	- chalk 1.6.7
	- chunky 1.3.146
	- cloth_config 11.1.136
	- comforts 6.4.0+1.20.1
		\-- spectrelib 0.13.15+1.20.1
	- computercraft 1.116.1
	- configuration 3.1.0
	- constructionwand 1.20.1-2.11
	- copycats 3.0.8+mc.1.20.1-forge
	- corpse 1.20.1-1.0.23
	- corpsecurioscompat 4.0.1
	- cosmeticarmorreworked 1.20.1-v1a
	- craftingstation 1.20.1-1.4.0
	- craftingtweaks 18.2.9
	- crashexploitfixer 2.0.0
	- create 6.0.8
		|-- flywheel 1.0.5
		\-- ponder 1.0.91
	- create_connected 1.2.3-mc1.20.1
	- create_hypertube 0.6.0
	- create_repair 1.3.0
		\-- mixinsquared 0.3.7-beta.3
	- createaddition 1.20.1-1.3.3
	- createdeco 2.0.3-1.20.1-forge
	- createhorsepower 1.20.1-1.1.0
	- createliquidfuel 2.1.1-1.20.1
	- createpickywheels 1.20.1-6.0.8-6
	- createstockbridge 0.2.0
	- createthreadedtrains 1.20.1-1.0.0
	- creativecore 2.12.39
	- cucumber 7.0.16
	- curios 5.14.1+1.20.1
	- deafission 1.20.1-0.16.0
	- decay_2012 2.0.1
	- diggerhelmet 1.0.0.31
	- do_a_barrel_roll 3.5.6+1.20.1
	- domum_ornamentum 1.20.1-1.0.304-snapshot
	- dsbg 1.0-1.20.1
	- emi 1.1.24+1.20.1+forge
	- endermanoverhaul 1.0.4
	- enhancedvisuals 1.8.33
	- etched 3.0.4
	- everycomp 1.20-2.9.24
	- expatternprovider 1.20-1.4.19-forge
	- exposure 1.9.21
	- fallingtrees 0.12.7
	- fastbench 8.0.4
	- fastsuite 5.1.2
	- ferritecore 6.0.1
	- firmaciv 1.0.9
		\-- alekiroofs 1.0.1-1.20.1
	- firmacivplus 1.0.1-1.20.1
	- firmalife 2.1.28
	- fluidlogistics 1.2.6
	- forge 47.4.13
	- fowlplay 1.2.3
	- framedblocks 9.4.3
	- ftbbackups2 1.0.23
	- ftbchunks 2001.3.8
	- ftbessentials 2001.2.4
	- ftbfiltersystem 20.0.1
	- ftblibrary 2001.2.13
	- ftbquests 2001.4.22
	- ftbranks 2001.1.7
	- ftbteams 2001.3.2
	- ftbxaerocompat 1.1.3
	- ftbxmodcompat 2.1.3
	- fullstackwatchdog 1.0.1+1.19.2-forge
	- fzzy_config 0.7.6+1.20.1+forge
	- geckolib 4.8.4
	- glodium 1.20-1.5-forge
	- goprone 3.1.1
	- grapplemod 1.20.1-v13
	- greate 0.0.80
	- gtceu 7.5.3
	- gtceuterminal 6.8.5-fix
	- gtmutils 2.10.2
	- guideme 20.1.15
	- hangglider 8.0.1
	- horsescanswim 1.0.1
	- immersive_aircraft 1.4.1+1.20.1
	- immersive_optimization 0.2.0
	- jade 11.13.3+forge
	- jadeaddons 5.5.1+forge
	- jellies 0.1.6
	- kotlinforforge 4.12.0
	- kreno 26.1.1-1.20.1
	- kubejs 2001.6.5-build.24
	- kubejs_create 2001.3.0-build.8
	- kubejs_tfc 1.3.5
	- ldlib 1.0.52
	- letmedespawn 1.5.0
	- lithostitched 1.4.11
	- lmft 1.0.4+1.20.1
	- lodestone 1.20.1-1.6.4.1
	- lootjs 1.20.1-2.13.1
	- lootr 0.7.35.94
	- man_of_many_planes 0.2.0+1.20.1
	- mcw_tfc_aio 0.2.30-1.20.1
	- measurements 2.0.1
	- megacells 2.4.6-1.20.1
	- merequester 1.20.1-1.2.1
	- minecraft 1.20.1
	- modernfix 5.27.51+mc1.20.1
	- moldraw 3.3.0
	- moonlight 1.20-2.16.34
	- morered 4.0.0.4
		|-- jumbofurnace 4.0.0.5
		\-- useitemonblockevent 1.0.0.2
	- moreredxcctcompat 1.20.1-1.0.0
	- nanhealthfixer 1.20.1-0.0.1
	- nerb 0.4.1
	- nochatreports 1.20.1-v2.2.3
	- octolib 0.5.0.1
	- packetfixer 3.3.2
	- pandalib 0.4.2
	- particular 1.5.7
	- patchouli 1.20.1-85-FORGE
	- phoenix_chromatic_codes 1.10
	- placebo 8.6.3
	- playerrevive 2.0.31
	- playerrevive_compat 1.0.4
	- polylib 2000.0.3-build.143
	- primitive_creatures 2.5
	- punishment_for_death 1.0.0.16
	- puzzleslib 8.1.33
		\-- puzzlesaccessapi 20.1.1
	- radium 0.12.4+git.26c9d8e
	- railways 1.7.3+forge-mc1.20.1
	- realmrpg_skeletons 1.1.0
	- reliable_recipes 2.2.3
	- reliable_remover 3.0.0
	- resourcefulconfig 2.1.3
	- resourcefullib 2.1.29
	- rhino 2001.2.3-build.10
	- rnr 0.2.5-1.20.1
	- sandworm_mod 1.2.0
	- saturn 0.1.3
	- showcaser 1.7.4
	- simplylight 1.20.1-1.4.6-build.50
	- simplystacked 1.20-1.2
	- smartbrainlib 1.15
	- smoothboot 0.0.4
	- sns 1.2.8
		\-- esc 1.4
	- sophisticatedbackpacks 3.24.67.2109
	- sophisticatedcore 1.3.84.2308
	- soulbinding 1.20.1-1.0.2
	- species 3.5
	- steampowered 1.20.1-3.1.0
	- struts 1.1.1+mc1.20.1
	- supermartijn642configlib 1.1.8
	- tacz 1.1.8-hotfix
		\-- simplebedrockmodel 2.2.2-forge+mc1.20.1
	- taczammoquery 1.20.1-1.0.0
	- taczjs 1.4.2+mc1.20.1
	- tacztweaks 2.14.2
	- tfc 3.2.25
	- tfc_ruins 1.0.1
	- tfc_tumbleweed 1.2.2
	- tfcagedalcohol 2.3
	- tfcastikorcarts 1.1.8.3
	- tfcbetterbf 1.0.2
	- tfccanes 2.0.2
	- tfcchannelcasting 0.2.3-beta
	- tfcgenviewer 1.5.1
	- tfcgroomer 1.20.1-0.2.4
	- tfchotornot 1.0.13
	- tfclunchbox 1.0.0.29
	- tfcscraping 1.0.2
	- tfcstructuremodc 0.0.1
	- tfcweldbutton 1.1
	- tfg 0.9.23
		|-- ae2 15.4.10-cosmolite.38
		|-- tfc_textile 0.9.23
		\-- tfcambiental 0.9.23
	- timeout_fixes 1.20.1-1.0.0
	- toofast 0.4.3.5
	- toolbelt 1.20.03
	- tumbleweed 0.5.5
	- uteamcore 5.1.4.382
	- vintage_kubejs 1.20.1-1.0.0rc-2
	- vintageimprovements 1.20.1-0.3.7.8
	- voicechat 1.20.1-2.6.23
		\-- voicechat_api 2.6.20
	- wakes 1.4.1
	- wan_ancient_beasts 1.4.3
	- waterflasks 3.0.10
	- xaerominimap 26.4.2
	- xaeroworldmap 1.45.0
		\-- xaerolib 1.7.1
	- yeetusexperimentus 2.3.1-build.6+mc1.20.1
	- yet_another_config_lib_v3 3.6.6+1.20.1-forge
[199月2026 20:14:23.580] [main/WARN] [mixin/]: Reference map 'grapplemod.refmap.json' for grapplemod.mixins.json could not be read. If this is a development environment you can ignore this message
[199月2026 20:14:23.611] [main/WARN] [mixin/]: Reference map 'CreateLiquidFuel.refmap.json' for createliquidfuel.mixins.json could not be read. If this is a development environment you can ignore this message
[199月2026 20:14:23.618] [main/WARN] [mixin/]: Reference map 'ftb-filter-system-common-refmap.json' for ftbfiltersystem-common.mixins.json could not be read. If this is a development environment you can ignore this message
[199月2026 20:14:23.619] [main/WARN] [mixin/]: Reference map 'ftb-filter-system-forge-refmap.json' for ftbfiltersystem.mixins.json could not be read. If this is a development environment you can ignore this message
[199月2026 20:14:23.632] [main/WARN] [mixin/]: Reference map 'tfcbetterbf.refmap.json' for tfcbetterbf.mixins.json could not be read. If this is a development environment you can ignore this message
[199月2026 20:14:23.692] [main/WARN] [mixin/]: Reference map 'betterp2p-forge-refmap.json' for betterp2p.mixins.json could not be read. If this is a development environment you can ignore this message
[199月2026 20:14:23.803] [main/INFO] [dev.tonimatas.packetfixer.mixins.v1_19_4_forge.MixinPlugin/]: Packet Fixer forge 1.19.4-1.20.1 has been applied successfully.
[199月2026 20:14:23.809] [main/WARN] [mixin/]: Reference map 'tfchotornot.refmap.json' for tfchotornot.mixins.json could not be read. If this is a development environment you can ignore this message
[199月2026 20:14:24.273] [main/INFO] [KryptonReno ModMixin/]: Mixin one.pkg.kreno.mixin.network.experimental.RconClientMixin disabled
[199月2026 20:14:24.281] [main/INFO] [KryptonReno ModMixin/]: Mixin one.pkg.kreno.mixin.network.microopt.FriendlyByteBufUtfMixin enabled
[199月2026 20:14:24.282] [main/INFO] [KryptonReno ModMixin/]: Mixin one.pkg.kreno.mixin.network.microopt.FriendlyByteBufVarIntMixin enabled
[199月2026 20:14:24.283] [main/INFO] [KryptonReno ModMixin/]: Mixin one.pkg.kreno.mixin.network.microopt.FriendlyByteBufVarLongMixin enabled
[199月2026 20:14:24.283] [main/INFO] [KryptonReno ModMixin/]: Mixin one.pkg.kreno.mixin.network.microopt.ServerEntityMixin enabled
[199月2026 20:14:24.284] [main/INFO] [KryptonReno ModMixin/]: Mixin one.pkg.kreno.mixin.network.pipeline.LegacyQueryHandlerMixin enabled
[199月2026 20:14:24.285] [main/INFO] [KryptonReno ModMixin/]: Mixin one.pkg.kreno.mixin.network.pipeline.Varint21FrameDecoderMixin enabled
[199月2026 20:14:24.286] [main/INFO] [KryptonReno ModMixin/]: Mixin one.pkg.kreno.mixin.network.pipeline.compression.ConnectionMixin enabled
[199月2026 20:14:24.287] [main/INFO] [KryptonReno ModMixin/]: Mixin one.pkg.kreno.mixin.network.pipeline.encryption.ConnectionMixin enabled
[199月2026 20:14:24.288] [main/INFO] [KryptonReno ModMixin/]: Mixin one.pkg.kreno.mixin.network.pipeline.encryption.ServerLoginPacketListenerImplMixin enabled
[199月2026 20:14:24.561] [main/INFO] [net.minecraftforge.coremod.CoreMod.placebo/COREMODLOG]: Patching IForgeItemStack#getEnchantmentLevel
[199月2026 20:14:24.611] [main/INFO] [net.minecraftforge.coremod.CoreMod.placebo/COREMODLOG]: Patching IForgeItemStack#getEnchantmentLevel
[199月2026 20:14:24.849] [main/WARN] [Radium Config/]: Force-disabling mixin 'alloc.blockstate.StateMixin' as option 'mixin.alloc.blockstate' (added by mods [ferritecore]) disables it and children
[199月2026 20:14:24.862] [main/WARN] [Radium Config/]: Force-disabling mixin 'entity.collisions.fluid.EntityMixin' as option 'mixin.entity.collisions' (added by user configuration) disables it and children
[199月2026 20:14:24.862] [main/WARN] [Radium Config/]: Force-disabling mixin 'entity.collisions.intersection.WorldMixin' as option 'mixin.entity.collisions' (added by user configuration) disables it and children
[199月2026 20:14:24.863] [main/WARN] [Radium Config/]: Force-disabling mixin 'entity.collisions.movement.EntityMixin' as option 'mixin.entity.collisions' (added by user configuration) disables it and children
[199月2026 20:14:24.863] [main/WARN] [Radium Config/]: Force-disabling mixin 'entity.collisions.unpushable_cramming.AbstractMinecartEntityMixin' as option 'mixin.entity.collisions' (added by user configuration) disables it and children
[199月2026 20:14:24.864] [main/WARN] [Radium Config/]: Force-disabling mixin 'entity.collisions.unpushable_cramming.BoatEntityMixin' as option 'mixin.entity.collisions' (added by user configuration) disables it and children
[199月2026 20:14:24.864] [main/WARN] [Radium Config/]: Force-disabling mixin 'entity.collisions.unpushable_cramming.EntityMixin' as option 'mixin.entity.collisions' (added by user configuration) disables it and children
[199月2026 20:14:24.865] [main/WARN] [Radium Config/]: Force-disabling mixin 'entity.collisions.unpushable_cramming.EntityPredicatesMixin' as option 'mixin.entity.collisions' (added by user configuration) disables it and children
[199月2026 20:14:24.866] [main/WARN] [Radium Config/]: Force-disabling mixin 'entity.collisions.unpushable_cramming.EntityTrackingSectionMixin' as option 'mixin.entity.collisions' (added by user configuration) disables it and children
[199月2026 20:14:24.866] [main/WARN] [Radium Config/]: Force-disabling mixin 'entity.collisions.unpushable_cramming.LivingEntityMixin' as option 'mixin.entity.collisions' (added by user configuration) disables it and children
[199月2026 20:14:24.889] [main/WARN] [Radium Config/]: Force-disabling mixin 'world.player_chunk_tick.ThreadedAnvilChunkStorageMixin' as option 'mixin.world.player_chunk_tick' (added by user configuration) disables it and children
[199月2026 20:14:25.224] [main/WARN] [mixin/]: Error loading class: loaderCommon/forge/com/seibel/distanthorizons/common/wrappers/worldGeneration/mimicObject/ChunkLoader (java.lang.ClassNotFoundException: loaderCommon.forge.com.seibel.distanthorizons.common.wrappers.worldGeneration.mimicObject.ChunkLoader)
[199月2026 20:14:25.250] [main/WARN] [mixin/]: Error loading class: fzzyhmstrs/emi_loot/parser/LootTableParser (java.lang.ClassNotFoundException: fzzyhmstrs.emi_loot.parser.LootTableParser)
[199月2026 20:14:25.251] [main/WARN] [mixin/]: @Mixin target fzzyhmstrs.emi_loot.parser.LootTableParser was not found reliable_remover.forge.mixins.json:emi.LootTableParserMixin
[199月2026 20:14:25.285] [main/INFO] [AllTheLeaks/]: Class dev.uncandango.alltheleaks.leaks.common.mods.toolbelt.UntrackedIssue001 will be loaded as it matches versions: 1.20.03 in [1.20.0,)
[199月2026 20:14:25.285] [main/INFO] [AllTheLeaks/]: Mixins added to allowed list: [main.EventHandlersMixin]
[199月2026 20:14:25.286] [main/INFO] [AllTheLeaks/]: Class dev.uncandango.alltheleaks.leaks.common.mods.moonlight.UntrackedIssue001 will be loaded as it matches versions: 1.20-2.16.34 in [1.20-2.13.32,)
[199月2026 20:14:25.286] [main/INFO] [AllTheLeaks/]: Mixins added to allowed list: [main.FakeLevelManagerMixin]
[199月2026 20:14:25.286] [main/INFO] [AllTheLeaks/]: Class dev.uncandango.alltheleaks.leaks.common.mods.minecraft.UntrackedIssue002 will be loaded as it matches versions: 1.20.1 in 1.20.1
[199月2026 20:14:25.287] [main/INFO] [AllTheLeaks/]: Mixins added to allowed list: [main.EntityTickListMixin]
[199月2026 20:14:25.287] [main/INFO] [AllTheLeaks/]: Class dev.uncandango.alltheleaks.leaks.common.mods.minecraft.UntrackedIssue001 will be loaded as it matches versions: 1.20.1 in 1.20.1
[199月2026 20:14:25.287] [main/INFO] [AllTheLeaks/]: Class dev.uncandango.alltheleaks.leaks.common.mods.gtceu.UntrackedIssue001 will be loaded as it matches versions: 7.5.3 in *
[199月2026 20:14:25.287] [main/INFO] [AllTheLeaks/]: Class dev.uncandango.alltheleaks.leaks.common.mods.forge.UntrackedIssue003 will be loaded as it matches versions: 47.4.13 in *
[199月2026 20:14:25.287] [main/INFO] [AllTheLeaks/]: Mixins added to allowed list: [main.EntityMixin2, main.RandomizableContainerBlockEntityMixin]
[199月2026 20:14:25.288] [main/INFO] [AllTheLeaks/]: Class dev.uncandango.alltheleaks.leaks.common.mods.forge.UntrackedIssue002 will be loaded as it matches versions: 47.4.13 in [47.2,)
[199月2026 20:14:25.288] [main/INFO] [AllTheLeaks/]: Mixins added to allowed list: [accessor.FakePlayerNetHandlerAccessor, accessor.ConnectionAccessor]
[199月2026 20:14:25.288] [main/INFO] [AllTheLeaks/]: Class dev.uncandango.alltheleaks.leaks.common.mods.forge.UntrackedIssue001 will be loaded as it matches versions: 47.4.13 in [47.2,)
[199月2026 20:14:25.288] [main/INFO] [AllTheLeaks/]: Mixins added to allowed list: [main.ServerPlayerMixin, main.PlayerListMixin, accessor.PlayerAdvancementsAccessor]
[199月2026 20:14:25.289] [main/INFO] [AllTheLeaks/]: Class dev.uncandango.alltheleaks.leaks.common.mods.forge.Issue39 will be loaded as it matches versions: 47.4.13 in [47.2,47.4.16)
[199月2026 20:14:25.289] [main/INFO] [AllTheLeaks/]: Class dev.uncandango.alltheleaks.leaks.common.mods.forge.Issue10745 will be loaded as it matches versions: 47.4.13 in (,47.4.15)
[199月2026 20:14:25.289] [main/INFO] [AllTheLeaks/]: Mixins added to allowed list: [main.EntityMixin]
[199月2026 20:14:25.290] [main/INFO] [AllTheLeaks/]: Class dev.uncandango.alltheleaks.leaks.common.mods.forge.Issue10684 will be loaded as it matches versions: 47.4.13 in *
[199月2026 20:14:25.290] [main/INFO] [AllTheLeaks/]: Class dev.uncandango.alltheleaks.leaks.common.mods.curios.UntrackedIssue001 will be loaded as it matches versions: 5.14.1+1.20.1 in [5.9.1,)
[199月2026 20:14:25.291] [main/INFO] [AllTheLeaks/]: Mixins added to allowed list: [main.CuriosEventHandlerMixin]
[199月2026 20:14:25.291] [main/INFO] [AllTheLeaks/]: Class dev.uncandango.alltheleaks.leaks.common.mods.create.UntrackedIssue001 will be loaded as it matches versions: 6.0.8 in [0.5.1.c,)
[199月2026 20:14:25.291] [main/INFO] [AllTheLeaks/]: Mixins added to allowed list: [accessor.ExtendoGripItemAccessor]
[199月2026 20:14:25.292] [main/INFO] [AllTheLeaks/]: Class dev.uncandango.alltheleaks.leaks.common.mods.architectury.UntrackedIssue001 will be loaded as it matches versions: 9.2.14 in [9.0.8,)
[199月2026 20:14:25.292] [main/INFO] [AllTheLeaks/]: Class dev.uncandango.alltheleaks.leaks.common.mods.ae2wtlib.UntrackedIssue001 will be loaded as it matches versions: 15.3.3-forge in [15.2.3,)
[199月2026 20:14:25.292] [main/INFO] [AllTheLeaks/]: Class dev.uncandango.alltheleaks.leaks.common.mods.ae2.UntrackedIssue001 will be loaded as it matches versions: 15.4.10-cosmolite.38 in [15.0.10,)
[199月2026 20:14:25.294] [main/INFO] [AllTheLeaks/]: Class dev.uncandango.alltheleaks.fix.common.mods.modernfix.CancelRLMixin will be loaded as it matches versions: 5.27.51+mc1.20.1 in [5.0.0,)
[199月2026 20:14:25.294] [main/INFO] [AllTheLeaks/]: Mixins added to cancel list: [org.embeddedt.modernfix.common.mixin.perf.deduplicate_location.MixinResourceLocation]
[199月2026 20:14:25.295] [main/INFO] [AllTheLeaks/]: Class dev.uncandango.alltheleaks.fix.common.mods.kubejs.FixItemStackModification will be loaded as it matches versions: 2001.6.5-build.24 in *
[199月2026 20:14:25.295] [main/INFO] [AllTheLeaks/]: Mixins added to allowed list: [main.IngredientKJSMixin]
[199月2026 20:14:25.295] [main/INFO] [AllTheLeaks/]: Class dev.uncandango.alltheleaks.fix.common.mods.gtceu.FixCopyStack will be loaded as it matches versions: 7.5.3 in *
[199月2026 20:14:25.295] [main/INFO] [AllTheLeaks/]: Mixins added to allowed list: [main.SizedIngredientMixin]
[199月2026 20:14:25.324] [main/INFO] [AllTheLeaks/]: Class dev.uncandango.alltheleaks.feature.common.mods.minecraft.PlayerReviveFix will be loaded as it matches versions: 1.20.1 in 1.20.1
[199月2026 20:14:25.325] [main/INFO] [AllTheLeaks/]: Mixins added to allowed list: [main.EntityMixin3]
[199月2026 20:14:25.325] [main/INFO] [AllTheLeaks/]: Class dev.uncandango.alltheleaks.feature.common.mods.minecraft.MemoryMonitor will be loaded as it matches versions: 1.20.1 in 1.20.1
[199月2026 20:14:25.326] [main/INFO] [AllTheLeaks/]: Mixins added to allowed list: [main.PlayerMixin, main.ChunkAccessMixin, main.LevelMixin, main.MinecraftServerMixin]
[199月2026 20:14:25.327] [main/INFO] [AllTheLeaks/]: Class dev.uncandango.alltheleaks.feature.common.mods.minecraft.ClearLeakedLevelChunks will be loaded as it matches versions: 1.20.1 in 1.20.1
[199月2026 20:14:25.328] [main/INFO] [AllTheLeaks/]: Mixins added to allowed list: [accessor.LevelAccessor, main.RebindableTickingBlockEntityWrapperMixin, accessor.LevelChunkAccessor]
[199月2026 20:14:25.525] [main/WARN] [mixin/]: Error loading class: de/maxhenkel/voicechat/voice/server/ServerWorldUtils (java.lang.ClassNotFoundException: de.maxhenkel.voicechat.voice.server.ServerWorldUtils)
[199月2026 20:14:25.526] [main/WARN] [mixin/]: @Mixin target de.maxhenkel.voicechat.voice.server.ServerWorldUtils was not found railways-common.mixins.json:compat.voicechat.ServerWorldUtilsMixin
[199月2026 20:14:25.541] [main/WARN] [mixin/]: Error loading class: com/mojang/blaze3d/systems/RenderSystem (java.lang.ClassNotFoundException: com.mojang.blaze3d.systems.RenderSystem)
[199月2026 20:14:25.542] [main/WARN] [mixin/]: @Mixin target com.mojang.blaze3d.systems.RenderSystem was not found struts.mixins.json:StrutRenderSystemAccessor
[199月2026 20:14:25.565] [main/WARN] [mixin/]: Error loading class: me/jellysquid/mods/lithium/common/ai/pathing/PathNodeDefaults (java.lang.ClassNotFoundException: me.jellysquid.mods.lithium.common.ai.pathing.PathNodeDefaults)
[199月2026 20:14:25.754] [main/WARN] [mixin/]: Error loading class: me/jellysquid/mods/lithium/common/ai/pathing/PathNodeDefaults (java.lang.ClassNotFoundException: me.jellysquid.mods.lithium.common.ai.pathing.PathNodeDefaults)
[199月2026 20:14:26.241] [main/ERROR] [net.minecraftforge.fml.loading.RuntimeDistCleaner/DISTXFORM]: Attempted to load class com/gregtechceu/gtceu/client/forge/ForgeClientEventListener for invalid dist DEDICATED_SERVER
[199月2026 20:14:26.242] [main/WARN] [mixin/]: Error loading class: com/gregtechceu/gtceu/client/forge/ForgeClientEventListener (java.lang.RuntimeException: Attempted to load class com/gregtechceu/gtceu/client/forge/ForgeClientEventListener for invalid dist DEDICATED_SERVER)
[199月2026 20:14:26.242] [main/WARN] [mixin/]: @Mixin target com.gregtechceu.gtceu.client.forge.ForgeClientEventListener was not found tfg.mixins.json:client.gtceu.GTForgeClientEventListenerMixin
[199月2026 20:14:26.244] [main/ERROR] [net.minecraftforge.fml.loading.RuntimeDistCleaner/DISTXFORM]: Attempted to load class net/minecraft/client/gui/screens/inventory/AbstractContainerScreen for invalid dist DEDICATED_SERVER
[199月2026 20:14:26.245] [main/WARN] [mixin/]: Error loading class: net/minecraft/client/gui/screens/inventory/AbstractContainerScreen (java.lang.RuntimeException: Attempted to load class net/minecraft/client/gui/screens/inventory/AbstractContainerScreen for invalid dist DEDICATED_SERVER)
[199月2026 20:14:26.245] [main/WARN] [mixin/]: @Mixin target net.minecraft.client.gui.screens.inventory.AbstractContainerScreen was not found tfg.mixins.json:client.minecraft.AbstractContainerScreenMixin
[199月2026 20:14:26.262] [main/ERROR] [net.minecraftforge.fml.loading.RuntimeDistCleaner/DISTXFORM]: Attempted to load class net/minecraft/client/gui/screens/MenuScreens for invalid dist DEDICATED_SERVER
[199月2026 20:14:26.263] [main/WARN] [mixin/]: Error loading class: net/minecraft/client/gui/screens/MenuScreens (java.lang.RuntimeException: Attempted to load class net/minecraft/client/gui/screens/MenuScreens for invalid dist DEDICATED_SERVER)
[199月2026 20:14:26.263] [main/WARN] [mixin/]: @Mixin target net.minecraft.client.gui.screens.MenuScreens was not found tfg.mixins.json:client.minecraft.MenuScreensMixin
[199月2026 20:14:26.265] [main/ERROR] [net.minecraftforge.fml.loading.RuntimeDistCleaner/DISTXFORM]: Attempted to load class com/mojang/blaze3d/pipeline/RenderTarget for invalid dist DEDICATED_SERVER
[199月2026 20:14:26.265] [main/WARN] [mixin/]: Error loading class: com/mojang/blaze3d/pipeline/RenderTarget (java.lang.RuntimeException: Attempted to load class com/mojang/blaze3d/pipeline/RenderTarget for invalid dist DEDICATED_SERVER)
[199月2026 20:14:26.265] [main/WARN] [mixin/]: @Mixin target com.mojang.blaze3d.pipeline.RenderTarget was not found tfg.mixins.json:client.minecraft.RenderTargetStencilMixin
[199月2026 20:14:26.380] [main/ERROR] [net.minecraftforge.fml.loading.RuntimeDistCleaner/DISTXFORM]: Attempted to load class net/minecraft/client/resources/model/ModelManager for invalid dist DEDICATED_SERVER
[199月2026 20:14:26.381] [main/WARN] [mixin/]: Error loading class: net/minecraft/client/resources/model/ModelManager (java.lang.RuntimeException: Attempted to load class net/minecraft/client/resources/model/ModelManager for invalid dist DEDICATED_SERVER)
[199月2026 20:14:26.381] [main/WARN] [mixin/]: @Mixin target net.minecraft.client.resources.model.ModelManager was not found tfg.mixins.json:common.gtceu.buds.ModelManagerMixin
[199月2026 20:14:26.565] [main/INFO] [com.nanaios.applied_ammo_box.AppliedAmmoBox/]: AE Infinity Booster is not loaded, skipping Mixin
[199月2026 20:14:26.567] [main/INFO] [com.nanaios.applied_ammo_box.AppliedAmmoBox/]: Sentry Mechanical Arm is not loaded, skipping Mixin
[199月2026 20:14:26.567] [main/INFO] [com.nanaios.applied_ammo_box.AppliedAmmoBox/]: Sentry Mechanical Arm is not loaded, skipping Mixin
[199月2026 20:14:26.568] [main/INFO] [com.nanaios.applied_ammo_box.AppliedAmmoBox/]: Sentry Mechanical Arm is not loaded, skipping Mixin
[199月2026 20:14:26.587] [main/WARN] [mixin/]: Error loading class: blusunrize/immersiveengineering/api/wires/GlobalWireNetwork (java.lang.ClassNotFoundException: blusunrize.immersiveengineering.api.wires.GlobalWireNetwork)
[199月2026 20:14:26.587] [main/WARN] [mixin/]: @Mixin target blusunrize.immersiveengineering.api.wires.GlobalWireNetwork was not found mixins.epp.json:MixinGlobalWireNetwork
[199月2026 20:14:26.643] [main/WARN] [mixin/]: Error loading class: vazkii/quark/addons/oddities/inventory/BackpackMenu (java.lang.ClassNotFoundException: vazkii.quark.addons.oddities.inventory.BackpackMenu)
[199月2026 20:14:26.643] [main/WARN] [mixin/]: Error loading class: net/minecraft/client/gui/screens/inventory/CraftingScreen (java.lang.ClassNotFoundException: net.minecraft.client.gui.screens.inventory.CraftingScreen)
[199月2026 20:14:26.644] [main/WARN] [mixin/]: @Mixin target net.minecraft.client.gui.screens.inventory.CraftingScreen was not found fastbench.mixins.json:MixinCraftingScreen
[199月2026 20:14:26.648] [main/WARN] [mixin/]: Error loading class: weather2/weathersystem/storm/TornadoHelper (java.lang.ClassNotFoundException: weather2.weathersystem.storm.TornadoHelper)
[199月2026 20:14:26.648] [main/WARN] [mixin/]: @Mixin target weather2.weathersystem.storm.TornadoHelper was not found tfc_tumbleweed.mixins.json:TornadoHelperMixin
[199月2026 20:14:26.679] [main/WARN] [mixin/]: Error loading class: dev/shadowsoffire/attributeslib/client/AttributesLibClient (java.lang.ClassNotFoundException: dev.shadowsoffire.attributeslib.client.AttributesLibClient)
[199月2026 20:14:27.103] [main/INFO] [MixinExtras|Service/]: Initializing MixinExtras via com.llamalad7.mixinextras.service.MixinExtrasServiceImpl(version=0.5.4).
[199月2026 20:14:27.723] [main/INFO] [mixin/]: Mixing server.MixinDedicatedServer from mixins/common/nochatreports.mixins.json into net.minecraft.server.dedicated.DedicatedServer
[199月2026 20:14:27.878] [main/INFO] [Smooth Boot (Reloaded)/]: Smooth Boot (Reloaded) config initialized
[199月2026 20:14:28.209] [main/WARN] [mixin/]: Static binding violation: PRIVATE @Overwrite method m_216202_ in modernfix-modernfix.mixins.json:perf.tag_id_caching.TagOrElementLocationMixin cannot reduce visibiliy of PUBLIC target method, visibility will be upgraded.
[199月2026 20:14:33.883] [main/INFO] [net.minecraft.server.Bootstrap/]: ModernFix reached bootstrap stage (1.014 min after launch)
[199月2026 20:14:34.020] [main/WARN] [mixin/]: @Final field delegatesByName:Ljava/util/Map; in modernfix-modernfix.mixins.json:perf.forge_registry_alloc.ForgeRegistryMixin should be final
[199月2026 20:14:34.020] [main/WARN] [mixin/]: @Final field delegatesByValue:Ljava/util/Map; in modernfix-modernfix.mixins.json:perf.forge_registry_alloc.ForgeRegistryMixin should be final
[199月2026 20:14:34.064] [main/INFO] [net.minecraftforge.coremod.CoreMod.placebo/COREMODLOG]: Patching IForgeItemStack#getEnchantmentLevel
[199月2026 20:14:34.066] [main/INFO] [net.minecraftforge.coremod.CoreMod.placebo/COREMODLOG]: Patching IForgeItemStack#getEnchantmentLevel
[199月2026 20:14:34.461] [main/INFO] [ModernFix/]: Injecting BlockStateBase cache population hook into getNeighborPathNodeType from me.jellysquid.mods.lithium.mixin.ai.pathing.AbstractBlockStateMixin
[199月2026 20:14:34.462] [main/INFO] [ModernFix/]: Injecting BlockStateBase cache population hook into getPathNodeType from me.jellysquid.mods.lithium.mixin.ai.pathing.AbstractBlockStateMixin
[199月2026 20:14:34.462] [main/INFO] [ModernFix/]: Injecting BlockStateBase cache population hook into getAllFlags from me.jellysquid.mods.lithium.mixin.util.block_tracking.AbstractBlockStateMixin
[199月2026 20:14:36.368] [main/INFO] [mixin/]: Mixing common.MixinFriendlyByteBuf from mixins/common/nochatreports.mixins.json into net.minecraft.network.FriendlyByteBuf
[199月2026 20:14:36.370] [main/INFO] [mixin/]: Renaming synthetic method lambda$onWriteJsonWithCodec$1(Ljava/lang/Object;Ljava/lang/String;)Lio/netty/handler/codec/EncoderException; to md278377$lambda$onWriteJsonWithCodec$1$0 in mixins/common/nochatreports.mixins.json:common.MixinFriendlyByteBuf
[199月2026 20:14:36.370] [main/INFO] [mixin/]: Renaming synthetic method lambda$onReadJsonWithCodec$0(Ljava/lang/String;)Lio/netty/handler/codec/DecoderException; to md278377$lambda$onReadJsonWithCodec$0$1 in mixins/common/nochatreports.mixins.json:common.MixinFriendlyByteBuf
[199月2026 20:14:36.507] [main/INFO] [net.minecraft.server.Bootstrap/]: Vanilla bootstrap took 2612 milliseconds
[199月2026 20:14:37.501] [main/INFO] [net.minecraftforge.coremod.CoreMod.placebo/COREMODLOG]: Patching IForgeItemStack#getEnchantmentLevel
[199月2026 20:14:37.502] [main/INFO] [net.minecraftforge.coremod.CoreMod.placebo/COREMODLOG]: Patching IForgeItemStack#getEnchantmentLevel
[199月2026 20:14:41.741] [main/INFO] [mixin/]: Mixing server.MixinServerGamePacketListenerImpl from mixins/common/nochatreports.mixins.json into net.minecraft.server.network.ServerGamePacketListenerImpl
[199月2026 20:14:41.774] [main/WARN] [mixin/]: @ModifyConstant conflict. Skipping packetfixer.v1_19_4.forge.mixins.json:v1_19_4_forge.ServerGamePacketListenerImplMixin->@ModifyConstant::packetfixer$tick(J)J with priority 1000, already redirected by timeout_fixes.mixins.json:ServerPlayNetHandlerKeepAliveMixin->@ModifyConstant::getKeepAlivePacketInterval(J)J with priority 1000
[199月2026 20:14:43.142] [main/WARN] [mixin/]: Method overwrite conflict for m_47505_ in lithium.mixins.json:world.temperature_cache.BiomeMixin, previously written by org.embeddedt.modernfix.common.mixin.perf.remove_biome_temperature_cache.BiomeMixin. Skipping method.
[199月2026 20:14:44.645] [main/INFO] [com.almostreliable.merequester.MERequester/]: Registering content
[199月2026 20:14:45.132] [modloading-worker-0/WARN] [one.pkg.kreno.shared.ModSharedBootstrap/]: ================= KRYPTON RENO =================
[199月2026 20:14:45.133] [modloading-worker-0/WARN] [one.pkg.kreno.shared.ModSharedBootstrap/]: Do not send messages about your game malfunctioning due to KryptonReno in places the author cannot see.
[199月2026 20:14:45.133] [modloading-worker-0/WARN] [one.pkg.kreno.shared.ModSharedBootstrap/]: The author is unaware of this bug and therefore cannot fix it!
[199月2026 20:14:45.134] [modloading-worker-0/WARN] [one.pkg.kreno.shared.ModSharedBootstrap/]: Please send feedback via CurseForge, Github, or Discord so the author can quickly locate the issue!
[199月2026 20:14:45.134] [modloading-worker-0/WARN] [one.pkg.kreno.shared.ModSharedBootstrap/]: ===============================================
[199月2026 20:14:45.134] [modloading-worker-0/INFO] [one.pkg.kreno.shared.ModSharedBootstrap/]: Krypton is now accelerating your Minecraft server's networking stack 🚀
[199月2026 20:14:45.156] [modloading-worker-0/WARN] [APTweaks(Core)/]: ⚠ The log level for APTweaks(Core) is set to ALL, this will log all debug information and will cause performance issues. This is expected in a developer environment or during large-scale troubleshooting. However, rest assured, to mitigate performance concerns, the debug mode for this module has been automatically adjusted to an info level! If you require debug information, simply use the /aptweaks debug <module> command to re-enable debug mode.
[199月2026 20:14:45.156] [modloading-worker-0/WARN] [APTweaks(Gamerules)/]: ⚠ The log level for APTweaks(Gamerules) is set to ALL, this will log all debug information and will cause performance issues. This is expected in a developer environment or during large-scale troubleshooting. However, rest assured, to mitigate performance concerns, the debug mode for this module has been automatically adjusted to an info level! If you require debug information, simply use the /aptweaks debug <module> command to re-enable debug mode.
[199月2026 20:14:45.157] [modloading-worker-0/WARN] [APTweaks(Gamerules)/]: Adjusting log level for APTweaks(Gamerules) from ALL to INFO, for performance reasons!
[199月2026 20:14:45.157] [modloading-worker-0/WARN] [APTweaks(Core)/]: Adjusting log level for APTweaks(Core) from ALL to INFO, for performance reasons!
[199月2026 20:14:45.158] [modloading-worker-0/INFO] [APTweaks(Core)/]: Changing log level for APTweaks(Gamerules) from ALL to INFO
[199月2026 20:14:45.158] [modloading-worker-0/INFO] [APTweaks(Core)/]: Changing log level for APTweaks(Core) from ALL to INFO
[199月2026 20:14:45.178] [modloading-worker-0/INFO] [io.wispforest.lmft.LMFTCommon/]: [LMFT]: Loaded Config File!
[199月2026 20:14:45.222] [modloading-worker-0/INFO] [LowDragLib/]: LowDragLib is initializing on platform: Forge
[199月2026 20:14:45.224] [modloading-worker-0/INFO] [LowDragLib/]: create ldlib config folder
[199月2026 20:14:45.292] [modloading-worker-0/INFO] [APTweaks(Gamerules)/]: Registering Adaptive Performance Tweaks: Gamerules common config ...
[199月2026 20:14:45.293] [modloading-worker-0/INFO] [APTweaks(Core)/]: Register Adaptive Performance Tweaks: Core common config ...
[199月2026 20:14:45.365] [modloading-worker-0/INFO] [ch.voidlee.repair.Repair/]: Create Repair 1.3.0 initializing! Commit hash: ec9335230e00794f01bee08db2242e6a0bcb81e3
[199月2026 20:14:45.365] [modloading-worker-0/INFO] [ch.voidlee.repair.Repair/]: Create Repair modifies Create heavily to fix bugs! This should be regarded to any log-consumers.
[199月2026 20:14:45.366] [modloading-worker-0/WARN] [ch.voidlee.repair.Repair/]: Create Repair requires Fabric Mixin for some of its fixes, which isn't present. The mod will work fine, but those fixes will be disabled. This can be resolved by installing either Mixinbooster (recommended) or Sinytra Connector
[199月2026 20:14:45.370] [modloading-worker-0/WARN] [Additional Placements/]: During block registration you may receive several reports of "Potentially Dangerous alternative prefix `additionalplacements`". Ignore these, they are intended.
[199月2026 20:14:45.489] [modloading-worker-0/INFO] [Puzzles Lib/]: Constructing common components for blockrunner:main
[199月2026 20:14:45.719] [modloading-worker-0/INFO] [com.leclowndu93150.corpsecurioscompat.Main/]: Hello from Corpse Curios Compat!
[199月2026 20:14:45.868] [modloading-worker-0/INFO] [net.minecraftforge.common.ForgeMod/FORGEMOD]: Forge mod loading, version 47.4.13, for MC 1.20.1 with MCP 20230612.114412
[199月2026 20:14:45.868] [modloading-worker-0/INFO] [net.minecraftforge.common.MinecraftForge/FORGE]: MinecraftForge v47.4.13 Initialized
[199月2026 20:14:45.880] [modloading-worker-0/INFO] [net.dries007.tfc.TerraFirmaCraft/]: Initializing TerraFirmaCraft
[199月2026 20:14:45.881] [modloading-worker-0/INFO] [net.dries007.tfc.TerraFirmaCraft/]: Options: Assertions Enabled = false, Bootstrap = false, Test = false, Debug Logging = true
[199月2026 20:14:45.961] [modloading-worker-0/INFO] [dev.architectury.networking.forge.NetworkManagerImpl/]: Registering C2S receiver with id architectury:sync_ids
[199月2026 20:14:45.971] [modloading-worker-0/INFO] [dev.architectury.networking.forge.NetworkManagerImpl/]: Registering C2S receiver with id aaa_particles:main/2b101225a0983c178c43c737d76def52
[199月2026 20:14:45.998] [modloading-worker-0/INFO] [one.pkg.kreno.shared.ModSharedBootstrap/]: Compression will use RecastXZ 3 (Windows x86_64), encryption will use RecastSSL 2 (Windows x86_64)
[199月2026 20:14:46.002] [modloading-worker-0/INFO] [dev.architectury.networking.forge.NetworkManagerImpl/]: Registering C2S receiver with id aaa_particles:main/878ba3ad853235668eff51eb0a40c900
[199月2026 20:14:46.006] [modloading-worker-0/INFO] [dev.architectury.networking.forge.NetworkManagerImpl/]: Registering C2S receiver with id aaa_particles:main/878ba3ad853235668eff51eb0a40c900
[199月2026 20:14:46.020] [modloading-worker-0/INFO] [dev.architectury.networking.forge.NetworkManagerImpl/]: Registering C2S receiver with id aaa_particles:main/9b5bc39f00d53db2acf81d859b596583
[199月2026 20:14:46.267] [modloading-worker-0/INFO] [NoChatReports/]: KONNICHIWA ZA WARUDO!
[199月2026 20:14:46.269] [modloading-worker-0/INFO] [NoChatReports/]: Default JVM text encoding is: UTF-8
[199月2026 20:14:46.326] [modloading-worker-0/INFO] [NoChatReports/]: Reading config file NoChatReports/NCR-Common.json...
[199月2026 20:14:46.359] [modloading-worker-0/INFO] [NoChatReports/]: Writing config file NoChatReports/NCR-Common.json...
[199月2026 20:14:47.132] [modloading-worker-0/INFO] [Advanced Peripherals/]: AdvancedPeripherals says hello!
[199月2026 20:14:47.242] [modloading-worker-0/INFO] [Puzzles Lib/]: Constructing common components for puzzleslib:main
[199月2026 20:14:47.807] [modloading-worker-0/INFO] [mixin/]: Mixing server.MixinPlayerList from mixins/common/nochatreports.mixins.json into net.minecraft.server.players.PlayerList
[199月2026 20:14:48.163] [modloading-worker-0/INFO] [Advanced Peripherals/]: powah not loaded, skip integration loading
[199月2026 20:14:48.167] [modloading-worker-0/WARN] [Advanced Peripherals/]: Failed to load integration for powah
[199月2026 20:14:48.172] [modloading-worker-0/WARN] [Advanced Peripherals/]: Successfully loaded integration for create
[199月2026 20:14:48.187] [modloading-worker-0/INFO] [xaero.common.HudMod/]: Registering common data for channel xaerominimap:main!
[199月2026 20:14:48.210] [modloading-worker-0/INFO] [Advanced Peripherals/]: mekanism not loaded, skip integration loading
[199月2026 20:14:48.210] [modloading-worker-0/WARN] [Advanced Peripherals/]: Failed to load integration for mekanism
[199月2026 20:14:48.211] [modloading-worker-0/INFO] [Advanced Peripherals/]: botania not loaded, skip integration loading
[199月2026 20:14:48.211] [modloading-worker-0/WARN] [Advanced Peripherals/]: Failed to load integration for botania
[199月2026 20:14:48.471] [modloading-worker-0/WARN] [info.u_team.u_team_core.util.verify.JarSignVerifier/]: ---------------------------------------------------------------------------------
[199月2026 20:14:48.472] [modloading-worker-0/WARN] [info.u_team.u_team_core.util.verify.JarSignVerifier/]: Mod uteamcore is not signed with a valid certificate but should be signed.
[199月2026 20:14:48.472] [modloading-worker-0/WARN] [info.u_team.u_team_core.util.verify.JarSignVerifier/]: Please download the mod only from trusted sources such as curseforge.com!
[199月2026 20:14:48.473] [modloading-worker-0/WARN] [info.u_team.u_team_core.util.verify.JarSignVerifier/]: ---------------------------------------------------------------------------------
[199月2026 20:14:48.489] [modloading-worker-0/INFO] [Railways/]: Steam 'n' Rails v1.7.3 initializing! Commit hash: e5947616ee54cabea325ea61ce2e9be107f61225 on Create version: 6.0.8 on platform: Forge
[199月2026 20:14:48.540] [modloading-worker-0/INFO] [Bookshelf/]: Fixing MC-151457. Crafting remainder for minecraft:pufferfish_bucket is now minecraft:bucket.
[199月2026 20:14:48.540] [modloading-worker-0/INFO] [Bookshelf/]: Fixing MC-151457. Crafting remainder for minecraft:salmon_bucket is now minecraft:bucket.
[199月2026 20:14:48.541] [modloading-worker-0/INFO] [Bookshelf/]: Fixing MC-151457. Crafting remainder for minecraft:cod_bucket is now minecraft:bucket.
[199月2026 20:14:48.541] [modloading-worker-0/INFO] [Bookshelf/]: Fixing MC-151457. Crafting remainder for minecraft:tropical_fish_bucket is now minecraft:bucket.
[199月2026 20:14:48.541] [modloading-worker-0/INFO] [Bookshelf/]: Fixing MC-151457. Crafting remainder for minecraft:axolotl_bucket is now minecraft:bucket.
[199月2026 20:14:48.542] [modloading-worker-0/INFO] [Bookshelf/]: Fixing MC-151457. Crafting remainder for minecraft:powder_snow_bucket is now minecraft:bucket.
[199月2026 20:14:48.542] [modloading-worker-0/INFO] [Bookshelf/]: Fixing MC-151457. Crafting remainder for minecraft:tadpole_bucket is now minecraft:bucket.
[199月2026 20:14:48.767] [modloading-worker-0/INFO] [Fowl Play/]: Loading Fowl Play 1.2.3
[199月2026 20:14:48.928] [modloading-worker-0/INFO] [xaero.common.HudMod/]: Loading primary common config for channel xaerominimap:main!
[199月2026 20:14:48.941] [modloading-worker-0/INFO] [Puzzles Lib/]: Constructing common components for hangglider:main
[199月2026 20:14:49.024] [modloading-worker-0/INFO] [xaero.common.HudMod/]: Loading server config profiles for channel xaerominimap:main!
[199月2026 20:14:49.055] [modloading-worker-0/INFO] [xaero.map.WorldMap/]: Registering common data for channel xaeroworldmap:main!
[199月2026 20:14:49.132] [modloading-worker-0/INFO] [xaero.map.WorldMap/]: Loading primary common config for channel xaeroworldmap:main!
[199月2026 20:14:49.169] [modloading-worker-0/INFO] [xaero.map.WorldMap/]: Loading server config profiles for channel xaeroworldmap:main!
[199月2026 20:14:49.239] [modloading-worker-0/INFO] [YetAnotherConfigLib/]: Deserializing FPConfig from 'C:\Users\yushu\Downloads\TerraFirmaGreg-Modern-0.13.10-serverpack\config\fowlplay.json5'
[199月2026 20:14:49.492] [modloading-worker-0/INFO] [dev.architectury.networking.forge.NetworkManagerImpl/]: Registering C2S receiver with id ftblibrary:edit_nbt_response
[199月2026 20:14:49.542] [modloading-worker-0/INFO] [Configuration/FileWatching]: Registered jellies config for auto-sync function
[199月2026 20:14:49.632] [modloading-worker-0/INFO] [dev.architectury.networking.forge.NetworkManagerImpl/]: Registering C2S receiver with id ftbteams:open_gui
[199月2026 20:14:49.657] [modloading-worker-0/INFO] [dev.architectury.networking.forge.NetworkManagerImpl/]: Registering C2S receiver with id ftbteams:update_settings
[199月2026 20:14:49.694] [modloading-worker-0/INFO] [dev.architectury.networking.forge.NetworkManagerImpl/]: Registering C2S receiver with id ftbteams:send_message
[199月2026 20:14:49.712] [modloading-worker-0/INFO] [dev.architectury.networking.forge.NetworkManagerImpl/]: Registering C2S receiver with id pandalib:config_sync
[199月2026 20:14:49.732] [modloading-worker-0/INFO] [dev.architectury.networking.forge.NetworkManagerImpl/]: Registering C2S receiver with id ftbteams:create_party
[199月2026 20:14:49.750] [modloading-worker-0/INFO] [dev.architectury.networking.forge.NetworkManagerImpl/]: Registering C2S receiver with id ftbfiltersystem:sync_filter
[199月2026 20:14:49.759] [modloading-worker-0/INFO] [dev.architectury.networking.forge.NetworkManagerImpl/]: Registering C2S receiver with id ftbteams:player_gui_operation
[199月2026 20:14:49.764] [modloading-worker-0/WARN] [APTweaks(Items)/]: ⚠ The log level for APTweaks(Items) is set to ALL, this will log all debug information and will cause performance issues. This is expected in a developer environment or during large-scale troubleshooting. However, rest assured, to mitigate performance concerns, the debug mode for this module has been automatically adjusted to an info level! If you require debug information, simply use the /aptweaks debug <module> command to re-enable debug mode.
[199月2026 20:14:49.764] [modloading-worker-0/WARN] [APTweaks(Items)/]: Adjusting log level for APTweaks(Items) from ALL to INFO, for performance reasons!
[199月2026 20:14:49.765] [modloading-worker-0/INFO] [APTweaks(Core)/]: Changing log level for APTweaks(Items) from ALL to INFO
[199月2026 20:14:49.769] [modloading-worker-0/INFO] [dev.architectury.networking.forge.NetworkManagerImpl/]: Registering C2S receiver with id showcaser:c2s_share_resource
[199月2026 20:14:49.805] [modloading-worker-0/INFO] [dev.architectury.networking.forge.NetworkManagerImpl/]: Registering C2S receiver with id polylib:container_packet_server
[199月2026 20:14:49.809] [modloading-worker-0/INFO] [APTweaks(Items)/]: Registering Adaptive Performance Tweaks: Items common config ...
[199月2026 20:14:49.811] [modloading-worker-0/INFO] [dev.architectury.networking.forge.NetworkManagerImpl/]: Registering C2S receiver with id polylib:tile_data_server
[199月2026 20:14:49.817] [modloading-worker-0/INFO] [dev.architectury.networking.forge.NetworkManagerImpl/]: Registering C2S receiver with id polylib:tile_packet_server
[199月2026 20:14:49.958] [modloading-worker-0/INFO] [Configuration/FileWatching]: Registered phoenix_chromatic_codes config for auto-sync function
[199月2026 20:14:50.093] [modloading-worker-0/INFO] [net.phoenix.chromatic_codes.api.ChromaticColors/]: Phoenix Colors: Mapping §z to #BF00FF
[199月2026 20:14:50.126] [modloading-worker-0/INFO] [fallingtrees | Config/]: Successfully loaded config 'fallingtrees_common'
[199月2026 20:14:50.137] [modloading-worker-0/INFO] [fallingtrees | Config/]: Successfully saved config 'fallingtrees_common'
[199月2026 20:14:50.157] [modloading-worker-0/INFO] [net.phoenix.chromatic_codes.api.ChromaticColors/]: Phoenix Colors: Mapping §[phoenix] to #BF00FF
[199月2026 20:14:50.176] [modloading-worker-0/INFO] [net.phoenix.chromatic_codes.PhoenixChromaticCodes/]: Phoenix Chromatic: Registering §w with effect wave on font phoenix_chromatic_codes:code_119
[199月2026 20:14:50.176] [modloading-worker-0/INFO] [net.phoenix.chromatic_codes.PhoenixChromaticCodes/]: Phoenix Chromatic: Registering §s with effect shake on font phoenix_chromatic_codes:code_115
[199月2026 20:14:50.176] [modloading-worker-0/INFO] [net.phoenix.chromatic_codes.PhoenixChromaticCodes/]: Phoenix Chromatic: Registering §p with effect pulse on font phoenix_chromatic_codes:code_112
[199月2026 20:14:50.178] [modloading-worker-0/INFO] [net.phoenix.chromatic_codes.PhoenixChromaticCodes/]: Phoenix Chromatic: Registering §* with effect static_rainbow on font phoenix_chromatic_codes:code_42
[199月2026 20:14:50.178] [modloading-worker-0/INFO] [net.phoenix.chromatic_codes.PhoenixChromaticCodes/]: Phoenix Chromatic: Registering §g with effect glitch on font phoenix_chromatic_codes:code_103
[199月2026 20:14:50.180] [modloading-worker-0/INFO] [net.phoenix.chromatic_codes.PhoenixChromaticCodes/]: Phoenix Chromatic: Registering §y with effect none on font phoenix_chromatic_codes:code_121
[199月2026 20:14:50.181] [modloading-worker-0/ERROR] [net.phoenix.chromatic_codes.PhoenixChromaticCodes/]: Could not find movement type: discord. Defaulting to static.
[199月2026 20:14:50.181] [modloading-worker-0/INFO] [net.phoenix.chromatic_codes.PhoenixChromaticCodes/]: Phoenix Chromatic: Registering §^ with effect discord on font phoenix_chromatic_codes:code_94
[199月2026 20:14:50.181] [modloading-worker-0/INFO] [net.phoenix.chromatic_codes.PhoenixChromaticCodes/]: Phoenix Chromatic: Registering §u with effect breath on font phoenix_chromatic_codes:code_117
[199月2026 20:14:50.181] [modloading-worker-0/INFO] [net.phoenix.chromatic_codes.PhoenixChromaticCodes/]: Phoenix Chromatic: Registering §% with effect stretch on font phoenix_chromatic_codes:code_37
[199月2026 20:14:50.183] [modloading-worker-0/INFO] [net.phoenix.chromatic_codes.PhoenixChromaticCodes/]: Phoenix Chromatic: Registering §~ with effect wave on font phoenix_chromatic_codes:code_126
[199月2026 20:14:50.184] [modloading-worker-0/INFO] [net.phoenix.chromatic_codes.PhoenixChromaticCodes/]: Phoenix Chromatic: Registering §[rainbow] with effect wave on font phoenix_chromatic_codes:named_973576630
[199月2026 20:14:50.185] [modloading-worker-0/INFO] [net.phoenix.chromatic_codes.PhoenixChromaticCodes/]: Phoenix Chromatic: Registering §[matrix] with effect glitch on font phoenix_chromatic_codes:named_1081239615
[199月2026 20:14:50.186] [modloading-worker-0/INFO] [net.phoenix.chromatic_codes.api.ChromaticColors/]: Phoenix Colors: Mapping §z to #BF00FF
[199月2026 20:14:50.187] [modloading-worker-0/INFO] [net.phoenix.chromatic_codes.api.ChromaticColors/]: Phoenix Colors: Mapping §[phoenix] to #BF00FF
[199月2026 20:14:50.392] [modloading-worker-0/INFO] [xaero.lib.XaeroLib/]: Registering common data for channel xaerolib:main!
[199月2026 20:14:50.397] [modloading-worker-0/INFO] [KubeJS/]: Loaded common.properties
[199月2026 20:14:50.404] [modloading-worker-0/INFO] [KubeJS/]: Loaded dev.properties
[199月2026 20:14:50.405] [modloading-worker-0/INFO] [xaero.lib.XaeroLib/]: Loading primary common config for channel xaerolib:main!
[199月2026 20:14:50.440] [modloading-worker-0/INFO] [xaero.lib.XaeroLib/]: Loading server config profiles for channel xaerolib:main!
[199月2026 20:14:50.443] [modloading-worker-0/INFO] [dev.architectury.networking.forge.NetworkManagerImpl/]: Registering C2S receiver with id ftbquests:submit_task
[199月2026 20:14:50.493] [modloading-worker-0/INFO] [dev.architectury.networking.forge.NetworkManagerImpl/]: Registering C2S receiver with id ftbquests:claim_reward
[199月2026 20:14:50.524] [modloading-worker-0/INFO] [dev.architectury.networking.forge.NetworkManagerImpl/]: Registering C2S receiver with id ftbquests:get_emergency_items
[199月2026 20:14:50.527] [modloading-worker-0/INFO] [KubeJS/]: Looking for KubeJS plugins...
[199月2026 20:14:50.540] [modloading-worker-0/INFO] [com.simibubi.create.Create/]: Create 6.0.8 initializing! Commit hash: 1a1a9a2819b4f89f78caec41b55ed8cb222fa24b
[199月2026 20:14:50.544] [modloading-worker-0/INFO] [dev.architectury.networking.forge.NetworkManagerImpl/]: Registering C2S receiver with id ftbquests:claim_all_rewards
[199月2026 20:14:50.554] [modloading-worker-0/INFO] [dev.architectury.networking.forge.NetworkManagerImpl/]: Registering C2S receiver with id ftbquests:claim_choice_reward
[199月2026 20:14:50.556] [modloading-worker-0/INFO] [KubeJS/]: Found plugin source kubejs
[199月2026 20:14:50.708] [modloading-worker-0/WARN] [KubeJS/]: Plugin dev.latvian.mods.kubejs.forge.BuiltinKubeJSForgeClientPlugin does not load on server side, skipping
[199月2026 20:14:50.710] [modloading-worker-0/WARN] [KubeJS/]: Plugin dev.latvian.mods.kubejs.integration.forge.gamestages.GameStagesIntegration does not have required mod gamestages loaded, skipping
[199月2026 20:14:50.714] [modloading-worker-0/INFO] [KubeJS/]: Found plugin source ldlib
[199月2026 20:14:50.717] [modloading-worker-0/INFO] [dev.architectury.networking.forge.NetworkManagerImpl/]: Registering C2S receiver with id ftbquests:toggle_pinned
[199月2026 20:14:50.731] [modloading-worker-0/INFO] [Create Deco/]: Registering items for Create Deco
[199月2026 20:14:50.732] [modloading-worker-0/INFO] [KubeJS/]: Found plugin source tfc_textile
[199月2026 20:14:50.766] [modloading-worker-0/INFO] [dev.architectury.networking.forge.NetworkManagerImpl/]: Registering C2S receiver with id ftbquests:toggle_chapter_pinned
[199月2026 20:14:50.767] [modloading-worker-0/INFO] [KubeJS/]: Found plugin source exposure
[199月2026 20:14:50.773] [modloading-worker-0/INFO] [KubeJS/]: Found plugin source tfg
[199月2026 20:14:50.774] [modloading-worker-0/INFO] [KubeJS/]: Found plugin source ftbxmodcompat
[199月2026 20:14:50.786] [modloading-worker-0/INFO] [dev.architectury.networking.forge.NetworkManagerImpl/]: Registering C2S receiver with id ftbquests:toggle_editing_mode
[199月2026 20:14:50.798] [modloading-worker-0/INFO] [dev.architectury.networking.forge.NetworkManagerImpl/]: Registering C2S receiver with id ftbquests:force_save
[199月2026 20:14:50.885] [modloading-worker-0/INFO] [dev.architectury.networking.forge.NetworkManagerImpl/]: Registering C2S receiver with id ftbquests:set_custom_image
[199月2026 20:14:51.044] [modloading-worker-0/INFO] [KubeJS/]: Found plugin source tfcambiental
[199月2026 20:14:51.046] [modloading-worker-0/INFO] [KubeJS/]: Found plugin source taczjs
[199月2026 20:14:51.052] [modloading-worker-0/INFO] [KubeJS/]: Found plugin source aaa_particles
[199月2026 20:14:51.058] [modloading-worker-0/INFO] [KubeJS/]: Found plugin source moldraw
[199月2026 20:14:51.072] [modloading-worker-0/INFO] [KubeJS/]: Found plugin source kubejs_create
[199月2026 20:14:51.110] [modloading-worker-0/INFO] [dev.architectury.networking.forge.NetworkManagerImpl/]: Registering C2S receiver with id ftbquests:task_screen_config_resp
[199月2026 20:14:51.123] [modloading-worker-0/INFO] [dev.architectury.networking.forge.NetworkManagerImpl/]: Registering C2S receiver with id ftbquests:give_item_to_player
[199月2026 20:14:51.137] [modloading-worker-0/INFO] [dev.architectury.networking.forge.NetworkManagerImpl/]: Registering C2S receiver with id ftbquests:reorder_item
[199月2026 20:14:51.152] [modloading-worker-0/INFO] [dev.architectury.networking.forge.NetworkManagerImpl/]: Registering C2S receiver with id ftbquests:change_progress
[199月2026 20:14:51.166] [modloading-worker-0/INFO] [dev.architectury.networking.forge.NetworkManagerImpl/]: Registering C2S receiver with id ftbquests:create_object
[199月2026 20:14:51.191] [modloading-worker-0/INFO] [dev.architectury.networking.forge.NetworkManagerImpl/]: Registering C2S receiver with id ftbquests:create_task_at
[199月2026 20:14:51.201] [modloading-worker-0/INFO] [dev.architectury.networking.forge.NetworkManagerImpl/]: Registering C2S receiver with id ftbquests:delete_object
[199月2026 20:14:51.219] [modloading-worker-0/INFO] [dev.architectury.networking.forge.NetworkManagerImpl/]: Registering C2S receiver with id ftbquests:edit_object
[199月2026 20:14:51.225] [modloading-worker-0/INFO] [Create Deco/]: Registering blocks for Create Deco
[199月2026 20:14:51.241] [modloading-worker-0/INFO] [dev.architectury.networking.forge.NetworkManagerImpl/]: Registering C2S receiver with id ftbquests:move_chapter
[199月2026 20:14:51.262] [modloading-worker-0/INFO] [dev.architectury.networking.forge.NetworkManagerImpl/]: Registering C2S receiver with id ftbquests:move_quest
[199月2026 20:14:51.293] [modloading-worker-0/INFO] [dev.architectury.networking.forge.NetworkManagerImpl/]: Registering C2S receiver with id ftbquests:change_chapter_group
[199月2026 20:14:51.312] [modloading-worker-0/INFO] [dev.architectury.networking.forge.NetworkManagerImpl/]: Registering C2S receiver with id ftbquests:move_chapter_group
[199月2026 20:14:51.345] [modloading-worker-0/INFO] [dev.architectury.networking.forge.NetworkManagerImpl/]: Registering C2S receiver with id ftbquests:copy_quest
[199月2026 20:14:51.369] [modloading-worker-0/INFO] [dev.architectury.networking.forge.NetworkManagerImpl/]: Registering C2S receiver with id ftbquests:copy_chapter_image
[199月2026 20:14:51.380] [modloading-worker-0/INFO] [dev.architectury.networking.forge.NetworkManagerImpl/]: Registering C2S receiver with id ftbquests:sync_structures_request
[199月2026 20:14:51.401] [modloading-worker-0/INFO] [dev.architectury.networking.forge.NetworkManagerImpl/]: Registering C2S receiver with id ftbquests:request_team_data
[199月2026 20:14:52.100] [modloading-worker-0/INFO] [KubeJS/]: Found plugin source vintage_kubejs
[199月2026 20:14:52.114] [modloading-worker-0/INFO] [com.nebby1999.firmacivplus.FirmaCivPlus/]: Enabling FirmaCiv+ArborFirmaCraft cross compat
[199月2026 20:14:52.125] [modloading-worker-0/INFO] [com.nebby1999.firmacivplus.FirmaCivPlus/]: Enabling FirmaCiv+Beneath cross compat
[199月2026 20:14:52.272] [modloading-worker-0/INFO] [dev.thomas.diggerhelmet.DiggerHelmet/]: Curios detected - enabling accessory slot support
[199月2026 20:14:52.309] [modloading-worker-0/INFO] [KubeJS/]: Found plugin source greate
[199月2026 20:14:52.338] [modloading-worker-0/INFO] [KubeJS/]: Found plugin source lootjs
[199月2026 20:14:52.354] [modloading-worker-0/INFO] [KubeJS/]: Found plugin source cucumber
[199月2026 20:14:52.361] [modloading-worker-0/INFO] [KubeJS/]: Found plugin source tacz
[199月2026 20:14:52.362] [modloading-worker-0/INFO] [KubeJS/]: Found plugin source diggerhelmet
[199月2026 20:14:52.366] [modloading-worker-0/INFO] [KubeJS/]: Found plugin source gtceu
[199月2026 20:14:52.581] [modloading-worker-0/INFO] [KubeJS/]: Found plugin source gtceuterminal
[199月2026 20:14:52.589] [modloading-worker-0/INFO] [KubeJS/]: Found plugin source kubejs_tfc
[199月2026 20:14:52.620] [modloading-worker-0/WARN] [KubeJS/]: Plugin com.notenoughmail.kubejs_tfc.addons.precpros.PrecProsPlugin does not have required mod precisionprospecting loaded, skipping
[199月2026 20:14:52.642] [modloading-worker-0/WARN] [KubeJS/]: Plugin com.notenoughmail.kubejs_tfc.addons.entityjs.EntityJSTFCPlugin does not have required mod entityjs loaded, skipping
[199月2026 20:14:52.642] [modloading-worker-0/WARN] [KubeJS/]: Plugin com.notenoughmail.kubejs_tfc.addons.artisanal.ArtisanalPlugin does not have required mod artisanal loaded, skipping
[199月2026 20:14:52.644] [modloading-worker-0/INFO] [KubeJS/]: Done in 2.117 s
[199月2026 20:14:52.843] [modloading-worker-0/INFO] [dev.baechka.playerrevive_compat.PlayerReviveTaCZnSBW/]: PlayerRevive TaCZ/SBW Compatibility mod initializing...
[199月2026 20:14:52.851] [modloading-worker-0/INFO] [dev.baechka.playerrevive_compat.PlayerReviveTaCZnSBW/]: PlayerRevive loaded: true
[199月2026 20:14:52.851] [modloading-worker-0/INFO] [dev.baechka.playerrevive_compat.PlayerReviveTaCZnSBW/]: TaCZ loaded: true
[199月2026 20:14:52.851] [modloading-worker-0/INFO] [dev.baechka.playerrevive_compat.PlayerReviveTaCZnSBW/]: SuperbWarfare loaded: false
[199月2026 20:14:52.852] [modloading-worker-0/INFO] [dev.baechka.playerrevive_compat.PlayerReviveTaCZnSBW/]: Registering TaCZ compatibility handler
[199月2026 20:14:52.950] [modloading-worker-0/INFO] [thedarkcolour.kotlinforforge.test.KotlinForForge/]: Kotlin For Forge Enabled!
[199月2026 20:14:53.018] [modloading-worker-0/INFO] [dev.baechka.playerrevive_compat.PlayerReviveTaCZnSBW/]: TaCZ event handlers registered successfully
[199月2026 20:14:53.018] [modloading-worker-0/INFO] [dev.baechka.playerrevive_compat.PlayerReviveTaCZnSBW/]: Compatibility layer active - players in bleeding state will be unable to shoot
[199月2026 20:14:53.307] [modloading-worker-0/INFO] [Particular Reforged/]: I am quite particular about the effects I choose to add :3
[199月2026 20:14:53.413] [modloading-worker-0/WARN] [APTweaks(Player)/]: ⚠ The log level for APTweaks(Player) is set to ALL, this will log all debug information and will cause performance issues. This is expected in a developer environment or during large-scale troubleshooting. However, rest assured, to mitigate performance concerns, the debug mode for this module has been automatically adjusted to an info level! If you require debug information, simply use the /aptweaks debug <module> command to re-enable debug mode.
[199月2026 20:14:53.413] [modloading-worker-0/WARN] [APTweaks(Player)/]: Adjusting log level for APTweaks(Player) from ALL to INFO, for performance reasons!
[199月2026 20:14:53.414] [modloading-worker-0/INFO] [APTweaks(Core)/]: Changing log level for APTweaks(Player) from ALL to INFO
[199月2026 20:14:53.441] [modloading-worker-0/INFO] [APTweaks(Player)/]: Registering Adaptive Performance Tweaks: Player common config ...
[199月2026 20:14:53.453] [modloading-worker-0/INFO] [dev.architectury.networking.forge.NetworkManagerImpl/]: Registering C2S receiver with id ftbchunks:request_map_data
[199月2026 20:14:53.469] [modloading-worker-0/INFO] [dev.architectury.networking.forge.NetworkManagerImpl/]: Registering C2S receiver with id ftbchunks:share_waypoint
[199月2026 20:14:53.517] [modloading-worker-0/INFO] [dev.architectury.networking.forge.NetworkManagerImpl/]: Registering C2S receiver with id ftbchunks:request_chunk_change
[199月2026 20:14:53.552] [modloading-worker-0/INFO] [dev.architectury.networking.forge.NetworkManagerImpl/]: Registering C2S receiver with id ftbchunks:teleport_from_map
[199月2026 20:14:53.590] [modloading-worker-0/INFO] [dev.architectury.networking.forge.NetworkManagerImpl/]: Registering C2S receiver with id ftbchunks:sync_tx
[199月2026 20:14:53.628] [modloading-worker-0/INFO] [dev.architectury.networking.forge.NetworkManagerImpl/]: Registering C2S receiver with id ftbchunks:update_force_load_expiry
[199月2026 20:14:53.638] [modloading-worker-0/INFO] [dev.architectury.networking.forge.NetworkManagerImpl/]: Registering C2S receiver with id ftbchunks:server_config_request
[199月2026 20:14:53.708] [modloading-worker-0/INFO] [net.creeperhost.ftbbackups.repack.org.quartz.impl.StdSchedulerFactory/]: Using default implementation for ThreadExecutor
[199月2026 20:14:53.883] [modloading-worker-0/INFO] [net.blay09.mods.balm.forge.config.ForgeBalmConfig/]: Registering config for craftingtweaks:common (COMMON) with 7 properties.
[199月2026 20:14:53.973] [modloading-worker-0/INFO] [GregTechCEu/]: GregTechCEu is initializing...
[199月2026 20:14:53.986] [modloading-worker-0/INFO] [net.creeperhost.ftbbackups.repack.org.quartz.core.SchedulerSignalerImpl/]: Initialized Scheduler Signaller of type: class net.creeperhost.ftbbackups.repack.org.quartz.core.SchedulerSignalerImpl
[199月2026 20:14:54.001] [modloading-worker-0/INFO] [net.creeperhost.ftbbackups.repack.org.quartz.core.QuartzScheduler/]: Quartz Scheduler v.2.0.2 created.
[199月2026 20:14:54.043] [modloading-worker-0/INFO] [net.creeperhost.ftbbackups.repack.org.quartz.simpl.RAMJobStore/]: RAMJobStore initialized.
[199月2026 20:14:54.067] [modloading-worker-0/INFO] [AllTheLeaks/]: Method Lcom/gregtechceu/gtceu/api/recipe/ingredient/SizedIngredient;m_43908_()[Lnet/minecraft/world/item/ItemStack; at mixin dev.uncandango.alltheleaks.mixin.core.main.SizedIngredientMixin cancelled due to not matching hash: Actual -1646167567, Expected: [-2032821999]
[199月2026 20:14:54.068] [modloading-worker-0/INFO] [AllTheLeaks/]: Mixin annotation @Lcom/llamalad7/mixinextras/injector/ModifyExpressionValue;(at={@Lorg/spongepowered/asm/mixin/injection/At;(args={}, value="INVOKE", target="Lnet/minecraft/world/item/crafting/Ingredient;m_43908_()[Lnet/minecraft/world/item/ItemStack;")}, method={}, slice={}) at mixin dev.uncandango.alltheleaks.mixin.core.main.SizedIngredientMixin removed due to no methods available
[199月2026 20:14:54.068] [modloading-worker-0/WARN] [mixinsquared-annotation-adjuster/]: Modified mixin "dev.uncandango.alltheleaks.mixin.core.main.SizedIngredientMixin". Check debug logs for more information.
[199月2026 20:14:54.094] [modloading-worker-0/INFO] [net.creeperhost.ftbbackups.repack.org.quartz.core.QuartzScheduler/]: Scheduler meta-data: Quartz Scheduler (v2.0.2) 'ftbbackups2' with instanceId 'NON_CLUSTERED'
  Scheduler class: 'net.creeperhost.ftbbackups.repack.org.quartz.core.QuartzScheduler' - running locally.
  NOT STARTED.
  Currently in standby mode.
  Number of jobs executed: 0
  Using thread pool 'net.creeperhost.ftbbackups.repack.org.quartz.simpl.SimpleThreadPool' - with 1 threads.
  Using job-store 'net.creeperhost.ftbbackups.repack.org.quartz.simpl.RAMJobStore' - which does not support persistence. and is not clustered.

[199月2026 20:14:54.095] [modloading-worker-0/INFO] [net.creeperhost.ftbbackups.repack.org.quartz.impl.StdSchedulerFactory/]: Quartz scheduler 'ftbbackups2' initialized from an externally provided properties instance.
[199月2026 20:14:54.095] [modloading-worker-0/INFO] [net.creeperhost.ftbbackups.repack.org.quartz.impl.StdSchedulerFactory/]: Quartz scheduler version: 2.0.2
[199月2026 20:14:54.228] [modloading-worker-0/INFO] [net.creeperhost.ftbbackups.repack.org.quartz.core.QuartzScheduler/]: Scheduler ftbbackups2_$_NON_CLUSTERED started.
[199月2026 20:14:54.301] [modloading-worker-0/INFO] [Configuration/FileWatching]: Registered gtmutils config for auto-sync function
[199月2026 20:14:54.341] [modloading-worker-0/INFO] [FTB XMod Compat/]: [FTB Quests] Enabled KubeJS integration
[199月2026 20:14:54.371] [modloading-worker-0/INFO] [FTB XMod Compat/]: [FTB Chunks] Enabled KubeJS integration
[199月2026 20:14:54.590] [modloading-worker-0/INFO] [Configuration/FileWatching]: Registered greate config for auto-sync function
[199月2026 20:14:54.626] [modloading-worker-0/INFO] [com.nanaios.applied_ammo_box.AppliedAmmoBox/]: Registering Applied Ammo Box config...
[199月2026 20:14:54.631] [modloading-worker-0/INFO] [com.nanaios.applied_ammo_box.AppliedAmmoBox/]: Registering Applied Ammo Box items...
[199月2026 20:14:54.726] [modloading-worker-0/INFO] [com.nanaios.applied_ammo_box.AppliedAmmoBox/]: Registering Applied Ammo Box creative tabs...
[199月2026 20:14:54.769] [modloading-worker-0/INFO] [Configuration/FileWatching]: Registered gtceu config for auto-sync function
[199月2026 20:14:54.769] [modloading-worker-0/INFO] [dev.architectury.networking.forge.NetworkManagerImpl/]: Registering C2S receiver with id betterp2p:networking_channel/d346b53d48c83a41b1ff2d997dc43be2
[199月2026 20:14:54.803] [modloading-worker-0/INFO] [dev.architectury.networking.forge.NetworkManagerImpl/]: Registering C2S receiver with id betterp2p:networking_channel/b31253ae71a9335d829ad64862dfa507
[199月2026 20:14:54.824] [modloading-worker-0/INFO] [GregTechCEu/]: High-Tier is Disabled.
[199月2026 20:14:54.830] [modloading-worker-0/INFO] [dev.architectury.networking.forge.NetworkManagerImpl/]: Registering C2S receiver with id betterp2p:networking_channel/64144269062b368ea317cfbd48263325
[199月2026 20:14:54.840] [modloading-worker-0/INFO] [com.gtceuterminal.GTCEUTerminalMod/]: Registering GTCEu Terminal creative tabs
[199月2026 20:14:54.857] [modloading-worker-0/INFO] [dev.architectury.networking.forge.NetworkManagerImpl/]: Registering C2S receiver with id betterp2p:networking_channel/34ce19bf355335b3bf3d889e48d9f75c
[199月2026 20:14:54.880] [modloading-worker-0/INFO] [dev.architectury.networking.forge.NetworkManagerImpl/]: Registering C2S receiver with id betterp2p:networking_channel/d7bf4829ebdc3db49445530bd1f71a11
[199月2026 20:14:54.909] [modloading-worker-0/INFO] [dev.architectury.networking.forge.NetworkManagerImpl/]: Registering C2S receiver with id betterp2p:networking_channel/955677494362347abfb80af326569f0a
[199月2026 20:14:54.950] [modloading-worker-0/INFO] [dev.architectury.networking.forge.NetworkManagerImpl/]: Registering C2S receiver with id betterp2p:networking_channel/ae85bfea0aaa3c58b110986bfee2b70c
[199月2026 20:14:55.007] [modloading-worker-0/INFO] [dev.architectury.networking.forge.NetworkManagerImpl/]: Registering C2S receiver with id betterp2p:networking_channel/f955d830b11e3ae080e9966a0e4085ec
[199月2026 20:14:55.035] [modloading-worker-0/INFO] [MEGA Cells/]: Initialised items.
[199月2026 20:14:55.036] [modloading-worker-0/INFO] [dev.architectury.networking.forge.NetworkManagerImpl/]: Registering C2S receiver with id betterp2p:networking_channel/2bc00ad3b8a531dda933f6050b227dc1
[199月2026 20:14:55.201] [modloading-worker-0/INFO] [YetAnotherConfigLib/]: Deserializing YACLConfig from 'C:\Users\yushu\Downloads\TerraFirmaGreg-Modern-0.13.10-serverpack\config\yacl.json5'
[199月2026 20:14:55.206] [modloading-worker-0/INFO] [MEGA Cells/]: Initialised blocks.
[199月2026 20:14:55.235] [modloading-worker-0/INFO] [MEGA Cells/]: Initialised block entities.
[199月2026 20:14:55.242] [modloading-worker-0/INFO] [dev.kondrashka.ccutf8compat.CcUtf8Compat/]: CC UTF-8 Compat loaded
[199月2026 20:14:55.443] [modloading-worker-0/INFO] [wan_ancient_beasts/]: Welcome to Wan Ancient Beasts Mod [1.4.3 for 1.20.1]
[199月2026 20:14:56.408] [modloading-worker-0/INFO] [com.notenoughmail.kubejs_tfc.KubeJSTFC/]: KubeJS TFC configuration:
[199月2026 20:14:56.409] [modloading-worker-0/INFO] [com.notenoughmail.kubejs_tfc.KubeJSTFC/]: - Debug mode enabled: false
[199月2026 20:14:56.409] [modloading-worker-0/INFO] [com.notenoughmail.kubejs_tfc.KubeJSTFC/]: - Self tests console insertion enabled: true
[199月2026 20:14:56.411] [modloading-worker-0/INFO] [com.notenoughmail.kubejs_tfc.KubeJSTFC/]: - Self tests warnings deduplicated: true
[199月2026 20:14:57.332] [modloading-worker-0/ERROR] [net.minecraftforge.fml.loading.RuntimeDistCleaner/DISTXFORM]: Attempted to load class com/mojang/blaze3d/vertex/PoseStack for invalid dist DEDICATED_SERVER
[199月2026 20:14:57.335] [modloading-worker-0/WARN] [Radium Class Analysis/]: Radium Class Analysis Error: Class net.dries007.tfc.common.blocks.JarShelfBlock cannot be analysed, because getting declared methods crashes with RuntimeException: Attempted to load class com/mojang/blaze3d/vertex/PoseStack for invalid dist DEDICATED_SERVER. This is usually caused by modded entities declaring methods that have a return type or parameter type that is annotated with @OnlyIn(Dist.CLIENT). Loading the type is not possible, because it only exists in the CLIENT environment. The recommended fix is to annotate the method with this argument or return type with the same annotation. Lithium handles this error by assuming the class cannot be included in some optimizations.
[199月2026 20:14:57.337] [modloading-worker-0/ERROR] [net.minecraftforge.fml.loading.RuntimeDistCleaner/DISTXFORM]: Attempted to load class com/mojang/blaze3d/vertex/PoseStack for invalid dist DEDICATED_SERVER
[199月2026 20:14:57.340] [modloading-worker-0/WARN] [Radium Class Analysis/]: Radium Class Analysis Error: Class net.dries007.tfc.common.blocks.JarShelfBlock cannot be analysed, because getting declared methods crashes with RuntimeException: Attempted to load class com/mojang/blaze3d/vertex/PoseStack for invalid dist DEDICATED_SERVER. This is usually caused by modded entities declaring methods that have a return type or parameter type that is annotated with @OnlyIn(Dist.CLIENT). Loading the type is not possible, because it only exists in the CLIENT environment. The recommended fix is to annotate the method with this argument or return type with the same annotation. Lithium handles this error by assuming the class cannot be included in some optimizations.
[199月2026 20:14:57.597] [modloading-worker-0/INFO] [com.yision.fluidlogistics.FluidLogistics/]: FluidLogistics initialized!
[199月2026 20:14:58.469] [modloading-worker-0/INFO] [Railways/]: Registered bogey styles from railways
[199月2026 20:14:59.131] [modloading-worker-0/INFO] [Rhino Script Remapper/]: Loading Rhino Minecraft remapper...
[199月2026 20:14:59.142] [modloading-worker-0/INFO] [dev.latvian.mods.rhino.mod.util.RhinoProperties/]: Rhino properties loaded.
[199月2026 20:14:59.153] [modloading-worker-0/INFO] [Rhino Script Remapper/]: Loading mappings for 1.20.1
[199月2026 20:14:59.401] [modloading-worker-0/INFO] [Rhino Script Remapper/]: Done in 0.269 s
[199月2026 20:14:59.698] [modloading-worker-0/INFO] [Railways/]: Registering data fixers
[199月2026 20:14:59.709] [modloading-worker-0/WARN] [Railways/]: Skipping Datafixer Registration due to it being disabled in the config.
[199月2026 20:14:59.722] [modloading-worker-0/INFO] [Railways/MultiRegistryCallback/]: Registering callback for create:track_signal in minecraft:block_entity_type
[199月2026 20:14:59.724] [modloading-worker-0/INFO] [Railways/MultiRegistryCallback/]: Registering callback for railways:track_signal_source in create:display_source
[199月2026 20:14:59.726] [modloading-worker-0/INFO] [Railways/MultiRegistryCallback/]: Registering callback for create:copycat in minecraft:block_entity_type
[199月2026 20:14:59.726] [modloading-worker-0/INFO] [Railways/MultiRegistryCallback/]: Registering callback for railways:conductor_vent in minecraft:block
[199月2026 20:14:59.727] [modloading-worker-0/INFO] [Railways/MultiRegistryCallback/]: Registering callback for create:flywheel in minecraft:block_entity_type
[199月2026 20:14:59.727] [modloading-worker-0/INFO] [Railways/MultiRegistryCallback/]: Registering callback for railways:locometal_flywheel in minecraft:block
[199月2026 20:14:59.727] [modloading-worker-0/INFO] [Railways/MultiRegistryCallback/]: Registering callback for create:sliding_door in minecraft:block_entity_type
[199月2026 20:14:59.728] [modloading-worker-0/INFO] [Railways/MultiRegistryCallback/]: Registering callback for railways:sliding_locometal_door in minecraft:block
[199月2026 20:14:59.728] [modloading-worker-0/INFO] [Railways/MultiRegistryCallback/]: Registering callback for create:sliding_door in minecraft:block_entity_type
[199月2026 20:14:59.728] [modloading-worker-0/INFO] [Railways/MultiRegistryCallback/]: Registering callback for railways:folding_locometal_door in minecraft:block
[199月2026 20:14:59.728] [modloading-worker-0/INFO] [Railways/MultiRegistryCallback/]: Registering callback for create:flywheel in minecraft:block_entity_type
[199月2026 20:14:59.729] [modloading-worker-0/INFO] [Railways/MultiRegistryCallback/]: Registering callback for railways:brown_locometal_flywheel in minecraft:block
[199月2026 20:14:59.729] [modloading-worker-0/INFO] [Railways/MultiRegistryCallback/]: Registering callback for create:sliding_door in minecraft:block_entity_type
[199月2026 20:14:59.729] [modloading-worker-0/INFO] [Railways/MultiRegistryCallback/]: Registering callback for railways:brown_sliding_locometal_door in minecraft:block
[199月2026 20:14:59.729] [modloading-worker-0/INFO] [Railways/MultiRegistryCallback/]: Registering callback for create:sliding_door in minecraft:block_entity_type
[199月2026 20:14:59.730] [modloading-worker-0/INFO] [Railways/MultiRegistryCallback/]: Registering callback for railways:brown_folding_locometal_door in minecraft:block
[199月2026 20:14:59.730] [modloading-worker-0/INFO] [Railways/MultiRegistryCallback/]: Registering callback for create:flywheel in minecraft:block_entity_type
[199月2026 20:14:59.730] [modloading-worker-0/INFO] [Railways/MultiRegistryCallback/]: Registering callback for railways:maroon_locometal_flywheel in minecraft:block
[199月2026 20:14:59.730] [modloading-worker-0/INFO] [Railways/MultiRegistryCallback/]: Registering callback for create:sliding_door in minecraft:block_entity_type
[199月2026 20:14:59.731] [modloading-worker-0/INFO] [Railways/MultiRegistryCallback/]: Registering callback for railways:maroon_sliding_locometal_door in minecraft:block
[199月2026 20:14:59.731] [modloading-worker-0/INFO] [Railways/MultiRegistryCallback/]: Registering callback for create:sliding_door in minecraft:block_entity_type
[199月2026 20:14:59.731] [modloading-worker-0/INFO] [Railways/MultiRegistryCallback/]: Registering callback for railways:maroon_folding_locometal_door in minecraft:block
[199月2026 20:14:59.731] [modloading-worker-0/INFO] [Railways/MultiRegistryCallback/]: Registering callback for create:flywheel in minecraft:block_entity_type
[199月2026 20:14:59.732] [modloading-worker-0/INFO] [Railways/MultiRegistryCallback/]: Registering callback for railways:red_locometal_flywheel in minecraft:block
[199月2026 20:14:59.732] [modloading-worker-0/INFO] [Railways/MultiRegistryCallback/]: Registering callback for create:sliding_door in minecraft:block_entity_type
[199月2026 20:14:59.732] [modloading-worker-0/INFO] [Railways/MultiRegistryCallback/]: Registering callback for railways:red_sliding_locometal_door in minecraft:block
[199月2026 20:14:59.732] [modloading-worker-0/INFO] [Railways/MultiRegistryCallback/]: Registering callback for create:sliding_door in minecraft:block_entity_type
[199月2026 20:14:59.732] [modloading-worker-0/INFO] [Railways/MultiRegistryCallback/]: Registering callback for railways:red_folding_locometal_door in minecraft:block
[199月2026 20:14:59.732] [modloading-worker-0/INFO] [Railways/MultiRegistryCallback/]: Registering callback for create:flywheel in minecraft:block_entity_type
[199月2026 20:14:59.733] [modloading-worker-0/INFO] [Railways/MultiRegistryCallback/]: Registering callback for railways:vermilion_locometal_flywheel in minecraft:block
[199月2026 20:14:59.733] [modloading-worker-0/INFO] [Railways/MultiRegistryCallback/]: Registering callback for create:sliding_door in minecraft:block_entity_type
[199月2026 20:14:59.734] [modloading-worker-0/INFO] [Railways/MultiRegistryCallback/]: Registering callback for railways:vermilion_sliding_locometal_door in minecraft:block
[199月2026 20:14:59.734] [modloading-worker-0/INFO] [Railways/MultiRegistryCallback/]: Registering callback for create:sliding_door in minecraft:block_entity_type
[199月2026 20:14:59.734] [modloading-worker-0/INFO] [Railways/MultiRegistryCallback/]: Registering callback for railways:vermilion_folding_locometal_door in minecraft:block
[199月2026 20:14:59.735] [modloading-worker-0/INFO] [Railways/MultiRegistryCallback/]: Registering callback for create:flywheel in minecraft:block_entity_type
[199月2026 20:14:59.735] [modloading-worker-0/INFO] [Railways/MultiRegistryCallback/]: Registering callback for railways:orange_locometal_flywheel in minecraft:block
[199月2026 20:14:59.735] [modloading-worker-0/INFO] [Railways/MultiRegistryCallback/]: Registering callback for create:sliding_door in minecraft:block_entity_type
[199月2026 20:14:59.736] [modloading-worker-0/INFO] [Railways/MultiRegistryCallback/]: Registering callback for railways:orange_sliding_locometal_door in minecraft:block
[199月2026 20:14:59.736] [modloading-worker-0/INFO] [Railways/MultiRegistryCallback/]: Registering callback for create:sliding_door in minecraft:block_entity_type
[199月2026 20:14:59.736] [modloading-worker-0/INFO] [Railways/MultiRegistryCallback/]: Registering callback for railways:orange_folding_locometal_door in minecraft:block
[199月2026 20:14:59.737] [modloading-worker-0/INFO] [Railways/MultiRegistryCallback/]: Registering callback for create:flywheel in minecraft:block_entity_type
[199月2026 20:14:59.737] [modloading-worker-0/INFO] [Railways/MultiRegistryCallback/]: Registering callback for railways:granite_locometal_flywheel in minecraft:block
[199月2026 20:14:59.737] [modloading-worker-0/INFO] [Railways/MultiRegistryCallback/]: Registering callback for create:sliding_door in minecraft:block_entity_type
[199月2026 20:14:59.737] [modloading-worker-0/INFO] [Railways/MultiRegistryCallback/]: Registering callback for railways:granite_sliding_locometal_door in minecraft:block
[199月2026 20:14:59.738] [modloading-worker-0/INFO] [Railways/MultiRegistryCallback/]: Registering callback for create:sliding_door in minecraft:block_entity_type
[199月2026 20:14:59.738] [modloading-worker-0/INFO] [Railways/MultiRegistryCallback/]: Registering callback for railways:granite_folding_locometal_door in minecraft:block
[199月2026 20:14:59.738] [modloading-worker-0/INFO] [Railways/MultiRegistryCallback/]: Registering callback for create:flywheel in minecraft:block_entity_type
[199月2026 20:14:59.738] [modloading-worker-0/INFO] [Railways/MultiRegistryCallback/]: Registering callback for railways:dripstone_locometal_flywheel in minecraft:block
[199月2026 20:14:59.739] [modloading-worker-0/INFO] [Railways/MultiRegistryCallback/]: Registering callback for create:sliding_door in minecraft:block_entity_type
[199月2026 20:14:59.739] [modloading-worker-0/INFO] [Railways/MultiRegistryCallback/]: Registering callback for railways:dripstone_sliding_locometal_door in minecraft:block
[199月2026 20:14:59.739] [modloading-worker-0/INFO] [Railways/MultiRegistryCallback/]: Registering callback for create:sliding_door in minecraft:block_entity_type
[199月2026 20:14:59.740] [modloading-worker-0/INFO] [Railways/MultiRegistryCallback/]: Registering callback for railways:dripstone_folding_locometal_door in minecraft:block
[199月2026 20:14:59.740] [modloading-worker-0/INFO] [Railways/MultiRegistryCallback/]: Registering callback for create:flywheel in minecraft:block_entity_type
[199月2026 20:14:59.740] [modloading-worker-0/INFO] [Railways/MultiRegistryCallback/]: Registering callback for railways:ochrum_locometal_flywheel in minecraft:block
[199月2026 20:14:59.741] [modloading-worker-0/INFO] [Railways/MultiRegistryCallback/]: Registering callback for create:sliding_door in minecraft:block_entity_type
[199月2026 20:14:59.741] [modloading-worker-0/INFO] [Railways/MultiRegistryCallback/]: Registering callback for railways:ochrum_sliding_locometal_door in minecraft:block
[199月2026 20:14:59.741] [modloading-worker-0/INFO] [Railways/MultiRegistryCallback/]: Registering callback for create:sliding_door in minecraft:block_entity_type
[199月2026 20:14:59.741] [modloading-worker-0/INFO] [Railways/MultiRegistryCallback/]: Registering callback for railways:ochrum_folding_locometal_door in minecraft:block
[199月2026 20:14:59.742] [modloading-worker-0/INFO] [Railways/MultiRegistryCallback/]: Registering callback for create:flywheel in minecraft:block_entity_type
[199月2026 20:14:59.742] [modloading-worker-0/INFO] [Railways/MultiRegistryCallback/]: Registering callback for railways:yellow_locometal_flywheel in minecraft:block
[199月2026 20:14:59.742] [modloading-worker-0/INFO] [Railways/MultiRegistryCallback/]: Registering callback for create:sliding_door in minecraft:block_entity_type
[199月2026 20:14:59.742] [modloading-worker-0/INFO] [Railways/MultiRegistryCallback/]: Registering callback for railways:yellow_sliding_locometal_door in minecraft:block
[199月2026 20:14:59.743] [modloading-worker-0/INFO] [Railways/MultiRegistryCallback/]: Registering callback for create:sliding_door in minecraft:block_entity_type
[199月2026 20:14:59.743] [modloading-worker-0/INFO] [Railways/MultiRegistryCallback/]: Registering callback for railways:yellow_folding_locometal_door in minecraft:block
[199月2026 20:14:59.743] [modloading-worker-0/INFO] [Railways/MultiRegistryCallback/]: Registering callback for create:flywheel in minecraft:block_entity_type
[199月2026 20:14:59.743] [modloading-worker-0/INFO] [Railways/MultiRegistryCallback/]: Registering callback for railways:chartreuse_locometal_flywheel in minecraft:block
[199月2026 20:14:59.744] [modloading-worker-0/INFO] [Railways/MultiRegistryCallback/]: Registering callback for create:sliding_door in minecraft:block_entity_type
[199月2026 20:14:59.744] [modloading-worker-0/INFO] [Railways/MultiRegistryCallback/]: Registering callback for railways:chartreuse_sliding_locometal_door in minecraft:block
[199月2026 20:14:59.744] [modloading-worker-0/INFO] [Railways/MultiRegistryCallback/]: Registering callback for create:sliding_door in minecraft:block_entity_type
[199月2026 20:14:59.744] [modloading-worker-0/INFO] [Railways/MultiRegistryCallback/]: Registering callback for railways:chartreuse_folding_locometal_door in minecraft:block
[199月2026 20:14:59.745] [modloading-worker-0/INFO] [Railways/MultiRegistryCallback/]: Registering callback for create:flywheel in minecraft:block_entity_type
[199月2026 20:14:59.745] [modloading-worker-0/INFO] [Railways/MultiRegistryCallback/]: Registering callback for railways:olive_green_locometal_flywheel in minecraft:block
[199月2026 20:14:59.745] [modloading-worker-0/INFO] [Railways/MultiRegistryCallback/]: Registering callback for create:sliding_door in minecraft:block_entity_type
[199月2026 20:14:59.746] [modloading-worker-0/INFO] [Railways/MultiRegistryCallback/]: Registering callback for railways:olive_green_sliding_locometal_door in minecraft:block
[199月2026 20:14:59.746] [modloading-worker-0/INFO] [Railways/MultiRegistryCallback/]: Registering callback for create:sliding_door in minecraft:block_entity_type
[199月2026 20:14:59.746] [modloading-worker-0/INFO] [Railways/MultiRegistryCallback/]: Registering callback for railways:olive_green_folding_locometal_door in minecraft:block
[199月2026 20:14:59.747] [modloading-worker-0/INFO] [Railways/MultiRegistryCallback/]: Registering callback for create:flywheel in minecraft:block_entity_type
[199月2026 20:14:59.747] [modloading-worker-0/INFO] [Railways/MultiRegistryCallback/]: Registering callback for railways:lime_locometal_flywheel in minecraft:block
[199月2026 20:14:59.748] [modloading-worker-0/INFO] [Railways/MultiRegistryCallback/]: Registering callback for create:sliding_door in minecraft:block_entity_type
[199月2026 20:14:59.748] [modloading-worker-0/INFO] [Railways/MultiRegistryCallback/]: Registering callback for railways:lime_sliding_locometal_door in minecraft:block
[199月2026 20:14:59.749] [modloading-worker-0/INFO] [Railways/MultiRegistryCallback/]: Registering callback for create:sliding_door in minecraft:block_entity_type
[199月2026 20:14:59.749] [modloading-worker-0/INFO] [Railways/MultiRegistryCallback/]: Registering callback for railways:lime_folding_locometal_door in minecraft:block
[199月2026 20:14:59.750] [modloading-worker-0/INFO] [Railways/MultiRegistryCallback/]: Registering callback for create:flywheel in minecraft:block_entity_type
[199月2026 20:14:59.750] [modloading-worker-0/INFO] [Railways/MultiRegistryCallback/]: Registering callback for railways:green_locometal_flywheel in minecraft:block
[199月2026 20:14:59.751] [modloading-worker-0/INFO] [Railways/MultiRegistryCallback/]: Registering callback for create:sliding_door in minecraft:block_entity_type
[199月2026 20:14:59.751] [modloading-worker-0/INFO] [Railways/MultiRegistryCallback/]: Registering callback for railways:green_sliding_locometal_door in minecraft:block
[199月2026 20:14:59.751] [modloading-worker-0/INFO] [Railways/MultiRegistryCallback/]: Registering callback for create:sliding_door in minecraft:block_entity_type
[199月2026 20:14:59.751] [modloading-worker-0/INFO] [Railways/MultiRegistryCallback/]: Registering callback for railways:green_folding_locometal_door in minecraft:block
[199月2026 20:14:59.751] [modloading-worker-0/INFO] [Railways/MultiRegistryCallback/]: Registering callback for create:flywheel in minecraft:block_entity_type
[199月2026 20:14:59.752] [modloading-worker-0/INFO] [Railways/MultiRegistryCallback/]: Registering callback for railways:pine_green_locometal_flywheel in minecraft:block
[199月2026 20:14:59.752] [modloading-worker-0/INFO] [Railways/MultiRegistryCallback/]: Registering callback for create:sliding_door in minecraft:block_entity_type
[199月2026 20:14:59.752] [modloading-worker-0/INFO] [Railways/MultiRegistryCallback/]: Registering callback for railways:pine_green_sliding_locometal_door in minecraft:block
[199月2026 20:14:59.752] [modloading-worker-0/INFO] [Railways/MultiRegistryCallback/]: Registering callback for create:sliding_door in minecraft:block_entity_type
[199月2026 20:14:59.752] [modloading-worker-0/INFO] [Railways/MultiRegistryCallback/]: Registering callback for railways:pine_green_folding_locometal_door in minecraft:block
[199月2026 20:14:59.752] [modloading-worker-0/INFO] [Railways/MultiRegistryCallback/]: Registering callback for create:flywheel in minecraft:block_entity_type
[199月2026 20:14:59.754] [modloading-worker-0/INFO] [Railways/MultiRegistryCallback/]: Registering callback for railways:cyan_locometal_flywheel in minecraft:block
[199月2026 20:14:59.754] [modloading-worker-0/INFO] [Railways/MultiRegistryCallback/]: Registering callback for create:sliding_door in minecraft:block_entity_type
[199月2026 20:14:59.754] [modloading-worker-0/INFO] [Railways/MultiRegistryCallback/]: Registering callback for railways:cyan_sliding_locometal_door in minecraft:block
[199月2026 20:14:59.754] [modloading-worker-0/INFO] [Railways/MultiRegistryCallback/]: Registering callback for create:sliding_door in minecraft:block_entity_type
[199月2026 20:14:59.754] [modloading-worker-0/INFO] [Railways/MultiRegistryCallback/]: Registering callback for railways:cyan_folding_locometal_door in minecraft:block
[199月2026 20:14:59.754] [modloading-worker-0/INFO] [Railways/MultiRegistryCallback/]: Registering callback for create:flywheel in minecraft:block_entity_type
[199月2026 20:14:59.756] [modloading-worker-0/INFO] [Railways/MultiRegistryCallback/]: Registering callback for railways:sea_green_locometal_flywheel in minecraft:block
[199月2026 20:14:59.756] [modloading-worker-0/INFO] [Railways/MultiRegistryCallback/]: Registering callback for create:sliding_door in minecraft:block_entity_type
[199月2026 20:14:59.756] [modloading-worker-0/INFO] [Railways/MultiRegistryCallback/]: Registering callback for railways:sea_green_sliding_locometal_door in minecraft:block
[199月2026 20:14:59.756] [modloading-worker-0/INFO] [Railways/MultiRegistryCallback/]: Registering callback for create:sliding_door in minecraft:block_entity_type
[199月2026 20:14:59.756] [modloading-worker-0/INFO] [Railways/MultiRegistryCallback/]: Registering callback for railways:sea_green_folding_locometal_door in minecraft:block
[199月2026 20:14:59.756] [modloading-worker-0/INFO] [Railways/MultiRegistryCallback/]: Registering callback for create:flywheel in minecraft:block_entity_type
[199月2026 20:14:59.756] [modloading-worker-0/INFO] [Railways/MultiRegistryCallback/]: Registering callback for railways:turquoise_locometal_flywheel in minecraft:block
[199月2026 20:14:59.757] [modloading-worker-0/INFO] [Railways/MultiRegistryCallback/]: Registering callback for create:sliding_door in minecraft:block_entity_type
[199月2026 20:14:59.757] [modloading-worker-0/INFO] [Railways/MultiRegistryCallback/]: Registering callback for railways:turquoise_sliding_locometal_door in minecraft:block
[199月2026 20:14:59.757] [modloading-worker-0/INFO] [Railways/MultiRegistryCallback/]: Registering callback for create:sliding_door in minecraft:block_entity_type
[199月2026 20:14:59.757] [modloading-worker-0/INFO] [Railways/MultiRegistryCallback/]: Registering callback for railways:turquoise_folding_locometal_door in minecraft:block
[199月2026 20:14:59.757] [modloading-worker-0/INFO] [Railways/MultiRegistryCallback/]: Registering callback for create:flywheel in minecraft:block_entity_type
[199月2026 20:14:59.757] [modloading-worker-0/INFO] [Railways/MultiRegistryCallback/]: Registering callback for railways:light_blue_locometal_flywheel in minecraft:block
[199月2026 20:14:59.758] [modloading-worker-0/INFO] [Railways/MultiRegistryCallback/]: Registering callback for create:sliding_door in minecraft:block_entity_type
[199月2026 20:14:59.758] [modloading-worker-0/INFO] [Railways/MultiRegistryCallback/]: Registering callback for railways:light_blue_sliding_locometal_door in minecraft:block
[199月2026 20:14:59.758] [modloading-worker-0/INFO] [Railways/MultiRegistryCallback/]: Registering callback for create:sliding_door in minecraft:block_entity_type
[199月2026 20:14:59.758] [modloading-worker-0/INFO] [Railways/MultiRegistryCallback/]: Registering callback for railways:light_blue_folding_locometal_door in minecraft:block
[199月2026 20:14:59.758] [modloading-worker-0/INFO] [Railways/MultiRegistryCallback/]: Registering callback for create:flywheel in minecraft:block_entity_type
[199月2026 20:14:59.758] [modloading-worker-0/INFO] [Railways/MultiRegistryCallback/]: Registering callback for railways:blue_locometal_flywheel in minecraft:block
[199月2026 20:14:59.758] [modloading-worker-0/INFO] [Railways/MultiRegistryCallback/]: Registering callback for create:sliding_door in minecraft:block_entity_type
[199月2026 20:14:59.759] [modloading-worker-0/INFO] [Railways/MultiRegistryCallback/]: Registering callback for railways:blue_sliding_locometal_door in minecraft:block
[199月2026 20:14:59.759] [modloading-worker-0/INFO] [Railways/MultiRegistryCallback/]: Registering callback for create:sliding_door in minecraft:block_entity_type
[199月2026 20:14:59.759] [modloading-worker-0/INFO] [Railways/MultiRegistryCallback/]: Registering callback for railways:blue_folding_locometal_door in minecraft:block
[199月2026 20:14:59.759] [modloading-worker-0/INFO] [Railways/MultiRegistryCallback/]: Registering callback for create:flywheel in minecraft:block_entity_type
[199月2026 20:14:59.759] [modloading-worker-0/INFO] [Railways/MultiRegistryCallback/]: Registering callback for railways:royal_blue_locometal_flywheel in minecraft:block
[199月2026 20:14:59.760] [modloading-worker-0/INFO] [Railways/MultiRegistryCallback/]: Registering callback for create:sliding_door in minecraft:block_entity_type
[199月2026 20:14:59.760] [modloading-worker-0/INFO] [Railways/MultiRegistryCallback/]: Registering callback for railways:royal_blue_sliding_locometal_door in minecraft:block
[199月2026 20:14:59.760] [modloading-worker-0/INFO] [Railways/MultiRegistryCallback/]: Registering callback for create:sliding_door in minecraft:block_entity_type
[199月2026 20:14:59.760] [modloading-worker-0/INFO] [Railways/MultiRegistryCallback/]: Registering callback for railways:royal_blue_folding_locometal_door in minecraft:block
[199月2026 20:14:59.760] [modloading-worker-0/INFO] [Railways/MultiRegistryCallback/]: Registering callback for create:flywheel in minecraft:block_entity_type
[199月2026 20:14:59.761] [modloading-worker-0/INFO] [Railways/MultiRegistryCallback/]: Registering callback for railways:purple_locometal_flywheel in minecraft:block
[199月2026 20:14:59.761] [modloading-worker-0/INFO] [Railways/MultiRegistryCallback/]: Registering callback for create:sliding_door in minecraft:block_entity_type
[199月2026 20:14:59.761] [modloading-worker-0/INFO] [Railways/MultiRegistryCallback/]: Registering callback for railways:purple_sliding_locometal_door in minecraft:block
[199月2026 20:14:59.761] [modloading-worker-0/INFO] [Railways/MultiRegistryCallback/]: Registering callback for create:sliding_door in minecraft:block_entity_type
[199月2026 20:14:59.761] [modloading-worker-0/INFO] [Railways/MultiRegistryCallback/]: Registering callback for railways:purple_folding_locometal_door in minecraft:block
[199月2026 20:14:59.761] [modloading-worker-0/INFO] [Railways/MultiRegistryCallback/]: Registering callback for create:flywheel in minecraft:block_entity_type
[199月2026 20:14:59.762] [modloading-worker-0/INFO] [Railways/MultiRegistryCallback/]: Registering callback for railways:magenta_locometal_flywheel in minecraft:block
[199月2026 20:14:59.762] [modloading-worker-0/INFO] [Railways/MultiRegistryCallback/]: Registering callback for create:sliding_door in minecraft:block_entity_type
[199月2026 20:14:59.762] [modloading-worker-0/INFO] [Railways/MultiRegistryCallback/]: Registering callback for railways:magenta_sliding_locometal_door in minecraft:block
[199月2026 20:14:59.762] [modloading-worker-0/INFO] [Railways/MultiRegistryCallback/]: Registering callback for create:sliding_door in minecraft:block_entity_type
[199月2026 20:14:59.762] [modloading-worker-0/INFO] [Railways/MultiRegistryCallback/]: Registering callback for railways:magenta_folding_locometal_door in minecraft:block
[199月2026 20:14:59.763] [modloading-worker-0/INFO] [Railways/MultiRegistryCallback/]: Registering callback for create:flywheel in minecraft:block_entity_type
[199月2026 20:14:59.763] [modloading-worker-0/INFO] [Railways/MultiRegistryCallback/]: Registering callback for railways:pink_locometal_flywheel in minecraft:block
[199月2026 20:14:59.763] [modloading-worker-0/INFO] [Railways/MultiRegistryCallback/]: Registering callback for create:sliding_door in minecraft:block_entity_type
[199月2026 20:14:59.763] [modloading-worker-0/INFO] [Railways/MultiRegistryCallback/]: Registering callback for railways:pink_sliding_locometal_door in minecraft:block
[199月2026 20:14:59.763] [modloading-worker-0/INFO] [Railways/MultiRegistryCallback/]: Registering callback for create:sliding_door in minecraft:block_entity_type
[199月2026 20:14:59.763] [modloading-worker-0/INFO] [Railways/MultiRegistryCallback/]: Registering callback for railways:pink_folding_locometal_door in minecraft:block
[199月2026 20:14:59.763] [modloading-worker-0/INFO] [Railways/MultiRegistryCallback/]: Registering callback for create:flywheel in minecraft:block_entity_type
[199月2026 20:14:59.763] [modloading-worker-0/INFO] [Railways/MultiRegistryCallback/]: Registering callback for railways:white_locometal_flywheel in minecraft:block
[199月2026 20:14:59.764] [modloading-worker-0/INFO] [Railways/MultiRegistryCallback/]: Registering callback for create:sliding_door in minecraft:block_entity_type
[199月2026 20:14:59.764] [modloading-worker-0/INFO] [Railways/MultiRegistryCallback/]: Registering callback for railways:white_sliding_locometal_door in minecraft:block
[199月2026 20:14:59.764] [modloading-worker-0/INFO] [Railways/MultiRegistryCallback/]: Registering callback for create:sliding_door in minecraft:block_entity_type
[199月2026 20:14:59.764] [modloading-worker-0/INFO] [Railways/MultiRegistryCallback/]: Registering callback for railways:white_folding_locometal_door in minecraft:block
[199月2026 20:14:59.765] [modloading-worker-0/INFO] [Railways/MultiRegistryCallback/]: Registering callback for create:flywheel in minecraft:block_entity_type
[199月2026 20:14:59.765] [modloading-worker-0/INFO] [Railways/MultiRegistryCallback/]: Registering callback for railways:diorite_locometal_flywheel in minecraft:block
[199月2026 20:14:59.765] [modloading-worker-0/INFO] [Railways/MultiRegistryCallback/]: Registering callback for create:sliding_door in minecraft:block_entity_type
[199月2026 20:14:59.765] [modloading-worker-0/INFO] [Railways/MultiRegistryCallback/]: Registering callback for railways:diorite_sliding_locometal_door in minecraft:block
[199月2026 20:14:59.765] [modloading-worker-0/INFO] [Railways/MultiRegistryCallback/]: Registering callback for create:sliding_door in minecraft:block_entity_type
[199月2026 20:14:59.765] [modloading-worker-0/INFO] [Railways/MultiRegistryCallback/]: Registering callback for railways:diorite_folding_locometal_door in minecraft:block
[199月2026 20:14:59.766] [modloading-worker-0/INFO] [Railways/MultiRegistryCallback/]: Registering callback for create:flywheel in minecraft:block_entity_type
[199月2026 20:14:59.766] [modloading-worker-0/INFO] [Railways/MultiRegistryCallback/]: Registering callback for railways:limestone_locometal_flywheel in minecraft:block
[199月2026 20:14:59.766] [modloading-worker-0/INFO] [Railways/MultiRegistryCallback/]: Registering callback for create:sliding_door in minecraft:block_entity_type
[199月2026 20:14:59.766] [modloading-worker-0/INFO] [Railways/MultiRegistryCallback/]: Registering callback for railways:limestone_sliding_locometal_door in minecraft:block
[199月2026 20:14:59.766] [modloading-worker-0/INFO] [Railways/MultiRegistryCallback/]: Registering callback for create:sliding_door in minecraft:block_entity_type
[199月2026 20:14:59.766] [modloading-worker-0/INFO] [Railways/MultiRegistryCallback/]: Registering callback for railways:limestone_folding_locometal_door in minecraft:block
[199月2026 20:14:59.766] [modloading-worker-0/INFO] [Railways/MultiRegistryCallback/]: Registering callback for create:flywheel in minecraft:block_entity_type
[199月2026 20:14:59.768] [modloading-worker-0/INFO] [Railways/MultiRegistryCallback/]: Registering callback for railways:light_gray_locometal_flywheel in minecraft:block
[199月2026 20:14:59.768] [modloading-worker-0/INFO] [Railways/MultiRegistryCallback/]: Registering callback for create:sliding_door in minecraft:block_entity_type
[199月2026 20:14:59.768] [modloading-worker-0/INFO] [Railways/MultiRegistryCallback/]: Registering callback for railways:light_gray_sliding_locometal_door in minecraft:block
[199月2026 20:14:59.768] [modloading-worker-0/INFO] [Railways/MultiRegistryCallback/]: Registering callback for create:sliding_door in minecraft:block_entity_type
[199月2026 20:14:59.768] [modloading-worker-0/INFO] [Railways/MultiRegistryCallback/]: Registering callback for railways:light_gray_folding_locometal_door in minecraft:block
[199月2026 20:14:59.768] [modloading-worker-0/INFO] [Railways/MultiRegistryCallback/]: Registering callback for create:flywheel in minecraft:block_entity_type
[199月2026 20:14:59.768] [modloading-worker-0/INFO] [Railways/MultiRegistryCallback/]: Registering callback for railways:tuff_locometal_flywheel in minecraft:block
[199月2026 20:14:59.768] [modloading-worker-0/INFO] [Railways/MultiRegistryCallback/]: Registering callback for create:sliding_door in minecraft:block_entity_type
[199月2026 20:14:59.769] [modloading-worker-0/INFO] [Railways/MultiRegistryCallback/]: Registering callback for railways:tuff_sliding_locometal_door in minecraft:block
[199月2026 20:14:59.769] [modloading-worker-0/INFO] [Railways/MultiRegistryCallback/]: Registering callback for create:sliding_door in minecraft:block_entity_type
[199月2026 20:14:59.769] [modloading-worker-0/INFO] [Railways/MultiRegistryCallback/]: Registering callback for railways:tuff_folding_locometal_door in minecraft:block
[199月2026 20:14:59.769] [modloading-worker-0/INFO] [Railways/MultiRegistryCallback/]: Registering callback for create:flywheel in minecraft:block_entity_type
[199月2026 20:14:59.769] [modloading-worker-0/INFO] [Railways/MultiRegistryCallback/]: Registering callback for railways:gray_locometal_flywheel in minecraft:block
[199月2026 20:14:59.769] [modloading-worker-0/INFO] [Railways/MultiRegistryCallback/]: Registering callback for create:sliding_door in minecraft:block_entity_type
[199月2026 20:14:59.770] [modloading-worker-0/INFO] [Railways/MultiRegistryCallback/]: Registering callback for railways:gray_sliding_locometal_door in minecraft:block
[199月2026 20:14:59.770] [modloading-worker-0/INFO] [Railways/MultiRegistryCallback/]: Registering callback for create:sliding_door in minecraft:block_entity_type
[199月2026 20:14:59.770] [modloading-worker-0/INFO] [Railways/MultiRegistryCallback/]: Registering callback for railways:gray_folding_locometal_door in minecraft:block
[199月2026 20:14:59.770] [modloading-worker-0/INFO] [Railways/MultiRegistryCallback/]: Registering callback for create:flywheel in minecraft:block_entity_type
[199月2026 20:14:59.770] [modloading-worker-0/INFO] [Railways/MultiRegistryCallback/]: Registering callback for railways:scorchia_locometal_flywheel in minecraft:block
[199月2026 20:14:59.771] [modloading-worker-0/INFO] [Railways/MultiRegistryCallback/]: Registering callback for create:sliding_door in minecraft:block_entity_type
[199月2026 20:14:59.771] [modloading-worker-0/INFO] [Railways/MultiRegistryCallback/]: Registering callback for railways:scorchia_sliding_locometal_door in minecraft:block
[199月2026 20:14:59.772] [modloading-worker-0/INFO] [Railways/MultiRegistryCallback/]: Registering callback for create:sliding_door in minecraft:block_entity_type
[199月2026 20:14:59.772] [modloading-worker-0/INFO] [Railways/MultiRegistryCallback/]: Registering callback for railways:scorchia_folding_locometal_door in minecraft:block
[199月2026 20:14:59.773] [modloading-worker-0/INFO] [Railways/MultiRegistryCallback/]: Registering callback for create:flywheel in minecraft:block_entity_type
[199月2026 20:14:59.773] [modloading-worker-0/INFO] [Railways/MultiRegistryCallback/]: Registering callback for railways:black_locometal_flywheel in minecraft:block
[199月2026 20:14:59.773] [modloading-worker-0/INFO] [Railways/MultiRegistryCallback/]: Registering callback for create:sliding_door in minecraft:block_entity_type
[199月2026 20:14:59.773] [modloading-worker-0/INFO] [Railways/MultiRegistryCallback/]: Registering callback for railways:black_sliding_locometal_door in minecraft:block
[199月2026 20:14:59.773] [modloading-worker-0/INFO] [Railways/MultiRegistryCallback/]: Registering callback for create:sliding_door in minecraft:block_entity_type
[199月2026 20:14:59.773] [modloading-worker-0/INFO] [Railways/MultiRegistryCallback/]: Registering callback for railways:black_folding_locometal_door in minecraft:block
[199月2026 20:14:59.807] [modloading-worker-0/INFO] [Railways/]: Registering tracks for Hex Casting
[199月2026 20:14:59.811] [modloading-worker-0/INFO] [Railways/]: Registering tracks for Oh The Biomes You'll Go
[199月2026 20:14:59.814] [modloading-worker-0/INFO] [Railways/]: Registering tracks for Blue Skies
[199月2026 20:14:59.818] [modloading-worker-0/INFO] [Railways/]: Registering tracks for Twilight Forest
[199月2026 20:14:59.824] [modloading-worker-0/INFO] [Railways/]: Registering tracks for Biomes O' Plenty
[199月2026 20:14:59.826] [modloading-worker-0/INFO] [Railways/]: Registering tracks for Nature's Spirit
[199月2026 20:14:59.829] [modloading-worker-0/INFO] [Railways/]: Registering tracks for Dreams and Desires
[199月2026 20:14:59.832] [modloading-worker-0/INFO] [Railways/]: Registering tracks for Quark
[199月2026 20:14:59.837] [modloading-worker-0/INFO] [Railways/]: Registering tracks for TerraFirmaCraft
[199月2026 20:15:00.722] [modloading-worker-0/INFO] [mixin/]: Mixing common.MixinServerStatus from mixins/common/nochatreports.mixins.json into net.minecraft.network.protocol.status.ServerStatus
[199月2026 20:15:00.903] [modloading-worker-0/ERROR] [net.minecraftforge.fml.loading.RuntimeDistCleaner/DISTXFORM]: Attempted to load class net/minecraft/client/gui/GuiGraphics for invalid dist DEDICATED_SERVER
[199月2026 20:15:00.906] [modloading-worker-0/INFO] [STDERR/]: [dev.latvian.mods.rhino.JavaMembers:getDeclaredMethodsSafe:836]: [Rhino] Failed to get declared methods for com.lowdragmc.lowdraglib.gui.widget.PhantomFluidWidget: java.lang.RuntimeException: Attempted to load class net/minecraft/client/gui/GuiGraphics for invalid dist DEDICATED_SERVER
[199月2026 20:15:00.950] [modloading-worker-0/ERROR] [net.minecraftforge.fml.loading.RuntimeDistCleaner/DISTXFORM]: Attempted to load class com/lowdragmc/lowdraglib/client/scene/WorldSceneRenderer for invalid dist DEDICATED_SERVER
[199月2026 20:15:00.951] [modloading-worker-0/INFO] [STDERR/]: [dev.latvian.mods.rhino.JavaMembers:getDeclaredMethodsSafe:836]: [Rhino] Failed to get declared methods for com.lowdragmc.lowdraglib.gui.widget.SceneWidget: java.lang.RuntimeException: Attempted to load class com/lowdragmc/lowdraglib/client/scene/WorldSceneRenderer for invalid dist DEDICATED_SERVER
[199月2026 20:15:00.976] [modloading-worker-0/ERROR] [net.minecraftforge.fml.loading.RuntimeDistCleaner/DISTXFORM]: Attempted to load class net/minecraft/client/gui/Font for invalid dist DEDICATED_SERVER
[199月2026 20:15:00.978] [modloading-worker-0/INFO] [STDERR/]: [dev.latvian.mods.rhino.JavaMembers:getDeclaredMethodsSafe:836]: [Rhino] Failed to get declared methods for com.lowdragmc.lowdraglib.gui.widget.codeeditor.CodeEditorWidget: java.lang.RuntimeException: Attempted to load class net/minecraft/client/gui/Font for invalid dist DEDICATED_SERVER
[199月2026 20:15:01.352] [modloading-worker-0/INFO] [STDERR/]: [dev.latvian.mods.rhino.JavaMembers:getDeclaredMethodsSafe:836]: [Rhino] Failed to get declared methods for com.gregtechceu.gtceu.common.data.GTMaterialBlocks: java.lang.NoClassDefFoundError: net/minecraft/client/color/item/ItemColor
[199月2026 20:15:01.383] [modloading-worker-0/INFO] [STDERR/]: [dev.latvian.mods.rhino.JavaMembers:getDeclaredMethodsSafe:836]: [Rhino] Failed to get declared methods for com.gregtechceu.gtceu.common.data.GTItems: java.lang.NoClassDefFoundError: net/minecraft/client/renderer/item/ItemPropertyFunction
[199月2026 20:15:01.391] [modloading-worker-0/INFO] [STDERR/]: [dev.latvian.mods.rhino.JavaMembers:getDeclaredMethodsSafe:836]: [Rhino] Failed to get declared methods for com.gregtechceu.gtceu.common.data.GTMaterialItems: java.lang.NoClassDefFoundError: net/minecraft/client/color/item/ItemColor
[199月2026 20:15:01.805] [modloading-worker-0/INFO] [KubeJS Startup/]: Loaded script startup_scripts:main_startup_script.js in 0.102 s
[199月2026 20:15:01.882] [modloading-worker-0/INFO] [KubeJS Startup/]: Loaded script startup_scripts:tfg/food/constants.food.js in 0.075 s
[199月2026 20:15:01.887] [modloading-worker-0/INFO] [KubeJS Startup/]: Loaded script startup_scripts:ad_astra/modifications.js in 0.003 s
[199月2026 20:15:01.889] [modloading-worker-0/INFO] [KubeJS Startup/]: Loaded script startup_scripts:ae2/materials.js in 0.001 s
[199月2026 20:15:01.891] [modloading-worker-0/INFO] [KubeJS Startup/]: Loaded script startup_scripts:ae2/tag_prefixes.js in 0.001 s
[199月2026 20:15:01.893] [modloading-worker-0/INFO] [KubeJS Startup/]: Loaded script startup_scripts:beneath/modifications.js in 0.0 s
[199月2026 20:15:01.894] [modloading-worker-0/INFO] [KubeJS Startup/]: Loaded script startup_scripts:create/creative_tab.js in 0.001 s
[199月2026 20:15:01.898] [modloading-worker-0/INFO] [KubeJS Startup/]: Loaded script startup_scripts:create/materials.js in 0.003 s
[199月2026 20:15:01.902] [modloading-worker-0/INFO] [KubeJS Startup/]: Loaded script startup_scripts:create/modifications.js in 0.001 s
[199月2026 20:15:01.904] [modloading-worker-0/INFO] [KubeJS Startup/]: Loaded script startup_scripts:createdeco/constants.js in 0.001 s
[199月2026 20:15:01.905] [modloading-worker-0/INFO] [KubeJS Startup/]: Loaded script startup_scripts:firmaciv/modifications.js in 0.0 s
[199月2026 20:15:01.907] [modloading-worker-0/INFO] [KubeJS Startup/]: Loaded script startup_scripts:firmalife/modifications.js in 0.001 s
[199月2026 20:15:01.911] [modloading-worker-0/INFO] [KubeJS Startup/]: Loaded script startup_scripts:greate/materials.js in 0.003 s
[199月2026 20:15:01.912] [modloading-worker-0/INFO] [KubeJS Startup/]: Loaded script startup_scripts:greate/material_modification.js in 0.001 s
[199月2026 20:15:01.930] [modloading-worker-0/INFO] [KubeJS Startup/]: Loaded script startup_scripts:gtceu/machines.js in 0.017 s
[199月2026 20:15:01.935] [modloading-worker-0/INFO] [KubeJS Startup/]: Loaded script startup_scripts:gtceu/modifications.js in 0.003 s
[199月2026 20:15:01.937] [modloading-worker-0/INFO] [KubeJS Startup/]: Loaded script startup_scripts:gtceu/recipe_types.js in 0.0 s
[199月2026 20:15:01.941] [modloading-worker-0/INFO] [KubeJS Startup/]: Loaded script startup_scripts:gtceu/tag_prefixes.js in 0.004 s
[199月2026 20:15:01.943] [modloading-worker-0/INFO] [KubeJS Startup/]: Loaded script startup_scripts:macaws_for_tfc/creative_tab.js in 0.001 s
[199月2026 20:15:01.946] [modloading-worker-0/INFO] [KubeJS Startup/]: Loaded script startup_scripts:minecraft/modifications.js in 0.002 s
[199月2026 20:15:01.946] [modloading-worker-0/INFO] [KubeJS Startup/]: Loaded script startup_scripts:rnr/creative_tab.js in 0.0 s
[199月2026 20:15:01.948] [modloading-worker-0/INFO] [KubeJS Startup/]: Loaded script startup_scripts:sacksnsuch/modifications.js in 0.0 s
[199月2026 20:15:01.949] [modloading-worker-0/INFO] [KubeJS Startup/]: Loaded script startup_scripts:species/modifications.js in 0.001 s
[199月2026 20:15:01.954] [modloading-worker-0/INFO] [KubeJS Startup/]: Loaded script startup_scripts:tfc/item_stack_modifiers.js in 0.002 s
[199月2026 20:15:01.957] [modloading-worker-0/INFO] [KubeJS Startup/]: Loaded script startup_scripts:tfctextile/creative_tab.js in 0.001 s
[199月2026 20:15:01.958] [modloading-worker-0/INFO] [KubeJS Startup/]: Loaded script startup_scripts:tfg/aquaponics/items.aquaponics.js in 0.001 s
[199月2026 20:15:01.959] [modloading-worker-0/INFO] [KubeJS Startup/]: Loaded script startup_scripts:tfg/aquaponics/materials.aquaponics.js in 0.0 s
[199月2026 20:15:01.961] [modloading-worker-0/INFO] [KubeJS Startup/]: Loaded script startup_scripts:tfg/beneath/blocks.beneath.js in 0.001 s
[199月2026 20:15:01.963] [modloading-worker-0/INFO] [KubeJS Startup/]: Loaded script startup_scripts:tfg/beneath/materials.beneath.js in 0.0 s
[199月2026 20:15:01.964] [modloading-worker-0/INFO] [KubeJS Startup/]: Loaded script startup_scripts:tfg/biotech/items.biotech.js in 0.0 s
[199月2026 20:15:01.966] [modloading-worker-0/INFO] [KubeJS Startup/]: Loaded script startup_scripts:tfg/biotech/materials.bioline.js in 0.001 s
[199月2026 20:15:01.973] [modloading-worker-0/INFO] [KubeJS Startup/]: Loaded script startup_scripts:tfg/blocks.crops.js in 0.006 s
[199月2026 20:15:01.976] [modloading-worker-0/INFO] [KubeJS Startup/]: Loaded script startup_scripts:tfg/blocks.js in 0.0 s
[199月2026 20:15:01.977] [modloading-worker-0/INFO] [KubeJS Startup/]: Loaded script startup_scripts:tfg/crafting_components.js in 0.001 s
[199月2026 20:15:01.982] [modloading-worker-0/INFO] [KubeJS Startup/]: Loaded script startup_scripts:tfg/dimension_markers.js in 0.003 s
[199月2026 20:15:01.985] [modloading-worker-0/INFO] [KubeJS Startup/]: Loaded script startup_scripts:tfg/element.js in 0.001 s
[199月2026 20:15:01.986] [modloading-worker-0/INFO] [KubeJS Startup/]: Loaded script startup_scripts:tfg/equipment/items.weapons.js in 0.0 s
[199月2026 20:15:01.987] [modloading-worker-0/INFO] [KubeJS Startup/]: Loaded script startup_scripts:tfg/europa/blocks.europa_deco.js in 0.001 s
[199月2026 20:15:01.988] [modloading-worker-0/INFO] [KubeJS Startup/]: Loaded script startup_scripts:tfg/europa/materials.europa.js in 0.0 s
[199月2026 20:15:01.989] [modloading-worker-0/INFO] [KubeJS Startup/]: Loaded script startup_scripts:tfg/fluids.js in 0.001 s
[199月2026 20:15:01.992] [modloading-worker-0/INFO] [KubeJS Startup/]: Loaded script startup_scripts:tfg/food/fluids.food.js in 0.001 s
[199月2026 20:15:01.998] [modloading-worker-0/INFO] [KubeJS Startup/]: Loaded script startup_scripts:tfg/food/items.food.js in 0.005 s
[199月2026 20:15:02.001] [modloading-worker-0/INFO] [KubeJS Startup/]: Loaded script startup_scripts:tfg/food/materials.food.js in 0.002 s
[199月2026 20:15:02.008] [modloading-worker-0/INFO] [KubeJS Startup/]: Loaded script startup_scripts:tfg/icon_sets.js in 0.005 s
[199月2026 20:15:02.009] [modloading-worker-0/INFO] [KubeJS Startup/]: Loaded script startup_scripts:tfg/items.aircraft.js in 0.001 s
[199月2026 20:15:02.011] [modloading-worker-0/INFO] [KubeJS Startup/]: Loaded script startup_scripts:tfg/items.asphalt_road.js in 0.0 s
[199月2026 20:15:02.013] [modloading-worker-0/INFO] [KubeJS Startup/]: Loaded script startup_scripts:tfg/items.js in 0.001 s
[199月2026 20:15:02.017] [modloading-worker-0/INFO] [KubeJS Startup/]: Loaded script startup_scripts:tfg/mars/blocks.mars_deco.js in 0.003 s
[199月2026 20:15:02.019] [modloading-worker-0/INFO] [KubeJS Startup/]: Loaded script startup_scripts:tfg/mars/blocks.trees.js in 0.001 s
[199月2026 20:15:02.021] [modloading-worker-0/INFO] [KubeJS Startup/]: Loaded script startup_scripts:tfg/mars/materials.mars.js in 0.001 s
[199月2026 20:15:02.023] [modloading-worker-0/INFO] [KubeJS Startup/]: Loaded script startup_scripts:tfg/materials/materials.alumina.js in 0.0 s
[199月2026 20:15:02.024] [modloading-worker-0/INFO] [KubeJS Startup/]: Loaded script startup_scripts:tfg/materials/materials.bakelite.js in 0.0 s
[199月2026 20:15:02.026] [modloading-worker-0/INFO] [KubeJS Startup/]: Loaded script startup_scripts:tfg/materials/materials.boules.js in 0.001 s
[199月2026 20:15:02.028] [modloading-worker-0/INFO] [KubeJS Startup/]: Loaded script startup_scripts:tfg/materials/materials.coils.js in 0.001 s
[199月2026 20:15:02.029] [modloading-worker-0/INFO] [KubeJS Startup/]: Loaded script startup_scripts:tfg/materials/materials.etching.js in 0.001 s
[199月2026 20:15:02.031] [modloading-worker-0/INFO] [KubeJS Startup/]: Loaded script startup_scripts:tfg/materials/materials.garnet_sand.js in 0.001 s
[199月2026 20:15:02.036] [modloading-worker-0/INFO] [KubeJS Startup/]: Loaded script startup_scripts:tfg/materials/materials.gem_slurries.js in 0.003 s
[199月2026 20:15:02.038] [modloading-worker-0/INFO] [KubeJS Startup/]: Loaded script startup_scripts:tfg/materials/materials.misc_alloys.js in 0.001 s
[199月2026 20:15:02.039] [modloading-worker-0/INFO] [KubeJS Startup/]: Loaded script startup_scripts:tfg/materials/materials.power_rework.js in 0.001 s
[199月2026 20:15:02.042] [modloading-worker-0/INFO] [KubeJS Startup/]: Loaded script startup_scripts:tfg/materials/materials.refrigerants.js in 0.0 s
[199月2026 20:15:02.046] [modloading-worker-0/INFO] [KubeJS Startup/]: Loaded script startup_scripts:tfg/materials/materials.rotors.js in 0.002 s
[199月2026 20:15:02.048] [modloading-worker-0/INFO] [KubeJS Startup/]: Loaded script startup_scripts:tfg/materials/materials.solders.js in 0.001 s
[199月2026 20:15:02.051] [modloading-worker-0/INFO] [KubeJS Startup/]: Loaded script startup_scripts:tfg/materials/materials.tungsten.js in 0.0 s
[199月2026 20:15:02.052] [modloading-worker-0/INFO] [KubeJS Startup/]: Loaded script startup_scripts:tfg/materials/materials.zirconium.js in 0.001 s
[199月2026 20:15:02.057] [modloading-worker-0/INFO] [KubeJS Startup/]: Loaded script startup_scripts:tfg/materials/material_modification.colors.js in 0.003 s
[199月2026 20:15:02.060] [modloading-worker-0/INFO] [KubeJS Startup/]: Loaded script startup_scripts:tfg/materials/material_modification.components.js in 0.002 s
[199月2026 20:15:02.067] [modloading-worker-0/INFO] [KubeJS Startup/]: Loaded script startup_scripts:tfg/materials/material_modification.flags.js in 0.006 s
[199月2026 20:15:02.070] [modloading-worker-0/INFO] [KubeJS Startup/]: Loaded script startup_scripts:tfg/materials/material_modification.fluids.js in 0.002 s
[199月2026 20:15:02.073] [modloading-worker-0/INFO] [KubeJS Startup/]: Loaded script startup_scripts:tfg/materials/material_modification.ores.js in 0.001 s
[199月2026 20:15:02.077] [modloading-worker-0/INFO] [KubeJS Startup/]: Loaded script startup_scripts:tfg/materials/material_modification.properties.js in 0.003 s
[199月2026 20:15:02.081] [modloading-worker-0/INFO] [KubeJS Startup/]: Loaded script startup_scripts:tfg/materials/material_modification.tfc.js in 0.002 s
[199月2026 20:15:02.093] [modloading-worker-0/INFO] [KubeJS Startup/]: Loaded script startup_scripts:tfg/materials/material_modification.tools.js in 0.011 s
[199月2026 20:15:02.096] [modloading-worker-0/INFO] [KubeJS Startup/]: Loaded script startup_scripts:tfg/materials.js in 0.0 s
[199月2026 20:15:02.098] [modloading-worker-0/INFO] [KubeJS Startup/]: Loaded script startup_scripts:tfg/material_modification.js in 0.0 s
[199月2026 20:15:02.101] [modloading-worker-0/INFO] [KubeJS Startup/]: Loaded script startup_scripts:tfg/modifications.js in 0.0 s
[199月2026 20:15:02.103] [modloading-worker-0/INFO] [KubeJS Startup/]: Loaded script startup_scripts:tfg/moon/blocks.moon_deco.js in 0.001 s
[199月2026 20:15:02.107] [modloading-worker-0/INFO] [KubeJS Startup/]: Loaded script startup_scripts:tfg/moon/materials.moon.js in 0.003 s
[199月2026 20:15:02.109] [modloading-worker-0/INFO] [KubeJS Startup/]: Loaded script startup_scripts:tfg/nuclear/blocks.nuclear.js in 0.0 s
[199月2026 20:15:02.111] [modloading-worker-0/INFO] [KubeJS Startup/]: Loaded script startup_scripts:tfg/nuclear/items.nuclear.js in 0.0 s
[199月2026 20:15:02.114] [modloading-worker-0/INFO] [KubeJS Startup/]: Loaded script startup_scripts:tfg/nuclear/machine.js in 0.002 s
[199月2026 20:15:02.137] [modloading-worker-0/INFO] [KubeJS Startup/]: tfg/nuclear/materials.nuclear.js#551: Loaded Java class 'fi.dea.mc.deafission.common.data.items.FuelCellItem'
[199月2026 20:15:02.146] [modloading-worker-0/INFO] [KubeJS Startup/]: tfg/nuclear/materials.nuclear.js#552: Loaded Java class 'fi.dea.mc.deafission.common.data.items.DepletedFuelCellItem'
[199月2026 20:15:02.147] [modloading-worker-0/INFO] [KubeJS Startup/]: Loaded script startup_scripts:tfg/nuclear/materials.nuclear.js in 0.033 s
[199月2026 20:15:02.149] [modloading-worker-0/INFO] [KubeJS Startup/]: Loaded script startup_scripts:tfg/nuclear/materials.smr_additives.js in 0.0 s
[199月2026 20:15:02.151] [modloading-worker-0/INFO] [KubeJS Startup/]: Loaded script startup_scripts:tfg/primitive/blocks.cloth.js in 0.0 s
[199月2026 20:15:02.153] [modloading-worker-0/INFO] [KubeJS Startup/]: Loaded script startup_scripts:tfg/primitive/blocks.glass.js in 0.0 s
[199月2026 20:15:02.154] [modloading-worker-0/INFO] [KubeJS Startup/]: Loaded script startup_scripts:tfg/primitive/blocks.mud_bricks.js in 0.0 s
[199月2026 20:15:02.157] [modloading-worker-0/INFO] [KubeJS Startup/]: Loaded script startup_scripts:tfg/primitive/blocks.supports.js in 0.002 s
[199月2026 20:15:02.160] [modloading-worker-0/INFO] [KubeJS Startup/]: Loaded script startup_scripts:tfg/primitive/blocks.vases.js in 0.001 s
[199月2026 20:15:02.163] [modloading-worker-0/INFO] [KubeJS Startup/]: Loaded script startup_scripts:tfg/primitive/blocks.wood.js in 0.002 s
[199月2026 20:15:02.167] [modloading-worker-0/INFO] [KubeJS Startup/]: Loaded script startup_scripts:tfg/primitive/items.primitive.js in 0.003 s
[199月2026 20:15:02.170] [modloading-worker-0/INFO] [KubeJS Startup/]: Loaded script startup_scripts:tfg/primitive/materials.primitive.js in 0.001 s
[199月2026 20:15:02.171] [modloading-worker-0/INFO] [KubeJS Startup/]: Loaded script startup_scripts:tfg/sounds.js in 0.0 s
[199月2026 20:15:02.173] [modloading-worker-0/INFO] [KubeJS Startup/]: Loaded script startup_scripts:tfg/space_general/items.space.js in 0.0 s
[199月2026 20:15:02.175] [modloading-worker-0/INFO] [KubeJS Startup/]: Loaded script startup_scripts:tfg/space_general/materials.rockets.js in 0.001 s
[199月2026 20:15:02.181] [modloading-worker-0/INFO] [KubeJS Startup/]: Loaded script startup_scripts:tfg/stone_types/blocks.rocks.js in 0.004 s
[199月2026 20:15:02.184] [modloading-worker-0/INFO] [KubeJS Startup/]: Loaded script startup_scripts:tfg/stone_types/items.rocks.js in 0.0 s
[199月2026 20:15:02.188] [modloading-worker-0/INFO] [KubeJS Startup/]: Loaded script startup_scripts:tfg/stone_types/materials.rocks.js in 0.002 s
[199月2026 20:15:02.194] [modloading-worker-0/INFO] [KubeJS Startup/]: Loaded script startup_scripts:tfg/stone_types/tag_prefixes.rocks.js in 0.004 s
[199月2026 20:15:02.201] [modloading-worker-0/INFO] [KubeJS Startup/]: Loaded script startup_scripts:tfg/tag_prefixes.js in 0.005 s
[199月2026 20:15:02.212] [modloading-worker-0/INFO] [KubeJS Startup/]: Loaded script startup_scripts:tfg/venus/blocks.venus_deco.js in 0.008 s
[199月2026 20:15:02.215] [modloading-worker-0/INFO] [KubeJS Startup/]: Loaded script startup_scripts:tfg/venus/materials.venus.js in 0.001 s
[199月2026 20:15:02.218] [modloading-worker-0/INFO] [KubeJS Startup/]: Loaded script startup_scripts:tfg/worldgen/blocks.earth_deco.js in 0.001 s
[199月2026 20:15:02.221] [modloading-worker-0/INFO] [KubeJS Startup/]: Loaded script startup_scripts:tfg/worldgen/fauna.js in 0.001 s
[199月2026 20:15:02.223] [modloading-worker-0/INFO] [KubeJS Startup/]: Loaded script startup_scripts:tfg/worldgen/items.wood.js in 0.001 s
[199月2026 20:15:02.243] [modloading-worker-0/INFO] [KubeJS Startup/]: tfg/worldgen/register_climates.js#4: Loaded Java class 'net.dries007.tfc.util.calendar.ICalendar'
[199月2026 20:15:02.253] [modloading-worker-0/INFO] [KubeJS Startup/]: tfg/worldgen/register_climates.js#5: Loaded Java class 'net.dries007.tfc.world.chunkdata.LerpFloatLayer'
[199月2026 20:15:02.258] [modloading-worker-0/INFO] [KubeJS Startup/]: Loaded script startup_scripts:tfg/worldgen/register_climates.js in 0.033 s
[199月2026 20:15:02.260] [modloading-worker-0/INFO] [KubeJS Startup/]: Loaded script startup_scripts:tfg/worldgen/rock_layers.js in 0.001 s
[199月2026 20:15:02.262] [modloading-worker-0/INFO] [KubeJS Startup/]: Loaded script startup_scripts:tfg/worldgen/utility.js in 0.0 s
[199月2026 20:15:02.314] [modloading-worker-0/INFO] [KubeJS Startup/]: Loaded script startup_scripts:tfg/stone_types/constants.rocks.js in 0.05 s
[199月2026 20:15:02.319] [modloading-worker-0/INFO] [KubeJS Startup/]: Loaded script startup_scripts:ad_astra/constants.js in 0.001 s
[199月2026 20:15:02.323] [modloading-worker-0/INFO] [KubeJS Startup/]: Loaded script startup_scripts:ae2/constants.js in 0.001 s
[199月2026 20:15:02.325] [modloading-worker-0/INFO] [KubeJS Startup/]: Loaded script startup_scripts:afc/constants.js in 0.001 s
[199月2026 20:15:02.328] [modloading-worker-0/INFO] [KubeJS Startup/]: Loaded script startup_scripts:arthropocolypse/constants.js in 0.001 s
[199月2026 20:15:02.330] [modloading-worker-0/INFO] [KubeJS Startup/]: Loaded script startup_scripts:beneath/constants.js in 0.0 s
[199月2026 20:15:02.332] [modloading-worker-0/INFO] [KubeJS Startup/]: Loaded script startup_scripts:computer_craft/constants.js in 0.0 s
[199月2026 20:15:02.334] [modloading-worker-0/INFO] [KubeJS Startup/]: Loaded script startup_scripts:crafting_station/constants.js in 0.001 s
[199月2026 20:15:02.336] [modloading-worker-0/INFO] [KubeJS Startup/]: Loaded script startup_scripts:create_connected/constants.js in 0.001 s
[199月2026 20:15:02.338] [modloading-worker-0/INFO] [KubeJS Startup/]: Loaded script startup_scripts:domum_ornamentum/constants.js in 0.0 s
[199月2026 20:15:02.339] [modloading-worker-0/INFO] [KubeJS Startup/]: Loaded script startup_scripts:firmalife/constants.js in 0.0 s
[199月2026 20:15:02.341] [modloading-worker-0/INFO] [KubeJS Startup/]: Loaded script startup_scripts:framedblocks/constants.js in 0.0 s
[199月2026 20:15:02.344] [modloading-worker-0/INFO] [KubeJS Startup/]: Loaded script startup_scripts:greate/constants.js in 0.001 s
[199月2026 20:15:02.348] [modloading-worker-0/INFO] [KubeJS Startup/]: Loaded script startup_scripts:gtceu/constants.js in 0.002 s
[199月2026 20:15:02.351] [modloading-worker-0/INFO] [KubeJS Startup/]: Loaded script startup_scripts:minecraft/constants.js in 0.0 s
[199月2026 20:15:02.354] [modloading-worker-0/INFO] [KubeJS Startup/]: Loaded script startup_scripts:railways/constants.js in 0.0 s
[199月2026 20:15:02.355] [modloading-worker-0/INFO] [KubeJS Startup/]: Loaded script startup_scripts:soulbind/constants.js in 0.0 s
[199月2026 20:15:02.358] [modloading-worker-0/INFO] [KubeJS Startup/]: Loaded script startup_scripts:tacz/constants.js in 0.001 s
[199月2026 20:15:02.362] [modloading-worker-0/INFO] [KubeJS Startup/]: Loaded script startup_scripts:tfc/constants.js in 0.003 s
[199月2026 20:15:02.366] [modloading-worker-0/INFO] [KubeJS Startup/]: Loaded script startup_scripts:tfg/constants.js in 0.001 s
[199月2026 20:15:02.368] [modloading-worker-0/INFO] [KubeJS Startup/]: Loaded script startup_scripts:vintage_improvements/constants.js in 0.0 s
[199月2026 20:15:02.370] [modloading-worker-0/INFO] [KubeJS Startup/]: Loaded script startup_scripts:wan_ancient_beasts/constants.js in 0.001 s
[199月2026 20:15:02.389] [FTB Backups Config Watcher 0/INFO] [net.creeperhost.ftbbackups.FTBBackups/]: Config at C:\Users\yushu\Downloads\TerraFirmaGreg-Modern-0.13.10-serverpack\config\ftbbackups2.json has changed, reloaded!
[199月2026 20:15:02.392] [modloading-worker-0/INFO] [KubeJS Startup/]: Loaded 128/128 KubeJS startup scripts in 2.969 s with 0 errors and 0 warnings
[199月2026 20:15:02.873] [modloading-worker-0/INFO] [KubeJS Startup/]: tfg/blocks.crops.js#20: Loaded Java class 'net.dries007.tfc.common.blockentities.FarmlandBlockEntity'
[199月2026 20:15:21.618] [modloading-worker-0/INFO] [dev.architectury.networking.forge.NetworkManagerImpl/]: Registering C2S receiver with id kubejs:send_data_from_client
[199月2026 20:15:21.622] [modloading-worker-0/INFO] [dev.architectury.networking.forge.NetworkManagerImpl/]: Registering C2S receiver with id kubejs:first_click
[199月2026 20:15:21.654] [main/INFO] [GregTechCEu/]: GTCEu common proxy init!
[199月2026 20:15:21.810] [main/INFO] [GregTechCEu/]: Registering material registries
[199月2026 20:15:21.825] [main/INFO] [GregTechCEu/]: Registering GTCEu Materials
[199月2026 20:15:22.119] [main/INFO] [GregTechCEu/]: Registering addon Materials
[199月2026 20:15:22.135] [main/INFO] [KubeJS Startup/]: greate/materials.js#6: Loaded Java class 'electrolyte.greate.content.gtceu.material.BeltProperty'
[199月2026 20:15:22.136] [main/INFO] [KubeJS Startup/]: greate/materials.js#7: Loaded Java class 'electrolyte.greate.registry.GreateMaterials'
[199月2026 20:15:22.136] [main/INFO] [KubeJS Startup/]: greate/materials.js#8: Loaded Java class 'electrolyte.greate.content.gtceu.material.GreatePropertyKeys'
[199月2026 20:15:22.142] [main/INFO] [KubeJS Startup/]: tfg/materials.js#6: Loaded Java class 'com.gregtechceu.gtceu.api.data.chemical.material.properties.BlastProperty'
[199月2026 20:15:22.250] [main/WARN] [GregTechCEu/]: unknown is not a known Material
[199月2026 20:15:22.253] [main/WARN] [GregTechCEu/]: Material material.tfg.weak_steel does not have required property blast for flag disable_alloy_blast!
[199月2026 20:15:23.239] [main/WARN] [GregTechCEu/]: Material material.greate.rose_quartz does not have required property ore for flag high_sifter_output!
[199月2026 20:15:23.241] [main/INFO] [KubeJS Startup/]: tfg/materials/material_modification.tfc.js#6: Loaded Java class 'su.terrafirmagreg.core.common.tfgt.material.property.TFCProperty'
[199月2026 20:15:23.260] [main/INFO] [KubeJS Startup/]: tfg/materials/material_modification.flags.js#5: Loaded Java class 'com.gregtechceu.gtceu.api.data.chemical.material.info.MaterialFlags'
[199月2026 20:15:23.264] [main/WARN] [GregTechCEu/]: Material material.gtceu.wood does not have required property ingot for flag generate_small_gear!
[199月2026 20:15:23.266] [main/WARN] [GregTechCEu/]: Material material.gtceu.zirconium does not have required property ingot for flag generate_fine_wire!
[199月2026 20:15:23.266] [main/WARN] [GregTechCEu/]: Material material.gtceu.zirconium does not have required property ingot for flag generate_foil!
[199月2026 20:15:23.266] [main/WARN] [GregTechCEu/]: Material material.gtceu.zirconium does not have required property dust for flag generate_plate!
[199月2026 20:15:23.266] [main/WARN] [GregTechCEu/]: Material material.gtceu.zirconium does not have required property dust for flag no_ore_smelting!
[199月2026 20:15:23.266] [main/WARN] [GregTechCEu/]: Material material.gtceu.zirconium does not have required property dust for flag generate_plate!
[199月2026 20:15:23.266] [main/WARN] [GregTechCEu/]: Material material.gtceu.zirconium does not have required property dust for flag generate_dense!
[199月2026 20:15:23.266] [main/WARN] [GregTechCEu/]: Material material.gtceu.zirconium does not have required property dust for flag generate_plate!
[199月2026 20:15:23.274] [main/INFO] [KubeJS Startup/]: tfg/materials/material_modification.ores.js#5: Loaded Java class 'com.gregtechceu.gtceu.api.data.chemical.material.properties.OreProperty'
[199月2026 20:15:23.278] [main/INFO] [KubeJS Startup/]: tfg/materials/material_modification.properties.js#5: Loaded Java class 'com.gregtechceu.gtceu.api.data.chemical.material.properties.DustProperty'
[199月2026 20:15:23.279] [main/INFO] [KubeJS Startup/]: tfg/materials/material_modification.properties.js#6: Loaded Java class 'com.gregtechceu.gtceu.api.data.chemical.material.properties.IngotProperty'
[199月2026 20:15:23.280] [main/INFO] [KubeJS Startup/]: tfg/materials/material_modification.properties.js#8: Loaded Java class 'com.gregtechceu.gtceu.api.data.chemical.material.properties.ItemPipeProperties'
[199月2026 20:15:23.281] [main/INFO] [KubeJS Startup/]: tfg/materials/material_modification.properties.js#9: Loaded Java class 'com.gregtechceu.gtceu.api.data.chemical.material.properties.FluidPipeProperties'
[199月2026 20:15:23.281] [main/INFO] [KubeJS Startup/]: tfg/materials/material_modification.properties.js#10: Loaded Java class 'com.gregtechceu.gtceu.api.data.chemical.material.properties.HazardProperty'
[199月2026 20:15:23.282] [main/INFO] [KubeJS Startup/]: tfg/materials/material_modification.properties.js#11: Loaded Java class 'su.terrafirmagreg.core.common.data.tfgt.TFGMedicalConditions'
[199月2026 20:15:23.292] [main/INFO] [KubeJS Startup/]: tfg/materials/material_modification.tools.js#5: Loaded Java class 'com.gregtechceu.gtceu.api.data.chemical.material.properties.RotorProperty'
[199月2026 20:15:23.293] [main/INFO] [KubeJS Startup/]: tfg/materials/material_modification.tools.js#18: Loaded Java class 'com.gregtechceu.gtceu.api.item.tool.GTToolType'
[199月2026 20:15:23.314] [main/INFO] [KubeJS Startup/]: tfg/materials/material_modification.fluids.js#5: Loaded Java class 'com.gregtechceu.gtceu.api.data.chemical.material.properties.FluidProperty'
[199月2026 20:15:23.315] [main/INFO] [KubeJS Startup/]: tfg/materials/material_modification.fluids.js#6: Loaded Java class 'com.gregtechceu.gtceu.api.fluids.store.FluidStorageKeys'
[199月2026 20:15:23.324] [main/INFO] [KubeJS Startup/]: ae2/tag_prefixes.js#5: Loaded Java class 'appeng.core.definitions.AEBlocks'
[199月2026 20:15:23.326] [main/INFO] [KubeJS Startup/]: ae2/tag_prefixes.js#6: Loaded Java class 'appeng.core.definitions.AEItems'
[199月2026 20:15:23.330] [main/INFO] [KubeJS Startup/]: gtceu/tag_prefixes.js#6: Loaded Java class 'net.minecraft.tags.TagKey'
[199月2026 20:15:23.331] [main/INFO] [KubeJS Startup/]: gtceu/tag_prefixes.js#7: Loaded Java class 'net.minecraftforge.registries.ForgeRegistries'
[199月2026 20:15:23.331] [main/INFO] [KubeJS Startup/]: gtceu/tag_prefixes.js#8: Loaded Java class 'net.minecraft.resources.ResourceLocation'
[199月2026 20:15:24.179] [main/WARN] [GregTechCEu/]: FluidStorageKey{gtceu:liquid} already has an associated fluid for material tfg:weak_red_steel
[199月2026 20:15:24.191] [main/WARN] [GregTechCEu/]: FluidStorageKey{gtceu:liquid} already has an associated fluid for material tfg:weak_blue_steel
[199月2026 20:15:24.198] [main/WARN] [GregTechCEu/]: FluidStorageKey{gtceu:liquid} already has an associated fluid for material tfg:weak_steel
[199月2026 20:15:24.211] [main/WARN] [GregTechCEu/]: FluidStorageKey{gtceu:liquid} already has an associated fluid for material gtceu:cyan_dye
[199月2026 20:15:24.226] [main/WARN] [GregTechCEu/]: FluidStorageKey{gtceu:liquid} already has an associated fluid for material gtceu:black_dye
[199月2026 20:15:24.228] [main/WARN] [GregTechCEu/]: FluidStorageKey{gtceu:liquid} already has an associated fluid for material gtceu:gray_dye
[199月2026 20:15:24.230] [main/WARN] [GregTechCEu/]: FluidStorageKey{gtceu:liquid} already has an associated fluid for material gtceu:magenta_dye
[199月2026 20:15:24.238] [main/WARN] [GregTechCEu/]: FluidStorageKey{gtceu:liquid} already has an associated fluid for material gtceu:light_gray_dye
[199月2026 20:15:24.241] [main/WARN] [GregTechCEu/]: FluidStorageKey{gtceu:liquid} already has an associated fluid for material gtceu:brown_dye
[199月2026 20:15:24.243] [main/WARN] [GregTechCEu/]: FluidStorageKey{gtceu:liquid} already has an associated fluid for material gtceu:lime_dye
[199月2026 20:15:24.245] [main/WARN] [GregTechCEu/]: FluidStorageKey{gtceu:liquid} already has an associated fluid for material gtceu:green_dye
[199月2026 20:15:24.250] [main/WARN] [GregTechCEu/]: FluidStorageKey{gtceu:liquid} already has an associated fluid for material gtceu:yellow_dye
[199月2026 20:15:24.252] [main/WARN] [GregTechCEu/]: FluidStorageKey{gtceu:liquid} already has an associated fluid for material gtceu:purple_dye
[199月2026 20:15:24.254] [main/WARN] [GregTechCEu/]: FluidStorageKey{gtceu:liquid} already has an associated fluid for material gtceu:red_dye
[199月2026 20:15:24.258] [main/WARN] [GregTechCEu/]: FluidStorageKey{gtceu:liquid} already has an associated fluid for material gtceu:orange_dye
[199月2026 20:15:24.263] [main/WARN] [GregTechCEu/]: FluidStorageKey{gtceu:liquid} already has an associated fluid for material gtceu:lava
[199月2026 20:15:24.316] [main/WARN] [GregTechCEu/]: FluidStorageKey{gtceu:liquid} already has an associated fluid for material gtceu:white_dye
[199月2026 20:15:24.317] [main/WARN] [GregTechCEu/]: FluidStorageKey{gtceu:liquid} already has an associated fluid for material gtceu:pink_dye
[199月2026 20:15:24.323] [main/WARN] [GregTechCEu/]: FluidStorageKey{gtceu:liquid} already has an associated fluid for material gtceu:water
[199月2026 20:15:24.331] [main/WARN] [GregTechCEu/]: FluidStorageKey{gtceu:liquid} already has an associated fluid for material gtceu:light_blue_dye
[199月2026 20:15:24.332] [main/WARN] [GregTechCEu/]: FluidStorageKey{gtceu:liquid} already has an associated fluid for material gtceu:milk
[199月2026 20:15:24.338] [main/WARN] [GregTechCEu/]: FluidStorageKey{gtceu:liquid} already has an associated fluid for material gtceu:blue_dye
[199月2026 20:15:24.479] [main/INFO] [KubeJS Startup/]: gtceu/recipe_types.js#2: Loaded Java class 'com.gregtechceu.gtceu.api.capability.recipe.IO'
[199月2026 20:15:25.402] [main/INFO] [KubeJS Startup/]: gtceu/machines.js#5: Loaded Java class 'com.gregtechceu.gtceu.api.machine.multiblock.CoilWorkableElectricMultiblockMachine'
[199月2026 20:15:25.404] [main/INFO] [KubeJS Startup/]: gtceu/machines.js#6: Loaded Java class 'dev.latvian.mods.kubejs.util.Tags'
[199月2026 20:15:25.412] [main/INFO] [KubeJS Startup/]: tfg/nuclear/machine.js#5: Loaded Java class 'fi.dea.mc.deafission.core.c2.fr.FrComponents'
[199月2026 20:15:25.413] [main/INFO] [KubeJS Startup/]: tfg/nuclear/machine.js#6: Loaded Java class 'fi.dea.mc.deafission.core.ReactorBaseStats'
[199月2026 20:15:25.863] [main/INFO] [electrolyte.greate.Greate/]: Greate GTCEu addon initialized!
[199月2026 20:15:25.912] [main/INFO] [GregTechCEu/]: Registering KeyBinds
[199月2026 20:15:25.928] [main/WARN] [net.minecraftforge.fml.DeferredWorkQueue/LOADING]: Mod 'gtceu' took 4.274 s to run a deferred task.
[199月2026 20:15:29.385] [main/ERROR] [net.minecraftforge.fml.loading.RuntimeDistCleaner/DISTXFORM]: Attempted to load class com/mojang/blaze3d/vertex/PoseStack for invalid dist DEDICATED_SERVER
[199月2026 20:15:29.386] [main/WARN] [Radium Class Analysis/]: Radium Class Analysis Error: Class net.dries007.tfc.common.blocks.devices.GrillBlock cannot be analysed, because getting declared methods crashes with RuntimeException: Attempted to load class com/mojang/blaze3d/vertex/PoseStack for invalid dist DEDICATED_SERVER. This is usually caused by modded entities declaring methods that have a return type or parameter type that is annotated with @OnlyIn(Dist.CLIENT). Loading the type is not possible, because it only exists in the CLIENT environment. The recommended fix is to annotate the method with this argument or return type with the same annotation. Lithium handles this error by assuming the class cannot be included in some optimizations.
[199月2026 20:15:29.386] [main/ERROR] [net.minecraftforge.fml.loading.RuntimeDistCleaner/DISTXFORM]: Attempted to load class com/mojang/blaze3d/vertex/PoseStack for invalid dist DEDICATED_SERVER
[199月2026 20:15:29.387] [main/WARN] [Radium Class Analysis/]: Radium Class Analysis Error: Class net.dries007.tfc.common.blocks.devices.GrillBlock cannot be analysed, because getting declared methods crashes with RuntimeException: Attempted to load class com/mojang/blaze3d/vertex/PoseStack for invalid dist DEDICATED_SERVER. This is usually caused by modded entities declaring methods that have a return type or parameter type that is annotated with @OnlyIn(Dist.CLIENT). Loading the type is not possible, because it only exists in the CLIENT environment. The recommended fix is to annotate the method with this argument or return type with the same annotation. Lithium handles this error by assuming the class cannot be included in some optimizations.
[199月2026 20:15:29.397] [main/ERROR] [net.minecraftforge.fml.loading.RuntimeDistCleaner/DISTXFORM]: Attempted to load class com/mojang/blaze3d/vertex/PoseStack for invalid dist DEDICATED_SERVER
[199月2026 20:15:29.397] [main/WARN] [Radium Class Analysis/]: Radium Class Analysis Error: Class net.dries007.tfc.common.blocks.devices.QuernBlock cannot be analysed, because getting declared methods crashes with RuntimeException: Attempted to load class com/mojang/blaze3d/vertex/PoseStack for invalid dist DEDICATED_SERVER. This is usually caused by modded entities declaring methods that have a return type or parameter type that is annotated with @OnlyIn(Dist.CLIENT). Loading the type is not possible, because it only exists in the CLIENT environment. The recommended fix is to annotate the method with this argument or return type with the same annotation. Lithium handles this error by assuming the class cannot be included in some optimizations.
[199月2026 20:15:29.398] [main/ERROR] [net.minecraftforge.fml.loading.RuntimeDistCleaner/DISTXFORM]: Attempted to load class com/mojang/blaze3d/vertex/PoseStack for invalid dist DEDICATED_SERVER
[199月2026 20:15:29.399] [main/WARN] [Radium Class Analysis/]: Radium Class Analysis Error: Class net.dries007.tfc.common.blocks.devices.QuernBlock cannot be analysed, because getting declared methods crashes with RuntimeException: Attempted to load class com/mojang/blaze3d/vertex/PoseStack for invalid dist DEDICATED_SERVER. This is usually caused by modded entities declaring methods that have a return type or parameter type that is annotated with @OnlyIn(Dist.CLIENT). Loading the type is not possible, because it only exists in the CLIENT environment. The recommended fix is to annotate the method with this argument or return type with the same annotation. Lithium handles this error by assuming the class cannot be included in some optimizations.
[199月2026 20:15:29.466] [main/ERROR] [net.minecraftforge.fml.loading.RuntimeDistCleaner/DISTXFORM]: Attempted to load class com/mojang/blaze3d/vertex/PoseStack for invalid dist DEDICATED_SERVER
[199月2026 20:15:29.467] [main/WARN] [Radium Class Analysis/]: Radium Class Analysis Error: Class net.dries007.tfc.common.blocks.JarsBlock cannot be analysed, because getting declared methods crashes with RuntimeException: Attempted to load class com/mojang/blaze3d/vertex/PoseStack for invalid dist DEDICATED_SERVER. This is usually caused by modded entities declaring methods that have a return type or parameter type that is annotated with @OnlyIn(Dist.CLIENT). Loading the type is not possible, because it only exists in the CLIENT environment. The recommended fix is to annotate the method with this argument or return type with the same annotation. Lithium handles this error by assuming the class cannot be included in some optimizations.
[199月2026 20:15:29.468] [main/ERROR] [net.minecraftforge.fml.loading.RuntimeDistCleaner/DISTXFORM]: Attempted to load class com/mojang/blaze3d/vertex/PoseStack for invalid dist DEDICATED_SERVER
[199月2026 20:15:29.468] [main/WARN] [Radium Class Analysis/]: Radium Class Analysis Error: Class net.dries007.tfc.common.blocks.JarsBlock cannot be analysed, because getting declared methods crashes with RuntimeException: Attempted to load class com/mojang/blaze3d/vertex/PoseStack for invalid dist DEDICATED_SERVER. This is usually caused by modded entities declaring methods that have a return type or parameter type that is annotated with @OnlyIn(Dist.CLIENT). Loading the type is not possible, because it only exists in the CLIENT environment. The recommended fix is to annotate the method with this argument or return type with the same annotation. Lithium handles this error by assuming the class cannot be included in some optimizations.
[199月2026 20:15:35.959] [main/WARN] [net.minecraftforge.registries.ForgeRegistry/REGISTRIES]: Registry minecraft:menu: The object net.minecraft.world.inventory.MenuType@3d4ff098 has been registered twice for the same name ae2:export_card.
[199月2026 20:15:35.959] [main/WARN] [net.minecraftforge.registries.ForgeRegistry/REGISTRIES]: Registry minecraft:menu: The object net.minecraft.world.inventory.MenuType@342db985 has been registered twice for the same name ae2:insert_card.
[199月2026 20:15:36.050] [main/ERROR] [net.minecraftforge.fml.loading.RuntimeDistCleaner/DISTXFORM]: Attempted to load class com/mojang/blaze3d/vertex/PoseStack for invalid dist DEDICATED_SERVER
[199月2026 20:15:36.051] [main/WARN] [Radium Class Analysis/]: Radium Class Analysis Error: Class com.eerussianguy.firmalife.common.blocks.StovetopGrillBlock cannot be analysed, because getting declared methods crashes with RuntimeException: Attempted to load class com/mojang/blaze3d/vertex/PoseStack for invalid dist DEDICATED_SERVER. This is usually caused by modded entities declaring methods that have a return type or parameter type that is annotated with @OnlyIn(Dist.CLIENT). Loading the type is not possible, because it only exists in the CLIENT environment. The recommended fix is to annotate the method with this argument or return type with the same annotation. Lithium handles this error by assuming the class cannot be included in some optimizations.
[199月2026 20:15:36.052] [main/ERROR] [net.minecraftforge.fml.loading.RuntimeDistCleaner/DISTXFORM]: Attempted to load class com/mojang/blaze3d/vertex/PoseStack for invalid dist DEDICATED_SERVER
[199月2026 20:15:36.052] [main/WARN] [Radium Class Analysis/]: Radium Class Analysis Error: Class com.eerussianguy.firmalife.common.blocks.StovetopGrillBlock cannot be analysed, because getting declared methods crashes with RuntimeException: Attempted to load class com/mojang/blaze3d/vertex/PoseStack for invalid dist DEDICATED_SERVER. This is usually caused by modded entities declaring methods that have a return type or parameter type that is annotated with @OnlyIn(Dist.CLIENT). Loading the type is not possible, because it only exists in the CLIENT environment. The recommended fix is to annotate the method with this argument or return type with the same annotation. Lithium handles this error by assuming the class cannot be included in some optimizations.
[199月2026 20:15:36.071] [main/ERROR] [net.minecraftforge.fml.loading.RuntimeDistCleaner/DISTXFORM]: Attempted to load class com/mojang/blaze3d/vertex/PoseStack for invalid dist DEDICATED_SERVER
[199月2026 20:15:36.072] [main/WARN] [Radium Class Analysis/]: Radium Class Analysis Error: Class com.eerussianguy.firmalife.common.blocks.greenhouse.QuadPlanterBlock cannot be analysed, because getting declared methods crashes with RuntimeException: Attempted to load class com/mojang/blaze3d/vertex/PoseStack for invalid dist DEDICATED_SERVER. This is usually caused by modded entities declaring methods that have a return type or parameter type that is annotated with @OnlyIn(Dist.CLIENT). Loading the type is not possible, because it only exists in the CLIENT environment. The recommended fix is to annotate the method with this argument or return type with the same annotation. Lithium handles this error by assuming the class cannot be included in some optimizations.
[199月2026 20:15:36.072] [main/ERROR] [net.minecraftforge.fml.loading.RuntimeDistCleaner/DISTXFORM]: Attempted to load class com/mojang/blaze3d/vertex/PoseStack for invalid dist DEDICATED_SERVER
[199月2026 20:15:36.073] [main/WARN] [Radium Class Analysis/]: Radium Class Analysis Error: Class com.eerussianguy.firmalife.common.blocks.greenhouse.QuadPlanterBlock cannot be analysed, because getting declared methods crashes with RuntimeException: Attempted to load class com/mojang/blaze3d/vertex/PoseStack for invalid dist DEDICATED_SERVER. This is usually caused by modded entities declaring methods that have a return type or parameter type that is annotated with @OnlyIn(Dist.CLIENT). Loading the type is not possible, because it only exists in the CLIENT environment. The recommended fix is to annotate the method with this argument or return type with the same annotation. Lithium handles this error by assuming the class cannot be included in some optimizations.
[199月2026 20:15:36.075] [main/ERROR] [net.minecraftforge.fml.loading.RuntimeDistCleaner/DISTXFORM]: Attempted to load class com/mojang/blaze3d/vertex/PoseStack for invalid dist DEDICATED_SERVER
[199月2026 20:15:36.075] [main/WARN] [Radium Class Analysis/]: Radium Class Analysis Error: Class com.eerussianguy.firmalife.common.blocks.greenhouse.QuadPlanterBlock cannot be analysed, because getting declared methods crashes with RuntimeException: Attempted to load class com/mojang/blaze3d/vertex/PoseStack for invalid dist DEDICATED_SERVER. This is usually caused by modded entities declaring methods that have a return type or parameter type that is annotated with @OnlyIn(Dist.CLIENT). Loading the type is not possible, because it only exists in the CLIENT environment. The recommended fix is to annotate the method with this argument or return type with the same annotation. Lithium handles this error by assuming the class cannot be included in some optimizations.
[199月2026 20:15:36.076] [main/ERROR] [net.minecraftforge.fml.loading.RuntimeDistCleaner/DISTXFORM]: Attempted to load class com/mojang/blaze3d/vertex/PoseStack for invalid dist DEDICATED_SERVER
[199月2026 20:15:36.076] [main/WARN] [Radium Class Analysis/]: Radium Class Analysis Error: Class com.eerussianguy.firmalife.common.blocks.greenhouse.QuadPlanterBlock cannot be analysed, because getting declared methods crashes with RuntimeException: Attempted to load class com/mojang/blaze3d/vertex/PoseStack for invalid dist DEDICATED_SERVER. This is usually caused by modded entities declaring methods that have a return type or parameter type that is annotated with @OnlyIn(Dist.CLIENT). Loading the type is not possible, because it only exists in the CLIENT environment. The recommended fix is to annotate the method with this argument or return type with the same annotation. Lithium handles this error by assuming the class cannot be included in some optimizations.
[199月2026 20:15:37.983] [main/INFO] [dev.architectury.networking.forge.NetworkManagerImpl/]: Registering C2S receiver with id ae2wtlib:cycle_terminal
[199月2026 20:15:37.984] [main/INFO] [dev.architectury.networking.forge.NetworkManagerImpl/]: Registering C2S receiver with id ae2wtlib:pick_block
[199月2026 20:15:37.987] [main/INFO] [dev.architectury.networking.forge.NetworkManagerImpl/]: Registering C2S receiver with id ae2wtlib:terminal_settings
[199月2026 20:15:38.034] [main/INFO] [com.gtceuterminal.GTCEUTerminalMod/]: SchematicInterfaceItem constructor called - behavior created
[199月2026 20:15:38.361] [main/INFO] [ModernFix/]: Bypassed Mojang DFU
[199月2026 20:15:38.362] [main/INFO] [ModernFix/]: Instantiating Mojang DFU
[199月2026 20:15:39.914] [main/INFO] [Moonlight/]: Initialized block sets in 78ms
[199月2026 20:15:39.916] [main/INFO] [Every Compat/]: Registering Compat WoodType Blocks
[199月2026 20:15:39.955] [main/INFO] [Every Compat/]: [WoodGood - Create Module]: registered 74 WoodType blocks
[199月2026 20:15:40.411] [main/INFO] [Railways/MultiRegistryCallback/]: Running callback for create:flywheel and railways:locometal_flywheel
[199月2026 20:15:40.411] [main/INFO] [Railways/MultiRegistryCallback/]: Running callback for create:flywheel and railways:brown_locometal_flywheel
[199月2026 20:15:40.412] [main/INFO] [Railways/MultiRegistryCallback/]: Running callback for create:flywheel and railways:maroon_locometal_flywheel
[199月2026 20:15:40.412] [main/INFO] [Railways/MultiRegistryCallback/]: Running callback for create:flywheel and railways:red_locometal_flywheel
[199月2026 20:15:40.412] [main/INFO] [Railways/MultiRegistryCallback/]: Running callback for create:flywheel and railways:vermilion_locometal_flywheel
[199月2026 20:15:40.412] [main/INFO] [Railways/MultiRegistryCallback/]: Running callback for create:flywheel and railways:orange_locometal_flywheel
[199月2026 20:15:40.412] [main/INFO] [Railways/MultiRegistryCallback/]: Running callback for create:flywheel and railways:granite_locometal_flywheel
[199月2026 20:15:40.413] [main/INFO] [Railways/MultiRegistryCallback/]: Running callback for create:flywheel and railways:dripstone_locometal_flywheel
[199月2026 20:15:40.413] [main/INFO] [Railways/MultiRegistryCallback/]: Running callback for create:flywheel and railways:ochrum_locometal_flywheel
[199月2026 20:15:40.413] [main/INFO] [Railways/MultiRegistryCallback/]: Running callback for create:flywheel and railways:yellow_locometal_flywheel
[199月2026 20:15:40.413] [main/INFO] [Railways/MultiRegistryCallback/]: Running callback for create:flywheel and railways:chartreuse_locometal_flywheel
[199月2026 20:15:40.413] [main/INFO] [Railways/MultiRegistryCallback/]: Running callback for create:flywheel and railways:olive_green_locometal_flywheel
[199月2026 20:15:40.413] [main/INFO] [Railways/MultiRegistryCallback/]: Running callback for create:flywheel and railways:lime_locometal_flywheel
[199月2026 20:15:40.413] [main/INFO] [Railways/MultiRegistryCallback/]: Running callback for create:flywheel and railways:green_locometal_flywheel
[199月2026 20:15:40.413] [main/INFO] [Railways/MultiRegistryCallback/]: Running callback for create:flywheel and railways:pine_green_locometal_flywheel
[199月2026 20:15:40.413] [main/INFO] [Railways/MultiRegistryCallback/]: Running callback for create:flywheel and railways:cyan_locometal_flywheel
[199月2026 20:15:40.414] [main/INFO] [Railways/MultiRegistryCallback/]: Running callback for create:flywheel and railways:sea_green_locometal_flywheel
[199月2026 20:15:40.414] [main/INFO] [Railways/MultiRegistryCallback/]: Running callback for create:flywheel and railways:turquoise_locometal_flywheel
[199月2026 20:15:40.414] [main/INFO] [Railways/MultiRegistryCallback/]: Running callback for create:flywheel and railways:light_blue_locometal_flywheel
[199月2026 20:15:40.414] [main/INFO] [Railways/MultiRegistryCallback/]: Running callback for create:flywheel and railways:blue_locometal_flywheel
[199月2026 20:15:40.414] [main/INFO] [Railways/MultiRegistryCallback/]: Running callback for create:flywheel and railways:royal_blue_locometal_flywheel
[199月2026 20:15:40.415] [main/INFO] [Railways/MultiRegistryCallback/]: Running callback for create:flywheel and railways:purple_locometal_flywheel
[199月2026 20:15:40.415] [main/INFO] [Railways/MultiRegistryCallback/]: Running callback for create:flywheel and railways:magenta_locometal_flywheel
[199月2026 20:15:40.416] [main/INFO] [Railways/MultiRegistryCallback/]: Running callback for create:flywheel and railways:pink_locometal_flywheel
[199月2026 20:15:40.416] [main/INFO] [Railways/MultiRegistryCallback/]: Running callback for create:flywheel and railways:white_locometal_flywheel
[199月2026 20:15:40.416] [main/INFO] [Railways/MultiRegistryCallback/]: Running callback for create:flywheel and railways:diorite_locometal_flywheel
[199月2026 20:15:40.416] [main/INFO] [Railways/MultiRegistryCallback/]: Running callback for create:flywheel and railways:limestone_locometal_flywheel
[199月2026 20:15:40.416] [main/INFO] [Railways/MultiRegistryCallback/]: Running callback for create:flywheel and railways:light_gray_locometal_flywheel
[199月2026 20:15:40.416] [main/INFO] [Railways/MultiRegistryCallback/]: Running callback for create:flywheel and railways:tuff_locometal_flywheel
[199月2026 20:15:40.416] [main/INFO] [Railways/MultiRegistryCallback/]: Running callback for create:flywheel and railways:gray_locometal_flywheel
[199月2026 20:15:40.416] [main/INFO] [Railways/MultiRegistryCallback/]: Running callback for create:flywheel and railways:scorchia_locometal_flywheel
[199月2026 20:15:40.416] [main/INFO] [Railways/MultiRegistryCallback/]: Running callback for create:flywheel and railways:black_locometal_flywheel
[199月2026 20:15:40.419] [main/INFO] [Railways/MultiRegistryCallback/]: Running callback for create:sliding_door and railways:sliding_locometal_door
[199月2026 20:15:40.419] [main/INFO] [Railways/MultiRegistryCallback/]: Running callback for create:sliding_door and railways:folding_locometal_door
[199月2026 20:15:40.419] [main/INFO] [Railways/MultiRegistryCallback/]: Running callback for create:sliding_door and railways:brown_sliding_locometal_door
[199月2026 20:15:40.420] [main/INFO] [Railways/MultiRegistryCallback/]: Running callback for create:sliding_door and railways:brown_folding_locometal_door
[199月2026 20:15:40.420] [main/INFO] [Railways/MultiRegistryCallback/]: Running callback for create:sliding_door and railways:maroon_sliding_locometal_door
[199月2026 20:15:40.420] [main/INFO] [Railways/MultiRegistryCallback/]: Running callback for create:sliding_door and railways:maroon_folding_locometal_door
[199月2026 20:15:40.420] [main/INFO] [Railways/MultiRegistryCallback/]: Running callback for create:sliding_door and railways:red_sliding_locometal_door
[199月2026 20:15:40.420] [main/INFO] [Railways/MultiRegistryCallback/]: Running callback for create:sliding_door and railways:red_folding_locometal_door
[199月2026 20:15:40.421] [main/INFO] [Railways/MultiRegistryCallback/]: Running callback for create:sliding_door and railways:vermilion_sliding_locometal_door
[199月2026 20:15:40.421] [main/INFO] [Railways/MultiRegistryCallback/]: Running callback for create:sliding_door and railways:vermilion_folding_locometal_door
[199月2026 20:15:40.421] [main/INFO] [Railways/MultiRegistryCallback/]: Running callback for create:sliding_door and railways:orange_sliding_locometal_door
[199月2026 20:15:40.421] [main/INFO] [Railways/MultiRegistryCallback/]: Running callback for create:sliding_door and railways:orange_folding_locometal_door
[199月2026 20:15:40.421] [main/INFO] [Railways/MultiRegistryCallback/]: Running callback for create:sliding_door and railways:granite_sliding_locometal_door
[199月2026 20:15:40.422] [main/INFO] [Railways/MultiRegistryCallback/]: Running callback for create:sliding_door and railways:granite_folding_locometal_door
[199月2026 20:15:40.422] [main/INFO] [Railways/MultiRegistryCallback/]: Running callback for create:sliding_door and railways:dripstone_sliding_locometal_door
[199月2026 20:15:40.422] [main/INFO] [Railways/MultiRegistryCallback/]: Running callback for create:sliding_door and railways:dripstone_folding_locometal_door
[199月2026 20:15:40.422] [main/INFO] [Railways/MultiRegistryCallback/]: Running callback for create:sliding_door and railways:ochrum_sliding_locometal_door
[199月2026 20:15:40.422] [main/INFO] [Railways/MultiRegistryCallback/]: Running callback for create:sliding_door and railways:ochrum_folding_locometal_door
[199月2026 20:15:40.422] [main/INFO] [Railways/MultiRegistryCallback/]: Running callback for create:sliding_door and railways:yellow_sliding_locometal_door
[199月2026 20:15:40.422] [main/INFO] [Railways/MultiRegistryCallback/]: Running callback for create:sliding_door and railways:yellow_folding_locometal_door
[199月2026 20:15:40.422] [main/INFO] [Railways/MultiRegistryCallback/]: Running callback for create:sliding_door and railways:chartreuse_sliding_locometal_door
[199月2026 20:15:40.422] [main/INFO] [Railways/MultiRegistryCallback/]: Running callback for create:sliding_door and railways:chartreuse_folding_locometal_door
[199月2026 20:15:40.422] [main/INFO] [Railways/MultiRegistryCallback/]: Running callback for create:sliding_door and railways:olive_green_sliding_locometal_door
[199月2026 20:15:40.422] [main/INFO] [Railways/MultiRegistryCallback/]: Running callback for create:sliding_door and railways:olive_green_folding_locometal_door
[199月2026 20:15:40.424] [main/INFO] [Railways/MultiRegistryCallback/]: Running callback for create:sliding_door and railways:lime_sliding_locometal_door
[199月2026 20:15:40.424] [main/INFO] [Railways/MultiRegistryCallback/]: Running callback for create:sliding_door and railways:lime_folding_locometal_door
[199月2026 20:15:40.424] [main/INFO] [Railways/MultiRegistryCallback/]: Running callback for create:sliding_door and railways:green_sliding_locometal_door
[199月2026 20:15:40.424] [main/INFO] [Railways/MultiRegistryCallback/]: Running callback for create:sliding_door and railways:green_folding_locometal_door
[199月2026 20:15:40.424] [main/INFO] [Railways/MultiRegistryCallback/]: Running callback for create:sliding_door and railways:pine_green_sliding_locometal_door
[199月2026 20:15:40.424] [main/INFO] [Railways/MultiRegistryCallback/]: Running callback for create:sliding_door and railways:pine_green_folding_locometal_door
[199月2026 20:15:40.425] [main/INFO] [Railways/MultiRegistryCallback/]: Running callback for create:sliding_door and railways:cyan_sliding_locometal_door
[199月2026 20:15:40.425] [main/INFO] [Railways/MultiRegistryCallback/]: Running callback for create:sliding_door and railways:cyan_folding_locometal_door
[199月2026 20:15:40.425] [main/INFO] [Railways/MultiRegistryCallback/]: Running callback for create:sliding_door and railways:sea_green_sliding_locometal_door
[199月2026 20:15:40.425] [main/INFO] [Railways/MultiRegistryCallback/]: Running callback for create:sliding_door and railways:sea_green_folding_locometal_door
[199月2026 20:15:40.426] [main/INFO] [Railways/MultiRegistryCallback/]: Running callback for create:sliding_door and railways:turquoise_sliding_locometal_door
[199月2026 20:15:40.426] [main/INFO] [Railways/MultiRegistryCallback/]: Running callback for create:sliding_door and railways:turquoise_folding_locometal_door
[199月2026 20:15:40.426] [main/INFO] [Railways/MultiRegistryCallback/]: Running callback for create:sliding_door and railways:light_blue_sliding_locometal_door
[199月2026 20:15:40.426] [main/INFO] [Railways/MultiRegistryCallback/]: Running callback for create:sliding_door and railways:light_blue_folding_locometal_door
[199月2026 20:15:40.426] [main/INFO] [Railways/MultiRegistryCallback/]: Running callback for create:sliding_door and railways:blue_sliding_locometal_door
[199月2026 20:15:40.427] [main/INFO] [Railways/MultiRegistryCallback/]: Running callback for create:sliding_door and railways:blue_folding_locometal_door
[199月2026 20:15:40.427] [main/INFO] [Railways/MultiRegistryCallback/]: Running callback for create:sliding_door and railways:royal_blue_sliding_locometal_door
[199月2026 20:15:40.427] [main/INFO] [Railways/MultiRegistryCallback/]: Running callback for create:sliding_door and railways:royal_blue_folding_locometal_door
[199月2026 20:15:40.427] [main/INFO] [Railways/MultiRegistryCallback/]: Running callback for create:sliding_door and railways:purple_sliding_locometal_door
[199月2026 20:15:40.427] [main/INFO] [Railways/MultiRegistryCallback/]: Running callback for create:sliding_door and railways:purple_folding_locometal_door
[199月2026 20:15:40.428] [main/INFO] [Railways/MultiRegistryCallback/]: Running callback for create:sliding_door and railways:magenta_sliding_locometal_door
[199月2026 20:15:40.428] [main/INFO] [Railways/MultiRegistryCallback/]: Running callback for create:sliding_door and railways:magenta_folding_locometal_door
[199月2026 20:15:40.428] [main/INFO] [Railways/MultiRegistryCallback/]: Running callback for create:sliding_door and railways:pink_sliding_locometal_door
[199月2026 20:15:40.428] [main/INFO] [Railways/MultiRegistryCallback/]: Running callback for create:sliding_door and railways:pink_folding_locometal_door
[199月2026 20:15:40.428] [main/INFO] [Railways/MultiRegistryCallback/]: Running callback for create:sliding_door and railways:white_sliding_locometal_door
[199月2026 20:15:40.428] [main/INFO] [Railways/MultiRegistryCallback/]: Running callback for create:sliding_door and railways:white_folding_locometal_door
[199月2026 20:15:40.429] [main/INFO] [Railways/MultiRegistryCallback/]: Running callback for create:sliding_door and railways:diorite_sliding_locometal_door
[199月2026 20:15:40.429] [main/INFO] [Railways/MultiRegistryCallback/]: Running callback for create:sliding_door and railways:diorite_folding_locometal_door
[199月2026 20:15:40.429] [main/INFO] [Railways/MultiRegistryCallback/]: Running callback for create:sliding_door and railways:limestone_sliding_locometal_door
[199月2026 20:15:40.429] [main/INFO] [Railways/MultiRegistryCallback/]: Running callback for create:sliding_door and railways:limestone_folding_locometal_door
[199月2026 20:15:40.429] [main/INFO] [Railways/MultiRegistryCallback/]: Running callback for create:sliding_door and railways:light_gray_sliding_locometal_door
[199月2026 20:15:40.429] [main/INFO] [Railways/MultiRegistryCallback/]: Running callback for create:sliding_door and railways:light_gray_folding_locometal_door
[199月2026 20:15:40.430] [main/INFO] [Railways/MultiRegistryCallback/]: Running callback for create:sliding_door and railways:tuff_sliding_locometal_door
[199月2026 20:15:40.430] [main/INFO] [Railways/MultiRegistryCallback/]: Running callback for create:sliding_door and railways:tuff_folding_locometal_door
[199月2026 20:15:40.430] [main/INFO] [Railways/MultiRegistryCallback/]: Running callback for create:sliding_door and railways:gray_sliding_locometal_door
[199月2026 20:15:40.430] [main/INFO] [Railways/MultiRegistryCallback/]: Running callback for create:sliding_door and railways:gray_folding_locometal_door
[199月2026 20:15:40.430] [main/INFO] [Railways/MultiRegistryCallback/]: Running callback for create:sliding_door and railways:scorchia_sliding_locometal_door
[199月2026 20:15:40.430] [main/INFO] [Railways/MultiRegistryCallback/]: Running callback for create:sliding_door and railways:scorchia_folding_locometal_door
[199月2026 20:15:40.430] [main/INFO] [Railways/MultiRegistryCallback/]: Running callback for create:sliding_door and railways:black_sliding_locometal_door
[199月2026 20:15:40.431] [main/INFO] [Railways/MultiRegistryCallback/]: Running callback for create:sliding_door and railways:black_folding_locometal_door
[199月2026 20:15:40.431] [main/INFO] [Railways/MultiRegistryCallback/]: Running callback for create:copycat and railways:conductor_vent
[199月2026 20:15:41.997] [main/INFO] [Railways/MultiRegistryCallback/]: Running callback for create:track_signal and railways:track_signal_source
[199月2026 20:15:41.998] [main/INFO] [Railways/MultiRegistryCallback/]: Running finalizers
[199月2026 20:15:43.264] [main/WARN] [net.minecraftforge.common.ForgeConfigSpec/CORE]: Configuration file C:\Users\yushu\Downloads\TerraFirmaGreg-Modern-0.13.10-serverpack\config\curios-common.toml is not correct. Correcting
[199月2026 20:15:43.970] [main/WARN] [net.minecraftforge.common.ForgeConfigSpec/CORE]: Configuration file C:\Users\yushu\Downloads\TerraFirmaGreg-Modern-0.13.10-serverpack\config\playerrevive_compat-common.toml is not correct. Correcting
[199月2026 20:15:43.974] [main/WARN] [net.minecraftforge.common.ForgeConfigSpec/CORE]: Incorrect key general was corrected from null to its default, SimpleCommentedConfig:{}. 
[199月2026 20:15:43.974] [main/WARN] [net.minecraftforge.common.ForgeConfigSpec/CORE]: Incorrect key general.canShootWhenDowned was corrected from null to its default, false. 
[199月2026 20:15:43.974] [main/WARN] [net.minecraftforge.common.ForgeConfigSpec/CORE]: Incorrect key general.killDownedPlayerWithoutOnlineTeammates was corrected from null to its default, true. 
[199月2026 20:15:43.975] [main/WARN] [net.minecraftforge.common.ForgeConfigSpec/CORE]: Incorrect key general.stateSyncIntervalTicks was corrected from null to its default, 100. 
[199月2026 20:15:44.505] [modloading-worker-0/INFO] [thetadev.constructionwand.ConstructionWand/]: ConstructionWand says hello - may the odds be ever in your favor.
[199月2026 20:15:44.505] [modloading-worker-0/INFO] [net.dries007.tfc.TerraFirmaCraft/]: TFC Common Setup
[199月2026 20:15:44.509] [modloading-worker-0/INFO] [com.tom.stockbridge.StockBridge/]: Create Stock Bridge starting
[199月2026 20:15:44.517] [modloading-worker-0/INFO] [voicechat/]: [voicechat] Compatibility version 20
[199月2026 20:15:44.519] [modloading-worker-0/INFO] [Additional Placements/]: Checking loaded mods...
[199月2026 20:15:44.528] [modloading-worker-0/INFO] [Additional Placements/]: Create detected, registering checks
[199月2026 20:15:44.544] [modloading-worker-0/INFO] [Additional Placements/]: Done
[199月2026 20:15:44.552] [modloading-worker-0/INFO] [com.therighthon.afc.AFC/]: AFC COMMON SETUP
[199月2026 20:15:44.554] [Forge Version Check/INFO] [net.minecraftforge.fml.VersionChecker/]: [saturn] Starting version check at https://github.com/AbdElAziz333/Saturn/raw/mc1.20.1/dev/updates.json
[199月2026 20:15:44.610] [modloading-worker-0/INFO] [com.tom.stockbridge.StockBridge/]: Initilaized Network Handler
[199月2026 20:15:44.669] [modloading-worker-0/INFO] [ch.capez.dsbg.Dsbg/]: Loading DSBG...
[199月2026 20:15:44.706] [modloading-worker-0/INFO] [net.phoenix.chromatic_codes.PhoenixChromaticCodes/]: Phoenix's Chromatic Codes is heating up!
[199月2026 20:15:44.784] [modloading-worker-0/INFO] [xaero.lib.XaeroLib/]: Loading XaeroLib common 1/2!
[199月2026 20:15:44.837] [modloading-worker-0/INFO] [dev.thomas.diggerhelmet.DiggerHelmet/]: DiggerHelmet common setup starting...
[199月2026 20:15:44.912] [modloading-worker-0/INFO] [dev.thomas.diggerhelmet.DiggerHelmet/]: DiggerHelmet common setup completed
[199月2026 20:15:44.922] [Forge Version Check/WARN] [net.minecraftforge.fml.VersionChecker/]: Failed to process update information
com.google.gson.JsonSyntaxException: java.lang.IllegalStateException: Expected BEGIN_OBJECT but was STRING at line 9 column 1 path $
	at com.google.gson.Gson.fromJson(Gson.java:1226) ~[gson-2.10.jar%2372!/:?]
	at com.google.gson.Gson.fromJson(Gson.java:1124) ~[gson-2.10.jar%2372!/:?]
	at com.google.gson.Gson.fromJson(Gson.java:1034) ~[gson-2.10.jar%2372!/:?]
	at com.google.gson.Gson.fromJson(Gson.java:969) ~[gson-2.10.jar%2372!/:?]
	at net.minecraftforge.fml.VersionChecker$1.process(VersionChecker.java:186) ~[fmlcore-1.20.1-47.4.13.jar%23528!/:?]
	at java.lang.Iterable.forEach(Iterable.java:75) ~[?:?]
	at net.minecraftforge.fml.VersionChecker$1.run(VersionChecker.java:117) ~[fmlcore-1.20.1-47.4.13.jar%23528!/:?]
Caused by: java.lang.IllegalStateException: Expected BEGIN_OBJECT but was STRING at line 9 column 1 path $
	at com.google.gson.stream.JsonReader.beginObject(JsonReader.java:393) ~[gson-2.10.jar%2372!/:?]
	at com.google.gson.internal.bind.MapTypeAdapterFactory$Adapter.read(MapTypeAdapterFactory.java:182) ~[gson-2.10.jar%2372!/:?]
	at com.google.gson.internal.bind.MapTypeAdapterFactory$Adapter.read(MapTypeAdapterFactory.java:144) ~[gson-2.10.jar%2372!/:?]
	at com.google.gson.Gson.fromJson(Gson.java:1214) ~[gson-2.10.jar%2372!/:?]
	... 6 more
[199月2026 20:15:44.931] [Forge Version Check/INFO] [net.minecraftforge.fml.VersionChecker/]: [kreno] Starting version check at https://mvnc.pkg.one/update/mod/krypton_fnp/forge_update.json
[199月2026 20:15:44.958] [modloading-worker-0/INFO] [com.therighthon.rnr.RoadsAndRoofs/]: ROADS AND ROOFS COMMON SETUP
[199月2026 20:15:45.002] [modloading-worker-0/INFO] [com.yanny.ali.forge.platform.ForgePlatformHelper/]: [ali] Registered ALI plugin [ali] com.yanny.ali.plugin.Plugin
[199月2026 20:15:45.014] [modloading-worker-0/INFO] [com.yanny.ali.forge.platform.ForgePlatformHelper/]: [ali] Registered ALI plugin [lootjs] com.yanny.ali.lootjs.LootJsPlugin
[199月2026 20:15:45.034] [modloading-worker-0/INFO] [com.nanaios.applied_ammo_box.AppliedAmmoBox/]: Registering Applied Ammo Box grid linkables...
[199月2026 20:15:45.040] [modloading-worker-0/INFO] [com.yanny.ali.forge.platform.ForgePlatformHelper/]: [ali] Registered ALI plugin [forge] com.yanny.ali.forge.plugin.ForgePlugin
[199月2026 20:15:45.043] [modloading-worker-0/INFO] [com.yanny.ali.forge.platform.ForgePlatformHelper/]: [ali] Found 3 plugin(s)
[199月2026 20:15:45.043] [modloading-worker-0/INFO] [com.yanny.aci.manager.CorePluginManager/]: [ali] Registering common plugin data...
[199月2026 20:15:45.091] [modloading-worker-0/INFO] [Reliable Remover/]: Loaded 2383 reliable remover rules.
[199月2026 20:15:45.174] [modloading-worker-0/INFO] [com.yanny.aci.configuration.CoreConfigUtils/]: [ali] Loading configuration file C:\Users\yushu\Downloads\TerraFirmaGreg-Modern-0.13.10-serverpack\config\ali\ali_common.json
[199月2026 20:15:45.258] [modloading-worker-0/INFO] [wan_ancient_beasts/]: Hello World from Wan's Ancient Beasts Common Side
[199月2026 20:15:45.294] [modloading-worker-0/INFO] [voicechat/]: [voicechat] Loading plugins
[199月2026 20:15:45.305] [Forge Version Check/INFO] [net.minecraftforge.fml.VersionChecker/]: [kreno] Found status: UP_TO_DATE Current: 26.1.1-1.20.1 Target: null
[199月2026 20:15:45.305] [Forge Version Check/INFO] [net.minecraftforge.fml.VersionChecker/]: [corpse] Starting version check at https://update.maxhenkel.de/forge/corpse
[199月2026 20:15:45.307] [modloading-worker-0/INFO] [voicechat/]: [voicechat] Loaded 0 plugin(s)
[199月2026 20:15:45.307] [modloading-worker-0/INFO] [voicechat/]: [voicechat] Initializing plugins
[199月2026 20:15:45.307] [modloading-worker-0/INFO] [voicechat/]: [voicechat] Initialized 0 plugin(s)
[199月2026 20:15:45.429] [modloading-worker-0/INFO] [com.yanny.aci.manager.ManagedRegistry/]: [ali] Registered 1 entity variants
[199月2026 20:15:45.429] [modloading-worker-0/INFO] [com.yanny.aci.manager.CorePluginManager/]: [ali] Registering common plugin data finished
[199月2026 20:15:45.443] [modloading-worker-0/INFO] [com.gtceuterminal.GTCEUTerminalMod/]: TerminalNetwork: registered 22 packets
[199月2026 20:15:45.474] [modloading-worker-0/INFO] [FTB Library/]: Setting game stages provider implementation to: KubeJS Stages
[199月2026 20:15:45.474] [modloading-worker-0/INFO] [FTB XMod Compat/]: Chose [KubeJS Stages] as the active game stages implementation
[199月2026 20:15:45.492] [modloading-worker-0/INFO] [FTB Library/]: Setting permissions provider implementation to: FTB Ranks
[199月2026 20:15:45.493] [modloading-worker-0/INFO] [FTB XMod Compat/]: Chose [FTB Ranks] as the active permissions implementation
[199月2026 20:15:45.497] [modloading-worker-0/INFO] [FTB XMod Compat/]: [FTB Quests] recipe helper provider is [NO-OP]
[199月2026 20:15:45.519] [modloading-worker-0/INFO] [FTB XMod Compat/]: [FTB Quests] Enabled FTB Filter System integration
[199月2026 20:15:45.541] [modloading-worker-0/INFO] [FTB XMod Compat/]: [FTB Chunks] FTB Ranks detected, listening for ranks events
[199月2026 20:15:46.342] [Forge Version Check/INFO] [net.minecraftforge.fml.VersionChecker/]: [corpse] Found status: AHEAD Current: 1.20.1-1.0.23 Target: null
[199月2026 20:15:46.347] [Forge Version Check/INFO] [net.minecraftforge.fml.VersionChecker/]: [blockrunner] Starting version check at https://raw.githubusercontent.com/Fuzss/modresources/main/update/blockrunner.json
[199月2026 20:15:46.478] [Forge Version Check/INFO] [net.minecraftforge.fml.VersionChecker/]: [blockrunner] Found status: UP_TO_DATE Current: 8.0.4 Target: null
[199月2026 20:15:46.479] [Forge Version Check/INFO] [net.minecraftforge.fml.VersionChecker/]: [create_repair] Starting version check at https://api.modrinth.com/updates/create-repair/forge_updates.json
[199月2026 20:15:46.482] [main/INFO] [tacz/SYNCED_ENTITY_DATA_TAC_COPY]: Registered synced data key tacz:shoot_cool_down for minecraft:living_entity
[199月2026 20:15:46.483] [main/INFO] [tacz/SYNCED_ENTITY_DATA_TAC_COPY]: Registered synced data key tacz:melee_cool_down for minecraft:living_entity
[199月2026 20:15:46.483] [main/INFO] [tacz/SYNCED_ENTITY_DATA_TAC_COPY]: Registered synced data key tacz:reload_state for minecraft:living_entity
[199月2026 20:15:46.483] [main/INFO] [tacz/SYNCED_ENTITY_DATA_TAC_COPY]: Registered synced data key tacz:aiming_progress for minecraft:living_entity
[199月2026 20:15:46.483] [main/INFO] [tacz/SYNCED_ENTITY_DATA_TAC_COPY]: Registered synced data key tacz:draw_cool_down for minecraft:living_entity
[199月2026 20:15:46.483] [main/INFO] [tacz/SYNCED_ENTITY_DATA_TAC_COPY]: Registered synced data key tacz:is_aiming for minecraft:living_entity
[199月2026 20:15:46.483] [main/INFO] [tacz/SYNCED_ENTITY_DATA_TAC_COPY]: Registered synced data key tacz:sprint_time for minecraft:living_entity
[199月2026 20:15:46.484] [main/INFO] [tacz/SYNCED_ENTITY_DATA_TAC_COPY]: Registered synced data key tacz:is_bolting for minecraft:living_entity
[199月2026 20:15:46.484] [main/INFO] [tacz/SYNCED_ENTITY_DATA_TAC_COPY]: Registered synced data key tacz:throwable_using for minecraft:living_entity
[199月2026 20:15:46.514] [main/INFO] [dev.thomas.diggerhelmet.DiggerHelmet/]: Curios integration available
[199月2026 20:15:46.514] [main/INFO] [dev.thomas.diggerhelmet.DiggerHelmet/]: TFC Ambiental integration available
[199月2026 20:15:46.526] [main/INFO] [com.yision.fluidlogistics.FluidLogistics/]: FluidLogistics partial models registered!
[199月2026 20:15:46.529] [main/INFO] [Every Compat/]: Every Compat has loaded 1 modules: [create]
[199月2026 20:15:46.531] [main/INFO] [Every Compat/]: Registered 74 compat blocks making up 0.30% of total blocks registered
[199月2026 20:15:46.631] [main/INFO] [Moonlight/]: Initialized color sets in 99ms
[199月2026 20:15:46.642] [main/INFO] [GregTechCEu/]: CC: Tweaked found. Enabling integration...
[199月2026 20:15:46.649] [main/INFO] [net.neganote.gtutilities.GregTechModernUtilities/]: Hello from common setup! This is *after* registries are done, so we can do this:
[199月2026 20:15:46.649] [main/INFO] [net.neganote.gtutilities.GregTechModernUtilities/]: Look, I found a diamond!
[199月2026 20:15:46.660] [main/INFO] [com.nanaios.applied_ammo_box.AppliedAmmoBox/]: Register ammo_box with GridLinkables
[199月2026 20:15:46.661] [main/INFO] [com.nanaios.applied_ammo_box.AppliedAmmoBox/]: Register creative_ammo_box with GridLinkables
[199月2026 20:15:46.662] [main/INFO] [MEGA Cells/]: Initialised AE2WT integration.
[199月2026 20:15:46.666] [main/INFO] [team.lodestar.lodestone.LodestoneLib/]: Registering world event types...
[199月2026 20:15:46.691] [main/INFO] [com.gtceuterminal.GTCEUTerminalMod/]: [Schematic] Block blacklist loaded: 5 entries
[199月2026 20:15:46.691] [main/INFO] [com.gtceuterminal.GTCEUTerminalMod/]: [Dismantler] Block blacklist loaded: 5 entries
[199月2026 20:15:46.692] [main/INFO] [com.gtceuterminal.GTCEUTerminalMod/]: ItemsConfig loaded — EnergyAnalyzer: maxMachines=16, refresh=20t, history=30s | Manager: maxMultiblocks=32, allowME=true | Schematic: ae2Copy=true
[199月2026 20:15:46.695] [main/INFO] [com.gtceuterminal.GTCEUTerminalMod/]: ThemeBundleRegistry: 1 bundle(s) loaded: terrafirmagreg
[199月2026 20:15:46.697] [main/INFO] [com.gtceuterminal.GTCEUTerminalMod/]: Registered Multi-Structure Manager with AE2 GridLinkables
[199月2026 20:15:46.697] [main/INFO] [com.gtceuterminal.GTCEUTerminalMod/]: Registered Schematic Interface with AE2 GridLinkables
[199月2026 20:15:46.697] [main/INFO] [com.gtceuterminal.GTCEUTerminalMod/]: AE2 Integration initialized successfully
[199月2026 20:15:46.776] [modloading-worker-0/INFO] [xaero.minimap.XaeroMinimap/]: Loading Xaero's Minimap - Stage 1/2 (Server)
[199月2026 20:15:46.776] [modloading-worker-0/INFO] [xaero.map.server.WorldMapServer/]: Loading Xaero's World Map - Stage 1/2 (Server)
[199月2026 20:15:46.776] [modloading-worker-0/INFO] [xaero.lib.XaeroLib/]: Loading XaeroLib server 1/2!
[199月2026 20:15:46.776] [modloading-worker-0/INFO] [wan_ancient_beasts/]: Hello World from Wan's Ancient Beasts Server Side
[199月2026 20:15:46.801] [main/INFO] [xaero.map.server.WorldMapServer/]: Loading Xaero's World Map - Stage 2/2 (Server)
[199月2026 20:15:46.803] [main/INFO] [xaero.lib.XaeroLib/]: Loading XaeroLib common 2/2!
[199月2026 20:15:46.803] [main/INFO] [xaero.lib.XaeroLib/]: Loading XaeroLib server 2/2!
[199月2026 20:15:46.804] [main/INFO] [xaero.minimap.XaeroMinimap/]: Loading Xaero's Minimap - Stage 2/2 (Server)
[199月2026 20:15:46.846] [Forge Version Check/INFO] [net.minecraftforge.fml.VersionChecker/]: [create_repair] Found status: UP_TO_DATE Current: 1.3.0 Target: null
[199月2026 20:15:46.846] [Forge Version Check/INFO] [net.minecraftforge.fml.VersionChecker/]: [radium] Starting version check at https://api.modrinth.com/updates/radium/forge_updates.json
[199月2026 20:15:47.000] [modloading-worker-0/INFO] [net.blay09.mods.craftingtweaks.IMCHandler/]: craftingstation has registered tfar.craftingstation.CraftingStationMenu for CraftingTweaks via IMC
[199月2026 20:15:47.103] [modloading-worker-0/INFO] [KubeJS Startup/]: tfg/worldgen/fauna.js#5: Loaded Java class 'net.minecraft.world.entity.SpawnPlacements'
[199月2026 20:15:47.111] [modloading-worker-0/INFO] [AttributeFix/]: Loaded values for 24 compatible attributes.
[199月2026 20:15:47.113] [modloading-worker-0/INFO] [STDOUT/]: [com.mrh0.createaddition.CreateAddition:postInit:136]: Create Crafts & Additions Initialized!
[199月2026 20:15:47.123] [modloading-worker-0/WARN] [AttributeFix/]: Attribute ID 'minecolonies:mc_mob_damage' does not belong to a known attribute. This entry will be ignored.
[199月2026 20:15:47.123] [modloading-worker-0/INFO] [AttributeFix/]: Loaded 25 values from config.
[199月2026 20:15:47.124] [Forge Version Check/INFO] [net.minecraftforge.fml.VersionChecker/]: [radium] Found status: AHEAD Current: 0.12.4+git.26c9d8e Target: null
[199月2026 20:15:47.124] [Forge Version Check/INFO] [net.minecraftforge.fml.VersionChecker/]: [attributefix] Starting version check at https://updates.blamejared.com/get?n=attributefix&gv=1.20.1
[199月2026 20:15:47.128] [modloading-worker-0/INFO] [de.mennomax.astikorcarts.AstikorCarts/]: Automatic pull animal configuration:
pull_animals = [
    "minecraft:camel",
    "minecraft:donkey",
    "minecraft:horse",
    "minecraft:mule",
    "minecraft:skeleton_horse",
    "minecraft:zombie_horse",
    "minecraft:player",
    "tfc:donkey",
    "tfc:mule",
    "tfc:horse",
    "tfg:dromedary_camel",
    "tfg:bactrian_camel",
    "tfg:surfer",
    "wan_ancient_beasts:walker",
    "wan_ancient_beasts:soarer",
    "wan_ancient_beasts:surfer",
    "wan_ancient_beasts:charger"
  ]
[199月2026 20:15:47.128] [modloading-worker-0/INFO] [AttributeFix/]: Saving config file. 25 entries.
[199月2026 20:15:47.129] [modloading-worker-0/INFO] [AttributeFix/]: Applying changes for 25 attributes.
[199月2026 20:15:47.134] [modloading-worker-0/ERROR] [net.minecraftforge.fml.loading.RuntimeDistCleaner/DISTXFORM]: Attempted to load class com/mojang/blaze3d/vertex/PoseStack for invalid dist DEDICATED_SERVER
[199月2026 20:15:47.134] [modloading-worker-0/INFO] [STDERR/]: [dev.latvian.mods.rhino.JavaMembers:getDeclaredMethodsSafe:836]: [Rhino] Failed to get declared methods for com.simibubi.create.foundation.item.LayeredArmorItem: java.lang.RuntimeException: Attempted to load class com/mojang/blaze3d/vertex/PoseStack for invalid dist DEDICATED_SERVER
[199月2026 20:15:47.158] [modloading-worker-0/INFO] [Jade/]: Start loading plugin at net.blay09.mods.balm.forge.compat.hudinfo.ForgeJadeModCompat
[199月2026 20:15:47.166] [modloading-worker-0/INFO] [Jade/]: Start loading plugin at io.github.mortuusars.exposure.integration.jade.ExposureJadePlugin
[199月2026 20:15:47.169] [modloading-worker-0/INFO] [Jade/]: Start loading plugin at de.maxhenkel.corpse.integration.waila.PluginCorpse
[199月2026 20:15:47.171] [modloading-worker-0/INFO] [Jade/]: Start loading plugin at com.alekiponi.alekiships.compat.waila.JadeIntegration
[199月2026 20:15:47.174] [modloading-worker-0/INFO] [Jade/]: Start loading plugin at snownee.jade.addon.JadeAddonsBase
[199月2026 20:15:47.187] [modloading-worker-0/INFO] [Jade/]: Start loading plugin at net.dries007.tfc.compat.jade.JadeIntegration
[199月2026 20:15:47.187] [modloading-worker-0/INFO] [Jade/]: Start loading plugin at cy.jdkdigital.tfcgroomer.compat.jade.JadeIntegration
[199月2026 20:15:47.188] [modloading-worker-0/INFO] [Jade/]: Start loading plugin at com.alekiponi.firmaciv.compat.waila.JadeIntegration
[199月2026 20:15:47.189] [modloading-worker-0/INFO] [Jade/]: Start loading plugin at com.therighthon.afc.compat.jade.AFCJadePlugin
[199月2026 20:15:47.190] [modloading-worker-0/INFO] [Jade/]: Start loading plugin at me.pandamods.fallingtrees.compat.JadePlugin
[199月2026 20:15:47.191] [modloading-worker-0/INFO] [Jade/]: Start loading plugin at xfacthd.framedblocks.common.compat.jade.FramedJadePlugin
[199月2026 20:15:47.191] [modloading-worker-0/INFO] [Jade/]: Start loading plugin at com.yision.fluidlogistics.compat.jade.FluidLogisticsJadePlugin
[199月2026 20:15:47.194] [modloading-worker-0/INFO] [Jade/]: Start loading plugin at com.therighthon.rnr.compat.jade.JadeIntegration
[199月2026 20:15:47.194] [modloading-worker-0/INFO] [Jade/]: Start loading plugin at com.gregtechceu.gtceu.integration.jade.GTJadePlugin
[199月2026 20:15:47.205] [modloading-worker-0/INFO] [dev.thomas.diggerhelmet.DiggerHelmet/]: Registered Digger Helmet repair recipe schema for KubeJS
[199月2026 20:15:47.211] [modloading-worker-0/INFO] [Jade/]: Start loading plugin at su.terrafirmagreg.core.compat.jade.TFGJadePlugin
[199月2026 20:15:47.212] [modloading-worker-0/INFO] [Jade/]: Start loading plugin at net.neganote.gtutilities.integration.jade.UtilJadePlugin
[199月2026 20:15:47.213] [modloading-worker-0/INFO] [Jade/]: Start loading plugin at fi.dea.mc.deafission.compat.jade.FissionWailaPlugin
[199月2026 20:15:47.216] [modloading-worker-0/INFO] [Jade/]: Start loading plugin at snownee.jade.addon.vanilla.VanillaPlugin
[199月2026 20:15:47.226] [modloading-worker-0/INFO] [Jade/]: Start loading plugin at snownee.jade.addon.universal.UniversalPlugin
[199月2026 20:15:47.230] [modloading-worker-0/INFO] [Jade/]: Start loading plugin at snownee.jade.addon.core.CorePlugin
[199月2026 20:15:47.232] [modloading-worker-0/INFO] [Jade/]: Start loading plugin at appeng.integration.modules.jade.JadeModule
[199月2026 20:15:47.246] [modloading-worker-0/INFO] [Jade/]: Start loading plugin at com.glodblock.github.extendedae.xmod.jade.JadePlugin
[199月2026 20:15:47.247] [modloading-worker-0/INFO] [Jade/]: Start loading plugin at com.eerussianguy.firmalife.compat.tooltip.JadeIntegration
[199月2026 20:15:47.248] [modloading-worker-0/INFO] [Jade/]: Start loading plugin at com.ljuangbminecraft.tfcchannelcasting.compat.JadeIntegration
[199月2026 20:15:47.822] [Forge Version Check/INFO] [net.minecraftforge.fml.VersionChecker/]: [attributefix] Found status: BETA Current: 21.0.5 Target: 21.0.5
[199月2026 20:15:47.822] [Forge Version Check/INFO] [net.minecraftforge.fml.VersionChecker/]: [puzzlesaccessapi] Starting version check at https://raw.githubusercontent.com/Fuzss/modresources/main/update/puzzlesaccessapi.json
[199月2026 20:15:47.860] [Forge Version Check/INFO] [net.minecraftforge.fml.VersionChecker/]: [puzzlesaccessapi] Found status: BETA Current: 20.1.1 Target: null
[199月2026 20:15:47.860] [Forge Version Check/INFO] [net.minecraftforge.fml.VersionChecker/]: [forge] Starting version check at https://files.minecraftforge.net/net/minecraftforge/forge/promotions_slim.json
[199月2026 20:15:48.364] [Forge Version Check/INFO] [net.minecraftforge.fml.VersionChecker/]: [forge] Found status: OUTDATED Current: 47.4.13 Target: 47.4.23
[199月2026 20:15:48.365] [Forge Version Check/INFO] [net.minecraftforge.fml.VersionChecker/]: [voicechat] Starting version check at https://update.maxhenkel.de/forge/voicechat
[199月2026 20:15:48.386] [main/INFO] [com.mojang.authlib.yggdrasil.YggdrasilAuthenticationService/]: Environment: authHost='https://authserver.mojang.com', accountsHost='https://api.mojang.com', sessionHost='https://sessionserver.mojang.com', servicesHost='https://api.minecraftservices.com', name='PROD'
[199月2026 20:15:48.431] [main/WARN] [net.minecraft.server.packs.VanillaPackResourcesBuilder/]: Assets URL 'union:/C:/Users/yushu/Downloads/TerraFirmaGreg-Modern-0.13.10-serverpack/libraries/net/minecraft/server/1.20.1-20230612.114412/server-1.20.1-20230612.114412-srg.jar%23527!/assets/.mcassetsroot' uses unexpected schema
[199月2026 20:15:48.432] [main/WARN] [net.minecraft.server.packs.VanillaPackResourcesBuilder/]: Assets URL 'union:/C:/Users/yushu/Downloads/TerraFirmaGreg-Modern-0.13.10-serverpack/libraries/net/minecraft/server/1.20.1-20230612.114412/server-1.20.1-20230612.114412-srg.jar%23527!/data/.mcassetsroot' uses unexpected schema
[199月2026 20:15:48.458] [main/WARN] [mixin/]: Static binding violation: PRIVATE @Overwrite method m_215924_ in modernfix-modernfix.mixins.json:perf.tag_id_caching.TagEntryMixin cannot reduce visibiliy of PUBLIC target method, visibility will be upgraded.
[199月2026 20:15:48.470] [main/INFO] [com.therighthon.afc.AFC/]: Adding FirmaLife compatibility data pack
[199月2026 20:15:48.606] [Forge Version Check/INFO] [net.minecraftforge.fml.VersionChecker/]: [voicechat] Found status: UP_TO_DATE Current: 1.20.1-2.6.23 Target: null
[199月2026 20:15:48.606] [Forge Version Check/INFO] [net.minecraftforge.fml.VersionChecker/]: [createstockbridge] Starting version check at https://raw.githubusercontent.com/tom5454/Create-Stock-Bridge/main/version-check.json
[199月2026 20:15:48.644] [Forge Version Check/INFO] [net.minecraftforge.fml.VersionChecker/]: [createstockbridge] Found status: BETA Current: 0.2.0 Target: 0.2.0
[199月2026 20:15:48.644] [Forge Version Check/INFO] [net.minecraftforge.fml.VersionChecker/]: [puzzleslib] Starting version check at https://raw.githubusercontent.com/Fuzss/modresources/main/update/puzzleslib.json
[199月2026 20:15:48.681] [Forge Version Check/INFO] [net.minecraftforge.fml.VersionChecker/]: [puzzleslib] Found status: UP_TO_DATE Current: 8.1.33 Target: null
[199月2026 20:15:48.681] [Forge Version Check/INFO] [net.minecraftforge.fml.VersionChecker/]: [ad_astra] Starting version check at https://api.modrinth.com/updates/3ufwT9JF/forge_updates.json
[199月2026 20:15:48.892] [main/INFO] [com.simibubi.create.Create/]: Created 212 recipes which will be injected into the game
[199月2026 20:15:48.896] [main/INFO] [com.simibubi.create.Create/]: Created 3 tags which will be injected into the game
[199月2026 20:15:48.897] [main/INFO] [com.therighthon.rnr.RoadsAndRoofs/]: Adding AFC compatibility data pack
[199月2026 20:15:48.962] [Forge Version Check/INFO] [net.minecraftforge.fml.VersionChecker/]: [ad_astra] Found status: OUTDATED Current: 1.15.20 Target: 1.15.21
[199月2026 20:15:48.963] [Forge Version Check/INFO] [net.minecraftforge.fml.VersionChecker/]: [bookshelf] Starting version check at https://updates.blamejared.com/get?n=bookshelf&gv=1.20.1
[199月2026 20:15:49.063] [main/ERROR] [GregTechCEu/]: Tried to set output item stack that doesn't exist, id: gtceu:alloy_smelt_homogenized_mo_si_b_to_nugget, TagPrefix: nugget, Material: tfg:homogenized_mo_si_b, Count: 9
[199月2026 20:15:49.155] [main/ERROR] [GregTechCEu/]: Tried to set output item stack that doesn't exist, id: gtceu:alloy_smelt_rough_silicon_carbide_to_nugget, TagPrefix: nugget, Material: tfg:rough_silicon_carbide, Count: 9
[199月2026 20:15:49.187] [main/ERROR] [GregTechCEu/]: Tried to set output item stack that doesn't exist, id: gtceu:alloy_smelt_silicon_carbide_to_nugget, TagPrefix: nugget, Material: tfg:silicon_carbide, Count: 9
[199月2026 20:15:49.190] [Forge Version Check/INFO] [net.minecraftforge.fml.VersionChecker/]: [bookshelf] Found status: BETA Current: 20.2.15 Target: 20.2.15
[199月2026 20:15:49.190] [Forge Version Check/INFO] [net.minecraftforge.fml.VersionChecker/]: [uteamcore] Starting version check at https://api.u-team.info/update/uteamcore.json
[199月2026 20:15:49.410] [main/ERROR] [GregTechCEu/]: Tried to set output item stack that doesn't exist, id: gtceu:alloy_smelt_activated_mo_si_b_to_nugget, TagPrefix: nugget, Material: tfg:activated_mo_si_b, Count: 9
[199月2026 20:15:49.436] [Forge Version Check/INFO] [net.minecraftforge.fml.VersionChecker/]: [uteamcore] Found status: UP_TO_DATE Current: 5.1.4.382 Target: null
[199月2026 20:15:49.436] [Forge Version Check/INFO] [net.minecraftforge.fml.VersionChecker/]: [create_connected] Starting version check at https://raw.githubusercontent.com/hlysine/create_connected/main/update.json
[199月2026 20:15:49.477] [Forge Version Check/INFO] [net.minecraftforge.fml.VersionChecker/]: [create_connected] Found status: UP_TO_DATE Current: 1.2.3-mc1.20.1 Target: null
[199月2026 20:15:49.478] [Forge Version Check/INFO] [net.minecraftforge.fml.VersionChecker/]: [hangglider] Starting version check at https://raw.githubusercontent.com/Fuzss/modresources/main/update/hangglider.json
[199月2026 20:15:49.493] [main/ERROR] [GregTechCEu/]: Tried to set output item stack that doesn't exist, id: gtceu:alloy_smelt_diamond_tipped_mo_50_re_to_nugget, TagPrefix: nugget, Material: tfg:diamond_tipped_mo_50_re, Count: 9
[199月2026 20:15:49.515] [Forge Version Check/INFO] [net.minecraftforge.fml.VersionChecker/]: [hangglider] Found status: UP_TO_DATE Current: 8.0.1 Target: null
[199月2026 20:15:49.515] [Forge Version Check/INFO] [net.minecraftforge.fml.VersionChecker/]: [computercraft] Starting version check at https://api.modrinth.com/updates/cc-tweaked/forge_updates.json
[199月2026 20:15:49.532] [main/INFO] [GregTechCEu/]: Did not find bolt for diamond_tipped_mo_50_re, skipping wirecutter recipe
[199月2026 20:15:49.543] [main/INFO] [STDOUT/]: [earth.terrarium.botarium.common.energy.EnergyApi:finalizeItemRegistration:54]: Finalizing energy item registration
[199月2026 20:15:49.546] [main/INFO] [STDOUT/]: [earth.terrarium.botarium.common.fluid.FluidApi:finalizeItemRegistration:55]: Finalizing fluid item registration
[199月2026 20:15:49.663] [main/ERROR] [GregTechCEu/]: Tried to set output item stack that doesn't exist, id: gtceu:alloy_smelt_weak_inconel_718_to_nugget, TagPrefix: nugget, Material: tfg:weak_inconel_718, Count: 9
[199月2026 20:15:49.666] [main/ERROR] [GregTechCEu/]: Tried to set output item stack that doesn't exist, id: gtceu:alloy_smelt_magnesia_refractory_brick_to_nugget, TagPrefix: nugget, Material: tfg:magnesia_refractory_brick, Count: 9
[199月2026 20:15:49.688] [main/ERROR] [GregTechCEu/]: Tried to set output item stack that doesn't exist, id: gtceu:cool_hot_weak_mo_si_b_ingot, TagPrefix: ingot, Material: tfg:weak_mo_si_b, Count: 1
[199月2026 20:15:49.786] [Forge Version Check/INFO] [net.minecraftforge.fml.VersionChecker/]: [computercraft] Found status: OUTDATED Current: 1.116.1 Target: 1.120.2
[199月2026 20:15:49.786] [Forge Version Check/INFO] [net.minecraftforge.fml.VersionChecker/]: [cucumber] Starting version check at https://api.blakesmods.com/v2/mods/cucumber/1.20/updates
[199月2026 20:15:50.012] [main/INFO] [GregTechCEu/]: Did not find bolt for boron_carbide, skipping wirecutter recipe
[199月2026 20:15:50.311] [Forge Version Check/INFO] [net.minecraftforge.fml.VersionChecker/]: [cucumber] Found status: UP_TO_DATE Current: 7.0.16 Target: null
[199月2026 20:15:50.312] [Forge Version Check/INFO] [net.minecraftforge.fml.VersionChecker/]: [copycats] Starting version check at https://raw.githubusercontent.com/copycats-plus/copycats/multiloader/update.json
[199月2026 20:15:50.349] [Forge Version Check/INFO] [net.minecraftforge.fml.VersionChecker/]: [copycats] Found status: AHEAD Current: 3.0.8+mc.1.20.1-forge Target: null
[199月2026 20:15:50.350] [Forge Version Check/INFO] [net.minecraftforge.fml.VersionChecker/]: [smoothboot] Starting version check at https://github.com/AbdElAziz333/SmoothBoot-Reloaded/raw/mc1.20.1/dev/updates.json
[199月2026 20:15:50.395] [Forge Version Check/WARN] [net.minecraftforge.fml.VersionChecker/]: Failed to process update information
com.google.gson.JsonSyntaxException: java.lang.IllegalStateException: Expected BEGIN_OBJECT but was STRING at line 9 column 1 path $
	at com.google.gson.Gson.fromJson(Gson.java:1226) ~[gson-2.10.jar%2372!/:?]
	at com.google.gson.Gson.fromJson(Gson.java:1124) ~[gson-2.10.jar%2372!/:?]
	at com.google.gson.Gson.fromJson(Gson.java:1034) ~[gson-2.10.jar%2372!/:?]
	at com.google.gson.Gson.fromJson(Gson.java:969) ~[gson-2.10.jar%2372!/:?]
	at net.minecraftforge.fml.VersionChecker$1.process(VersionChecker.java:186) ~[fmlcore-1.20.1-47.4.13.jar%23528!/:?]
	at java.lang.Iterable.forEach(Iterable.java:75) ~[?:?]
	at net.minecraftforge.fml.VersionChecker$1.run(VersionChecker.java:117) ~[fmlcore-1.20.1-47.4.13.jar%23528!/:?]
Caused by: java.lang.IllegalStateException: Expected BEGIN_OBJECT but was STRING at line 9 column 1 path $
	at com.google.gson.stream.JsonReader.beginObject(JsonReader.java:393) ~[gson-2.10.jar%2372!/:?]
	at com.google.gson.internal.bind.MapTypeAdapterFactory$Adapter.read(MapTypeAdapterFactory.java:182) ~[gson-2.10.jar%2372!/:?]
	at com.google.gson.internal.bind.MapTypeAdapterFactory$Adapter.read(MapTypeAdapterFactory.java:144) ~[gson-2.10.jar%2372!/:?]
	at com.google.gson.Gson.fromJson(Gson.java:1214) ~[gson-2.10.jar%2372!/:?]
	... 6 more
[199月2026 20:15:50.397] [Forge Version Check/INFO] [net.minecraftforge.fml.VersionChecker/]: [armorquickswap] Starting version check at https://raw.githubusercontent.com/Fuzss/modresources/main/update/armorquickswap.json
[199月2026 20:15:50.582] [Forge Version Check/INFO] [net.minecraftforge.fml.VersionChecker/]: [armorquickswap] Found status: UP_TO_DATE Current: 8.0.0 Target: null
[199月2026 20:15:52.838] [main/INFO] [GregTechCEu/]: Did not find bolt for ostrum_iodide, skipping wirecutter recipe
[199月2026 20:15:53.544] [main/INFO] [GregTechCEu/]: Did not find bolt for stone, skipping wirecutter recipe
[199月2026 20:15:59.939] [main/INFO] [GregTechCEu/]: GregTech Data loading took 11040ms
[199月2026 20:15:59.942] [main/INFO] [electrolyte.greate.Greate/]: Generating Dynamic Tags...
[199月2026 20:15:59.948] [main/INFO] [electrolyte.greate.Greate/]: Finished generating 200 dynamic tags.
[199月2026 20:16:00.115] [main/INFO] [tacz/]: Exporting resource pack /assets/tacz/custom/tacz_default_gun to C:\Users\yushu\Downloads\TerraFirmaGreg-Modern-0.13.10-serverpack\tacz\tacz_default_gun
[199月2026 20:16:15.187] [main/INFO] [tacz/GunPackFinder]: Start scanning for gun packs in C:\Users\yushu\Downloads\TerraFirmaGreg-Modern-0.13.10-serverpack\tacz
[199月2026 20:16:15.238] [main/INFO] [tacz/GunPackFinder]: - Applied Armorer-v1.1.4.1.TFG-for114+.zip, Main namespace: applied_armorer
[199月2026 20:16:15.273] [main/INFO] [tacz/GunPackFinder]: - Create Armorer-v1.2.0-for115.zip, Main namespace: create_armorer
[199月2026 20:16:15.276] [main/INFO] [tacz/GunPackFinder]: - tacz_default_gun, Main namespace: tacz
[199月2026 20:16:15.282] [main/INFO] [tacz/GunPackFinder]: - ulv_guns.zip, Main namespace: ulv_guns
[199月2026 20:16:15.282] [main/INFO] [tacz/GunPackFinder]: Found 4 possible gunpack(s) and added them to resource set.
[199月2026 20:16:16.458] [main/INFO] [net.minecraft.server.MinecraftServer/]: Found new data pack Everycomp Generated Pack, loading it automatically
[199月2026 20:16:16.459] [main/INFO] [net.minecraft.server.MinecraftServer/]: Found new data pack afc_compat_data, loading it automatically
[199月2026 20:16:16.459] [main/INFO] [net.minecraft.server.MinecraftServer/]: Found new data pack create:dynamic_data, loading it automatically
[199月2026 20:16:16.459] [main/INFO] [net.minecraft.server.MinecraftServer/]: Found new data pack create_repair:dynamic_data, loading it automatically
[199月2026 20:16:16.460] [main/INFO] [net.minecraft.server.MinecraftServer/]: Found new data pack firmalife_compat_data, loading it automatically
[199月2026 20:16:16.460] [main/INFO] [net.minecraft.server.MinecraftServer/]: Found new data pack greate:dynamic_data, loading it automatically
[199月2026 20:16:16.460] [main/INFO] [net.minecraft.server.MinecraftServer/]: Found new data pack gtceu:dynamic_data, loading it automatically
[199月2026 20:16:16.460] [main/INFO] [net.minecraft.server.MinecraftServer/]: Found new data pack lithostitched/breaks_seed_parity, loading it automatically
[199月2026 20:16:16.462] [main/INFO] [net.minecraft.server.MinecraftServer/]: Found new data pack tacz_resources, loading it automatically
[199月2026 20:16:26.464] [main/ERROR] [net.minecraftforge.fml.loading.RuntimeDistCleaner/DISTXFORM]: Attempted to load class net/minecraft/client/gui/GuiGraphics for invalid dist DEDICATED_SERVER
[199月2026 20:16:26.465] [main/INFO] [STDERR/]: [dev.latvian.mods.rhino.JavaMembers:getDeclaredMethodsSafe:836]: [Rhino] Failed to get declared methods for com.lowdragmc.lowdraglib.gui.widget.PhantomFluidWidget: java.lang.RuntimeException: Attempted to load class net/minecraft/client/gui/GuiGraphics for invalid dist DEDICATED_SERVER
[199月2026 20:16:26.468] [main/ERROR] [net.minecraftforge.fml.loading.RuntimeDistCleaner/DISTXFORM]: Attempted to load class com/lowdragmc/lowdraglib/client/scene/WorldSceneRenderer for invalid dist DEDICATED_SERVER
[199月2026 20:16:26.469] [main/INFO] [STDERR/]: [dev.latvian.mods.rhino.JavaMembers:getDeclaredMethodsSafe:836]: [Rhino] Failed to get declared methods for com.lowdragmc.lowdraglib.gui.widget.SceneWidget: java.lang.RuntimeException: Attempted to load class com/lowdragmc/lowdraglib/client/scene/WorldSceneRenderer for invalid dist DEDICATED_SERVER
[199月2026 20:16:26.474] [main/ERROR] [net.minecraftforge.fml.loading.RuntimeDistCleaner/DISTXFORM]: Attempted to load class net/minecraft/client/gui/Font for invalid dist DEDICATED_SERVER
[199月2026 20:16:26.474] [main/INFO] [STDERR/]: [dev.latvian.mods.rhino.JavaMembers:getDeclaredMethodsSafe:836]: [Rhino] Failed to get declared methods for com.lowdragmc.lowdraglib.gui.widget.codeeditor.CodeEditorWidget: java.lang.RuntimeException: Attempted to load class net/minecraft/client/gui/Font for invalid dist DEDICATED_SERVER
[199月2026 20:16:26.480] [main/INFO] [STDERR/]: [dev.latvian.mods.rhino.JavaMembers:getDeclaredMethodsSafe:836]: [Rhino] Failed to get declared methods for com.gregtechceu.gtceu.common.data.GTMaterialBlocks: java.lang.NoClassDefFoundError: net/minecraft/client/color/item/ItemColor
[199月2026 20:16:26.482] [main/INFO] [STDERR/]: [dev.latvian.mods.rhino.JavaMembers:getDeclaredMethodsSafe:836]: [Rhino] Failed to get declared methods for com.gregtechceu.gtceu.common.data.GTItems: java.lang.NoClassDefFoundError: net/minecraft/client/renderer/item/ItemPropertyFunction
[199月2026 20:16:26.482] [main/INFO] [STDERR/]: [dev.latvian.mods.rhino.JavaMembers:getDeclaredMethodsSafe:836]: [Rhino] Failed to get declared methods for com.gregtechceu.gtceu.common.data.GTMaterialItems: java.lang.NoClassDefFoundError: net/minecraft/client/color/item/ItemColor
[199月2026 20:16:26.491] [main/INFO] [KubeJS Server/]: Loaded script server_scripts:tfg/natural_blocks/loot.stones.js in 0.004 s
[199月2026 20:16:26.495] [main/INFO] [KubeJS Server/]: Loaded script server_scripts:tfg/ores_and_materials/loot.ores.js in 0.003 s
[199月2026 20:16:26.508] [main/INFO] [KubeJS Server/]: Loaded script server_scripts:tfg/utility.recipes.js in 0.011 s
[199月2026 20:16:26.517] [main/INFO] [KubeJS Server/]: Loaded script server_scripts:main_server_script.js in 0.005 s
[199月2026 20:16:26.539] [main/INFO] [KubeJS Server/]: Loaded script server_scripts:tfg/aquaponics/recipes.greenhouse.js in 0.02 s
[199月2026 20:16:26.575] [main/INFO] [KubeJS Server/]: tfg/food/utility.food.js#6: Loaded Java class 'su.terrafirmagreg.core.common.tfgt.machine.trait.ISPOutputRecipeLogic'
[199月2026 20:16:26.583] [main/INFO] [KubeJS Server/]: tfg/food/utility.food.js#7: Loaded Java class 'com.gregtechceu.gtceu.api.recipe.ingredient.SizedIngredient'
[199月2026 20:16:26.585] [main/INFO] [KubeJS Server/]: Loaded script server_scripts:tfg/food/utility.food.js in 0.043 s
[199月2026 20:16:26.590] [main/INFO] [KubeJS Server/]: Loaded script server_scripts:advancedperipherals/recipes.js in 0.003 s
[199月2026 20:16:26.592] [main/INFO] [KubeJS Server/]: Loaded script server_scripts:ad_astra/data.js in 0.001 s
[199月2026 20:16:26.594] [main/INFO] [KubeJS Server/]: Loaded script server_scripts:ad_astra/loot.js in 0.0 s
[199月2026 20:16:26.601] [main/INFO] [KubeJS Server/]: Loaded script server_scripts:ad_astra/recipes.js in 0.005 s
[199月2026 20:16:26.606] [main/INFO] [KubeJS Server/]: Loaded script server_scripts:ad_astra/tags.js in 0.003 s
[199月2026 20:16:26.621] [main/INFO] [KubeJS Server/]: Loaded script server_scripts:ae2/recipes.js in 0.013 s
[199月2026 20:16:26.622] [main/INFO] [KubeJS Server/]: Loaded script server_scripts:ae2/tags.facades.js in 0.0 s
[199月2026 20:16:26.625] [main/INFO] [KubeJS Server/]: Loaded script server_scripts:ae2/tags.js in 0.001 s
[199月2026 20:16:26.628] [main/INFO] [KubeJS Server/]: Loaded script server_scripts:ae2iec/recipes.js in 0.001 s
[199月2026 20:16:26.630] [main/INFO] [KubeJS Server/]: Loaded script server_scripts:ae2na/recipes.js in 0.001 s
[199月2026 20:16:26.632] [main/INFO] [KubeJS Server/]: Loaded script server_scripts:ae2wtlib/recipes.js in 0.001 s
[199月2026 20:16:26.636] [main/INFO] [KubeJS Server/]: Loaded script server_scripts:afc/data.js in 0.002 s
[199月2026 20:16:26.642] [main/INFO] [KubeJS Server/]: Loaded script server_scripts:afc/recipes.js in 0.004 s
[199月2026 20:16:26.645] [main/INFO] [KubeJS Server/]: Loaded script server_scripts:afc/tags.js in 0.001 s
[199月2026 20:16:26.646] [main/INFO] [KubeJS Server/]: Loaded script server_scripts:alekiships/recipes.js in 0.001 s
[199月2026 20:16:26.649] [main/INFO] [KubeJS Server/]: Loaded script server_scripts:arthropocolypse/recipes.js in 0.001 s
[199月2026 20:16:26.651] [main/INFO] [KubeJS Server/]: Loaded script server_scripts:arthropocolypse/tags.js in 0.001 s
[199月2026 20:16:26.656] [main/INFO] [KubeJS Server/]: Loaded script server_scripts:asticor_carts/recipes.js in 0.001 s
[199月2026 20:16:26.666] [main/INFO] [KubeJS Server/]: Loaded script server_scripts:beneath/loot.js in 0.002 s
[199月2026 20:16:26.668] [main/INFO] [KubeJS Server/]: Loaded script server_scripts:beneath/recipes.js in 0.001 s
[199月2026 20:16:26.672] [main/INFO] [KubeJS Server/]: Loaded script server_scripts:beneath/tags.js in 0.001 s
[199月2026 20:16:26.674] [main/INFO] [KubeJS Server/]: Loaded script server_scripts:blockrunner/tags.js in 0.001 s
[199月2026 20:16:26.678] [main/INFO] [KubeJS Server/]: Loaded script server_scripts:buildinggadgets2/recipes.js in 0.002 s
[199月2026 20:16:26.680] [main/INFO] [KubeJS Server/]: Loaded script server_scripts:cccbridge/recipes.js in 0.001 s
[199月2026 20:16:26.682] [main/INFO] [KubeJS Server/]: Loaded script server_scripts:chalk/data.js in 0.001 s
[199月2026 20:16:26.685] [main/INFO] [KubeJS Server/]: Loaded script server_scripts:chalk/recipes.js in 0.002 s
[199月2026 20:16:26.686] [main/INFO] [KubeJS Server/]: Loaded script server_scripts:chimes/data.js in 0.001 s
[199月2026 20:16:26.688] [main/INFO] [KubeJS Server/]: Loaded script server_scripts:chimes/recipes.js in 0.0 s
[199月2026 20:16:26.692] [main/INFO] [KubeJS Server/]: Loaded script server_scripts:comforts/recipes.js in 0.002 s
[199月2026 20:16:26.701] [main/INFO] [KubeJS Server/]: Loaded script server_scripts:computer_craft/data.js in 0.007 s
[199月2026 20:16:26.706] [main/INFO] [KubeJS Server/]: Loaded script server_scripts:computer_craft/recipes.js in 0.004 s
[199月2026 20:16:26.708] [main/INFO] [KubeJS Server/]: Loaded script server_scripts:computer_craft/tags.js in 0.0 s
[199月2026 20:16:26.711] [main/INFO] [KubeJS Server/]: Loaded script server_scripts:constructionwand/recipes.js in 0.001 s
[199月2026 20:16:26.712] [main/INFO] [KubeJS Server/]: Loaded script server_scripts:constructionwand/tags.js in 0.0 s
[199月2026 20:16:26.714] [main/INFO] [KubeJS Server/]: Loaded script server_scripts:cosy_critters/tags.js in 0.0 s
[199月2026 20:16:26.715] [main/INFO] [KubeJS Server/]: Loaded script server_scripts:crafting_station/tags.js in 0.0 s
[199月2026 20:16:26.729] [main/INFO] [KubeJS Server/]: Loaded script server_scripts:create/recipes.js in 0.013 s
[199月2026 20:16:26.733] [main/INFO] [KubeJS Server/]: Loaded script server_scripts:create/tags.js in 0.002 s
[199月2026 20:16:26.734] [main/INFO] [KubeJS Server/]: Loaded script server_scripts:createdeco/data.js in 0.001 s
[199月2026 20:16:26.746] [main/INFO] [KubeJS Server/]: Loaded script server_scripts:createdeco/recipes.js in 0.009 s
[199月2026 20:16:26.748] [main/INFO] [KubeJS Server/]: Loaded script server_scripts:createdeco/tags.js in 0.001 s
[199月2026 20:16:26.750] [main/INFO] [KubeJS Server/]: Loaded script server_scripts:create_additions/data.js in 0.001 s
[199月2026 20:16:26.753] [main/INFO] [KubeJS Server/]: create_additions/events.js#4: Loaded Java class 'net.dries007.tfc.common.capabilities.food.FoodData'
[199月2026 20:16:26.764] [main/INFO] [KubeJS Server/]: Loaded script server_scripts:create_additions/events.js in 0.011 s
[199月2026 20:16:26.768] [main/INFO] [KubeJS Server/]: Loaded script server_scripts:create_additions/recipes.js in 0.002 s
[199月2026 20:16:26.773] [main/INFO] [KubeJS Server/]: Loaded script server_scripts:create_additions/tags.js in 0.003 s
[199月2026 20:16:26.778] [main/INFO] [KubeJS Server/]: Loaded script server_scripts:create_connected/recipes.js in 0.002 s
[199月2026 20:16:26.781] [main/INFO] [KubeJS Server/]: Loaded script server_scripts:create_connected/tags.js in 0.0 s
[199月2026 20:16:26.791] [main/INFO] [KubeJS Server/]: Loaded script server_scripts:create_copycats/recipes.js in 0.007 s
[199月2026 20:16:26.794] [main/INFO] [KubeJS Server/]: Loaded script server_scripts:create_copycats/tags.js in 0.001 s
[199月2026 20:16:26.797] [main/INFO] [KubeJS Server/]: Loaded script server_scripts:create_extra_gauges/recipes.js in 0.0 s
[199月2026 20:16:26.806] [main/INFO] [KubeJS Server/]: Loaded script server_scripts:create_fluidlogistics/recipes.js in 0.002 s
[199月2026 20:16:26.808] [main/INFO] [KubeJS Server/]: Loaded script server_scripts:create_fluidlogistics/tags.js in 0.0 s
[199月2026 20:16:26.811] [main/INFO] [KubeJS Server/]: Loaded script server_scripts:create_horse_power/recipes.js in 0.001 s
[199月2026 20:16:26.814] [main/INFO] [KubeJS Server/]: Loaded script server_scripts:create_hypertube/recipes.js in 0.001 s
[199月2026 20:16:26.816] [main/INFO] [KubeJS Server/]: Loaded script server_scripts:create_picky_wheels/tags.js in 0.001 s
[199月2026 20:16:26.820] [main/INFO] [KubeJS Server/]: Loaded script server_scripts:create_railways_navigator/recipes.js in 0.001 s
[199月2026 20:16:26.825] [main/INFO] [KubeJS Server/]: Loaded script server_scripts:create_sound_of_steam/recipes.js in 0.004 s
[199月2026 20:16:26.829] [main/INFO] [KubeJS Server/]: Loaded script server_scripts:create_steam_powered/recipes.js in 0.001 s
[199月2026 20:16:26.830] [main/INFO] [KubeJS Server/]: Loaded script server_scripts:create_steam_powered/tags.js in 0.0 s
[199月2026 20:16:26.834] [main/INFO] [KubeJS Server/]: Loaded script server_scripts:create_stock_bridge/recipes.js in 0.002 s
[199月2026 20:16:26.835] [main/INFO] [KubeJS Server/]: Loaded script server_scripts:create_stock_bridge/tags.js in 0.0 s
[199月2026 20:16:26.837] [main/INFO] [KubeJS Server/]: Loaded script server_scripts:deafission/recipes.js in 0.0 s
[199月2026 20:16:26.840] [main/INFO] [KubeJS Server/]: Loaded script server_scripts:diggerhelmet/recipes.js in 0.0 s
[199月2026 20:16:26.842] [main/INFO] [KubeJS Server/]: Loaded script server_scripts:diggerhelmet/tags.js in 0.0 s
[199月2026 20:16:26.844] [main/INFO] [KubeJS Server/]: Loaded script server_scripts:domum_ornamentum/recipes.js in 0.001 s
[199月2026 20:16:26.847] [main/INFO] [KubeJS Server/]: Loaded script server_scripts:domum_ornamentum/tags.js in 0.0 s
[199月2026 20:16:26.849] [main/INFO] [KubeJS Server/]: Loaded script server_scripts:endermanoverhaul/recipes.js in 0.0 s
[199月2026 20:16:26.852] [main/INFO] [KubeJS Server/]: Loaded script server_scripts:endermanoverhaul/tags.js in 0.0 s
[199月2026 20:16:26.854] [main/INFO] [KubeJS Server/]: Loaded script server_scripts:etched/recipes.js in 0.0 s
[199月2026 20:16:26.857] [main/INFO] [KubeJS Server/]: Loaded script server_scripts:every_compat/recipes.js in 0.001 s
[199月2026 20:16:26.859] [main/INFO] [KubeJS Server/]: Loaded script server_scripts:every_compat/tags.js in 0.0 s
[199月2026 20:16:26.862] [main/INFO] [KubeJS Server/]: Loaded script server_scripts:exposure/recipes.js in 0.002 s
[199月2026 20:16:26.864] [main/INFO] [KubeJS Server/]: Loaded script server_scripts:exposure/tags.js in 0.0 s
[199月2026 20:16:26.869] [main/INFO] [KubeJS Server/]: Loaded script server_scripts:extended_ae2/recipes.js in 0.002 s
[199月2026 20:16:26.871] [main/INFO] [KubeJS Server/]: Loaded script server_scripts:firmaciv/recipes.js in 0.001 s
[199月2026 20:16:26.873] [main/INFO] [KubeJS Server/]: Loaded script server_scripts:firmaciv/tags.js in 0.0 s
[199月2026 20:16:26.875] [main/INFO] [KubeJS Server/]: Loaded script server_scripts:firmalife/data.js in 0.0 s
[199月2026 20:16:26.885] [main/INFO] [KubeJS Server/]: Loaded script server_scripts:firmalife/recipes.js in 0.007 s
[199月2026 20:16:26.888] [main/INFO] [KubeJS Server/]: Loaded script server_scripts:firmalife/tags.js in 0.001 s
[199月2026 20:16:26.890] [main/INFO] [KubeJS Server/]: Loaded script server_scripts:fowl_play/tags.js in 0.001 s
[199月2026 20:16:26.893] [main/INFO] [KubeJS Server/]: Loaded script server_scripts:framed_blocks/recipes.js in 0.002 s
[199月2026 20:16:26.895] [main/INFO] [KubeJS Server/]: Loaded script server_scripts:framed_blocks/tags.js in 0.001 s
[199月2026 20:16:26.898] [main/INFO] [KubeJS Server/]: Loaded script server_scripts:ftb_quests/CustomQuests.js in 0.001 s
[199月2026 20:16:26.901] [main/INFO] [KubeJS Server/]: Loaded script server_scripts:ftb_quests/filters.js in 0.0 s
[199月2026 20:16:26.903] [main/INFO] [KubeJS Server/]: Loaded script server_scripts:ftb_quests/recipes.js in 0.0 s
[199月2026 20:16:26.905] [main/INFO] [KubeJS Server/]: Loaded script server_scripts:ftb_quests/tags.js in 0.001 s
[199月2026 20:16:26.926] [main/INFO] [KubeJS Server/]: grapplemod/recipes.js#48: Loaded Java class 'com.yyon.grapplinghook.utils.GrappleCustomization'
[199月2026 20:16:26.928] [main/INFO] [KubeJS Server/]: Loaded script server_scripts:grapplemod/recipes.js in 0.02 s
[199月2026 20:16:26.934] [main/INFO] [KubeJS Server/]: Loaded script server_scripts:greate/recipes.js in 0.005 s
[199月2026 20:16:26.938] [main/INFO] [KubeJS Server/]: Loaded script server_scripts:greate/recipes.recycling.js in 0.0 s
[199月2026 20:16:26.941] [main/INFO] [KubeJS Server/]: Loaded script server_scripts:greate/recipes.removes.js in 0.001 s
[199月2026 20:16:26.943] [main/INFO] [KubeJS Server/]: Loaded script server_scripts:greate/tags.js in 0.0 s
[199月2026 20:16:26.945] [main/INFO] [KubeJS Server/]: Loaded script server_scripts:gregtech/constants.js in 0.0 s
[199月2026 20:16:26.948] [main/INFO] [KubeJS Server/]: Loaded script server_scripts:gregtech/data.js in 0.002 s
[199月2026 20:16:26.952] [main/INFO] [KubeJS Server/]: Loaded script server_scripts:gregtech/recipes.js in 0.003 s
[199月2026 20:16:26.958] [main/INFO] [KubeJS Server/]: Loaded script server_scripts:gregtech/recipes.machines.js in 0.004 s
[199月2026 20:16:26.962] [main/INFO] [KubeJS Server/]: Loaded script server_scripts:gregtech/recipes.recycling.js in 0.001 s
[199月2026 20:16:26.965] [main/INFO] [KubeJS Server/]: Loaded script server_scripts:gregtech/recipes.removes.js in 0.002 s
[199月2026 20:16:26.968] [main/INFO] [KubeJS Server/]: Loaded script server_scripts:gregtech/tags.js in 0.002 s
[199月2026 20:16:26.974] [main/INFO] [KubeJS Server/]: gregtech/utility.js#4: Loaded Java class 'com.google.gson.JsonObject'
[199月2026 20:16:26.975] [main/INFO] [KubeJS Server/]: gregtech/utility.js#5: Loaded Java class 'com.google.gson.JsonArray'
[199月2026 20:16:26.976] [main/INFO] [KubeJS Server/]: gregtech/utility.js#6: Loaded Java class 'com.google.gson.JsonParser'
[199月2026 20:16:26.976] [main/INFO] [KubeJS Server/]: gregtech/utility.js#7: Loaded Java class 'com.google.gson.JsonElement'
[199月2026 20:16:26.978] [main/INFO] [KubeJS Server/]: Loaded script server_scripts:gregtech/utility.js in 0.008 s
[199月2026 20:16:26.979] [main/INFO] [KubeJS Server/]: Loaded script server_scripts:gtceu_terminal/recipes.js in 0.0 s
[199月2026 20:16:26.983] [main/INFO] [KubeJS Server/]: Loaded script server_scripts:gtmoderntuilities/recipes.js in 0.002 s
[199月2026 20:16:26.984] [main/INFO] [KubeJS Server/]: Loaded script server_scripts:hangglider/recipes.js in 0.0 s
[199月2026 20:16:26.986] [main/INFO] [KubeJS Server/]: Loaded script server_scripts:immersive_aircraft/data.js in 0.001 s
[199月2026 20:16:26.991] [main/INFO] [KubeJS Server/]: Loaded script server_scripts:immersive_aircraft/recipes.js in 0.004 s
[199月2026 20:16:26.993] [main/INFO] [KubeJS Server/]: Loaded script server_scripts:jellies/recipes.js in 0.001 s
[199月2026 20:16:26.994] [main/INFO] [KubeJS Server/]: Loaded script server_scripts:jellies/tags.js in 0.0 s
[199月2026 20:16:26.996] [main/INFO] [KubeJS Server/]: Loaded script server_scripts:lootr/loot.js in 0.0 s
[199月2026 20:16:26.998] [main/INFO] [KubeJS Server/]: Loaded script server_scripts:macaws_for_tfc/recipes.js in 0.0 s
[199月2026 20:16:27.000] [main/INFO] [KubeJS Server/]: Loaded script server_scripts:macaws_for_tfc/tags.js in 0.0 s
[199月2026 20:16:27.002] [main/INFO] [KubeJS Server/]: Loaded script server_scripts:measurements/recipes.js in 0.0 s
[199月2026 20:16:27.006] [main/INFO] [KubeJS Server/]: Loaded script server_scripts:mega_cells/recipes.js in 0.003 s
[199月2026 20:16:27.008] [main/INFO] [KubeJS Server/]: Loaded script server_scripts:me_requester/recipes.js in 0.001 s
[199月2026 20:16:27.010] [main/INFO] [KubeJS Server/]: Loaded script server_scripts:minecraft/data.js in 0.0 s
[199月2026 20:16:27.011] [main/INFO] [KubeJS Server/]: Loaded script server_scripts:minecraft/events.js in 0.0 s
[199月2026 20:16:27.014] [main/INFO] [KubeJS Server/]: Loaded script server_scripts:minecraft/loot.js in 0.0 s
[199月2026 20:16:27.019] [main/INFO] [KubeJS Server/]: Loaded script server_scripts:minecraft/recipes.js in 0.004 s
[199月2026 20:16:27.022] [main/INFO] [KubeJS Server/]: Loaded script server_scripts:minecraft/recipes.removes.js in 0.001 s
[199月2026 20:16:27.026] [main/INFO] [KubeJS Server/]: Loaded script server_scripts:minecraft/tags.js in 0.002 s
[199月2026 20:16:27.028] [main/INFO] [KubeJS Server/]: Loaded script server_scripts:modern_markings/recipes.js in 0.001 s
[199月2026 20:16:27.030] [main/INFO] [KubeJS Server/]: Loaded script server_scripts:modern_markings/tags.js in 0.001 s
[199月2026 20:16:27.033] [main/INFO] [KubeJS Server/]: Loaded script server_scripts:more_red/recipes.js in 0.001 s
[199月2026 20:16:27.037] [main/INFO] [KubeJS Server/]: Loaded script server_scripts:mts/data.js in 0.001 s
[199月2026 20:16:27.040] [main/INFO] [KubeJS Server/]: Loaded script server_scripts:mts/recipes.js in 0.001 s
[199月2026 20:16:27.042] [main/INFO] [KubeJS Server/]: Loaded script server_scripts:mtsofficialpack/data.js in 0.001 s
[199月2026 20:16:27.045] [main/INFO] [KubeJS Server/]: Loaded script server_scripts:mtsofficialpack/recipes.js in 0.001 s
[199月2026 20:16:27.047] [main/INFO] [KubeJS Server/]: Loaded script server_scripts:mtsofficialpack/tags.js in 0.001 s
[199月2026 20:16:27.050] [main/INFO] [KubeJS Server/]: Loaded script server_scripts:primitive_creatures/loot.js in 0.002 s
[199月2026 20:16:27.052] [main/INFO] [KubeJS Server/]: Loaded script server_scripts:primitive_creatures/recipes.js in 0.001 s
[199月2026 20:16:27.053] [main/INFO] [KubeJS Server/]: Loaded script server_scripts:primitive_creatures/tags.js in 0.0 s
[199月2026 20:16:27.055] [main/INFO] [KubeJS Server/]: Loaded script server_scripts:railways/data.js in 0.0 s
[199月2026 20:16:27.060] [main/INFO] [KubeJS Server/]: Loaded script server_scripts:railways/recipes.js in 0.004 s
[199月2026 20:16:27.064] [main/INFO] [KubeJS Server/]: Loaded script server_scripts:railways/recipes.locometal.js in 0.003 s
[199月2026 20:16:27.065] [main/INFO] [KubeJS Server/]: Loaded script server_scripts:railways/tags.js in 0.0 s
[199月2026 20:16:27.066] [main/INFO] [KubeJS Server/]: Loaded script server_scripts:realmrpg_skeletons/tags.js in 0.0 s
[199月2026 20:16:27.072] [main/INFO] [KubeJS Server/]: Loaded script server_scripts:rnr/recipes.js in 0.003 s
[199月2026 20:16:27.074] [main/INFO] [KubeJS Server/]: Loaded script server_scripts:rnr/tags.js in 0.001 s
[199月2026 20:16:27.077] [main/INFO] [KubeJS Server/]: Loaded script server_scripts:sacksnstuff/recipes.js in 0.001 s
[199月2026 20:16:27.079] [main/INFO] [KubeJS Server/]: Loaded script server_scripts:sacksnstuff/tags.js in 0.001 s
[199月2026 20:16:27.081] [main/INFO] [KubeJS Server/]: Loaded script server_scripts:sandworm/recipes.js in 0.001 s
[199月2026 20:16:27.082] [main/INFO] [KubeJS Server/]: Loaded script server_scripts:simplylight/recipes.js in 0.001 s
[199月2026 20:16:27.084] [main/INFO] [KubeJS Server/]: Loaded script server_scripts:sophisticated_backpacks/data.js in 0.0 s
[199月2026 20:16:27.087] [main/INFO] [KubeJS Server/]: Loaded script server_scripts:sophisticated_backpacks/recipes.js in 0.001 s
[199月2026 20:16:27.089] [main/INFO] [KubeJS Server/]: Loaded script server_scripts:soulbound/recipes.js in 0.0 s
[199月2026 20:16:27.090] [main/INFO] [KubeJS Server/]: Loaded script server_scripts:soulbound/tags.js in 0.0 s
[199月2026 20:16:27.093] [main/INFO] [KubeJS Server/]: Loaded script server_scripts:species/data.js in 0.001 s
[199月2026 20:16:27.095] [main/INFO] [KubeJS Server/]: Loaded script server_scripts:species/loot.js in 0.001 s
[199月2026 20:16:27.097] [main/INFO] [KubeJS Server/]: Loaded script server_scripts:species/recipes.js in 0.001 s
[199月2026 20:16:27.098] [main/INFO] [KubeJS Server/]: Loaded script server_scripts:species/tags.js in 0.0 s
[199月2026 20:16:27.100] [main/INFO] [KubeJS Server/]: Loaded script server_scripts:tacz/data.js in 0.0 s
[199月2026 20:16:27.106] [main/INFO] [KubeJS Server/]: Loaded script server_scripts:tacz/index_modifiers.js in 0.004 s
[199月2026 20:16:27.109] [main/INFO] [KubeJS Server/]: Loaded script server_scripts:tacz/recipes.ammo.js in 0.001 s
[199月2026 20:16:27.111] [main/INFO] [KubeJS Server/]: Loaded script server_scripts:tacz/recipes.attach.js in 0.001 s
[199月2026 20:16:27.113] [main/INFO] [KubeJS Server/]: Loaded script server_scripts:tacz/recipes.guns.js in 0.002 s
[199月2026 20:16:27.115] [main/INFO] [KubeJS Server/]: Loaded script server_scripts:tacz/recipes.js in 0.0 s
[199月2026 20:16:27.117] [main/INFO] [KubeJS Server/]: Loaded script server_scripts:tacz/recipes.misc.js in 0.0 s
[199月2026 20:16:27.118] [main/INFO] [KubeJS Server/]: Loaded script server_scripts:tacz/tags.js in 0.0 s
[199月2026 20:16:27.120] [main/INFO] [KubeJS Server/]: Loaded script server_scripts:tfc/data.js in 0.001 s
[199月2026 20:16:27.122] [main/INFO] [KubeJS Server/]: Loaded script server_scripts:tfc/events.js in 0.0 s
[199月2026 20:16:27.125] [main/INFO] [KubeJS Server/]: Loaded script server_scripts:tfc/loot.js in 0.001 s
[199月2026 20:16:27.128] [main/INFO] [KubeJS Server/]: Loaded script server_scripts:tfc/recipes.dyes.js in 0.002 s
[199月2026 20:16:27.131] [main/INFO] [KubeJS Server/]: Loaded script server_scripts:tfc/recipes.js in 0.001 s
[199月2026 20:16:27.136] [main/INFO] [KubeJS Server/]: Loaded script server_scripts:tfc/recipes.metals.js in 0.002 s
[199月2026 20:16:27.138] [main/INFO] [KubeJS Server/]: Loaded script server_scripts:tfc/recipes.removes.js in 0.001 s
[199月2026 20:16:27.146] [main/INFO] [KubeJS Server/]: tfc/tags.js#4: Loaded Java class 'net.minecraftforge.registries.ForgeRegistries'
[199月2026 20:16:27.149] [main/INFO] [KubeJS Server/]: Loaded script server_scripts:tfc/tags.js in 0.007 s
[199月2026 20:16:27.151] [main/INFO] [KubeJS Server/]: Loaded script server_scripts:tfcambiental/recipes.js in 0.001 s
[199月2026 20:16:27.152] [main/INFO] [KubeJS Server/]: Loaded script server_scripts:tfcambiental/tags.js in 0.0 s
[199月2026 20:16:27.154] [main/INFO] [KubeJS Server/]: Loaded script server_scripts:tfcbetterbf/data.js in 0.0 s
[199月2026 20:16:27.157] [main/INFO] [KubeJS Server/]: Loaded script server_scripts:tfcbetterbf/recipes.js in 0.0 s
[199月2026 20:16:27.159] [main/INFO] [KubeJS Server/]: Loaded script server_scripts:tfcchannelcasting/tags.js in 0.001 s
[199月2026 20:16:27.160] [main/INFO] [KubeJS Server/]: Loaded script server_scripts:tfchotornot/recipes.js in 0.0 s
[199月2026 20:16:27.163] [main/INFO] [KubeJS Server/]: Loaded script server_scripts:tfchotornot/tags.js in 0.0 s
[199月2026 20:16:27.164] [main/INFO] [KubeJS Server/]: Loaded script server_scripts:tfclunchbox/data.js in 0.0 s
[199月2026 20:16:27.168] [main/INFO] [KubeJS Server/]: Loaded script server_scripts:tfclunchbox/recipes.js in 0.001 s
[199月2026 20:16:27.170] [main/INFO] [KubeJS Server/]: Loaded script server_scripts:tfclunchbox/tags.js in 0.0 s
[199月2026 20:16:27.174] [main/INFO] [KubeJS Server/]: Loaded script server_scripts:tfctextile/recipes.js in 0.002 s
[199月2026 20:16:27.177] [main/INFO] [KubeJS Server/]: Loaded script server_scripts:tfc_grooming_station/recipes.js in 0.0 s
[199月2026 20:16:27.179] [main/INFO] [KubeJS Server/]: Loaded script server_scripts:tfc_scraping/recipes.js in 0.0 s
[199月2026 20:16:27.180] [main/INFO] [KubeJS Server/]: Loaded script server_scripts:tfc_scraping/tags.js in 0.0 s
[199月2026 20:16:27.182] [main/INFO] [KubeJS Server/]: Loaded script server_scripts:tfg/aquaponics/data.aquaponics.js in 0.0 s
[199月2026 20:16:27.186] [main/INFO] [KubeJS Server/]: Loaded script server_scripts:tfg/aquaponics/recipes.pisciculture.js in 0.003 s
[199月2026 20:16:27.188] [main/INFO] [KubeJS Server/]: Loaded script server_scripts:tfg/aquaponics/tags.aquaponics.js in 0.0 s
[199月2026 20:16:27.191] [main/INFO] [KubeJS Server/]: Loaded script server_scripts:tfg/beneath/recipes.beneath.js in 0.0 s
[199月2026 20:16:27.198] [main/INFO] [KubeJS Server/]: Loaded script server_scripts:tfg/beneath/tags.beneath.js in 0.004 s
[199月2026 20:16:27.212] [main/INFO] [KubeJS Server/]: Loaded script server_scripts:tfg/data.js in 0.011 s
[199月2026 20:16:27.215] [main/INFO] [KubeJS Server/]: Loaded script server_scripts:tfg/equipment/data.equipment.js in 0.001 s
[199月2026 20:16:27.219] [main/INFO] [KubeJS Server/]: Loaded script server_scripts:tfg/equipment/events.equipment.js in 0.001 s
[199月2026 20:16:27.222] [main/INFO] [KubeJS Server/]: Loaded script server_scripts:tfg/equipment/recipes.equipment.js in 0.001 s
[199月2026 20:16:27.227] [main/INFO] [KubeJS Server/]: Loaded script server_scripts:tfg/equipment/recipes.repair.js in 0.003 s
[199月2026 20:16:27.229] [main/INFO] [KubeJS Server/]: Loaded script server_scripts:tfg/equipment/tags.equipment.js in 0.001 s
[199月2026 20:16:27.231] [main/INFO] [KubeJS Server/]: Loaded script server_scripts:tfg/europa/tags.europa.js in 0.0 s
[199月2026 20:16:27.237] [main/INFO] [KubeJS Server/]: Loaded script server_scripts:tfg/events.interactions.js in 0.004 s
[199月2026 20:16:27.240] [main/INFO] [KubeJS Server/]: tfg/events.js#67: Loaded Java class 'su.terrafirmagreg.core.config.TFGConfig'
[199月2026 20:16:27.241] [main/INFO] [KubeJS Server/]: Loaded script server_scripts:tfg/events.js in 0.002 s
[199月2026 20:16:27.244] [main/INFO] [KubeJS Server/]: Loaded script server_scripts:tfg/food/data.crops.js in 0.0 s
[199月2026 20:16:27.246] [main/INFO] [KubeJS Server/]: Loaded script server_scripts:tfg/food/data.food.js in 0.001 s
[199月2026 20:16:27.254] [main/INFO] [KubeJS Server/]: Loaded script server_scripts:tfg/food/data.planters.js in 0.004 s
[199月2026 20:16:27.258] [main/INFO] [KubeJS Server/]: Loaded script server_scripts:tfg/food/recipes.biomass.js in 0.003 s
[199月2026 20:16:27.265] [main/INFO] [KubeJS Server/]: Loaded script server_scripts:tfg/food/recipes.food.alcohols.js in 0.002 s
[199月2026 20:16:27.288] [main/INFO] [KubeJS Server/]: Loaded script server_scripts:tfg/food/recipes.food.baking_and_desserts.js in 0.022 s
[199月2026 20:16:27.294] [main/INFO] [KubeJS Server/]: Loaded script server_scripts:tfg/food/recipes.food.basic_processing.js in 0.005 s
[199月2026 20:16:27.297] [main/INFO] [KubeJS Server/]: Loaded script server_scripts:tfg/food/recipes.food.dairy.js in 0.001 s
[199月2026 20:16:27.300] [main/INFO] [KubeJS Server/]: Loaded script server_scripts:tfg/food/recipes.food.js in 0.0 s
[199月2026 20:16:27.305] [main/INFO] [KubeJS Server/]: Loaded script server_scripts:tfg/food/recipes.food.latin_american.js in 0.002 s
[199月2026 20:16:27.315] [main/INFO] [KubeJS Server/]: Loaded script server_scripts:tfg/food/recipes.food.meal_bags.js in 0.007 s
[199月2026 20:16:27.317] [main/INFO] [KubeJS Server/]: Loaded script server_scripts:tfg/food/recipes.food.misc_meals.js in 0.001 s
[199月2026 20:16:27.319] [main/INFO] [KubeJS Server/]: Loaded script server_scripts:tfg/food/recipes.food.pizza_and_pasta.js in 0.001 s
[199月2026 20:16:27.321] [main/INFO] [KubeJS Server/]: Loaded script server_scripts:tfg/food/recipes.food.preservation.js in 0.001 s
[199月2026 20:16:27.324] [main/INFO] [KubeJS Server/]: Loaded script server_scripts:tfg/food/recipes.food.sandwiches.js in 0.001 s
[199月2026 20:16:27.327] [main/INFO] [KubeJS Server/]: Loaded script server_scripts:tfg/food/recipes.food.soups_and_sauces.js in 0.001 s
[199月2026 20:16:27.329] [main/INFO] [KubeJS Server/]: Loaded script server_scripts:tfg/food/recipes.refrigerators.js in 0.0 s
[199月2026 20:16:27.331] [main/INFO] [KubeJS Server/]: Loaded script server_scripts:tfg/food/tags.food.js in 0.001 s
[199月2026 20:16:27.334] [main/INFO] [KubeJS Server/]: Loaded script server_scripts:tfg/hv_rework/material.recipes.js in 0.001 s
[199月2026 20:16:27.338] [main/INFO] [KubeJS Server/]: Loaded script server_scripts:tfg/json_tool.armor_trim.js in 0.002 s
[199月2026 20:16:27.344] [main/INFO] [KubeJS Server/]: Loaded script server_scripts:tfg/loot.js in 0.003 s
[199月2026 20:16:27.346] [main/INFO] [KubeJS Server/]: Loaded script server_scripts:tfg/machines/recipes.bakelite.js in 0.001 s
[199月2026 20:16:27.349] [main/INFO] [KubeJS Server/]: Loaded script server_scripts:tfg/machines/recipes.boules.js in 0.001 s
[199月2026 20:16:27.350] [main/INFO] [KubeJS Server/]: Loaded script server_scripts:tfg/machines/recipes.budding.js in 0.0 s
[199月2026 20:16:27.352] [main/INFO] [KubeJS Server/]: Loaded script server_scripts:tfg/machines/recipes.casings.js in 0.001 s
[199月2026 20:16:27.356] [main/INFO] [KubeJS Server/]: Loaded script server_scripts:tfg/machines/recipes.circuits.js in 0.003 s
[199月2026 20:16:27.359] [main/INFO] [KubeJS Server/]: Loaded script server_scripts:tfg/machines/recipes.circuit_board.js in 0.001 s
[199月2026 20:16:27.362] [main/INFO] [KubeJS Server/]: Loaded script server_scripts:tfg/machines/recipes.coils.js in 0.001 s
[199月2026 20:16:27.369] [main/INFO] [KubeJS Server/]: Loaded script server_scripts:tfg/machines/recipes.components.js in 0.002 s
[199月2026 20:16:27.376] [main/INFO] [KubeJS Server/]: Loaded script server_scripts:tfg/machines/recipes.ender_pearls.js in 0.002 s
[199月2026 20:16:27.378] [main/INFO] [KubeJS Server/]: Loaded script server_scripts:tfg/machines/recipes.etching.js in 0.001 s
[199月2026 20:16:27.380] [main/INFO] [KubeJS Server/]: Loaded script server_scripts:tfg/machines/recipes.kinetic.js in 0.001 s
[199月2026 20:16:27.384] [main/INFO] [KubeJS Server/]: Loaded script server_scripts:tfg/machines/recipes.molds.js in 0.003 s
[199月2026 20:16:27.387] [main/INFO] [KubeJS Server/]: Loaded script server_scripts:tfg/machines/recipes.multiblocks.js in 0.002 s
[199月2026 20:16:27.388] [main/INFO] [KubeJS Server/]: Loaded script server_scripts:tfg/machines/recipes.pastoral.js in 0.0 s
[199月2026 20:16:27.390] [main/INFO] [KubeJS Server/]: Loaded script server_scripts:tfg/machines/recipes.steam_bloomery.js in 0.001 s
[199月2026 20:16:27.391] [main/INFO] [KubeJS Server/]: Loaded script server_scripts:tfg/machines/tags.facades.js in 0.001 s
[199月2026 20:16:27.394] [main/INFO] [KubeJS Server/]: Loaded script server_scripts:tfg/mars/data.fauna.js in 0.0 s
[199月2026 20:16:27.396] [main/INFO] [KubeJS Server/]: Loaded script server_scripts:tfg/mars/data.mars.js in 0.001 s
[199月2026 20:16:27.397] [main/INFO] [KubeJS Server/]: Loaded script server_scripts:tfg/mars/events.sandstorm.js in 0.0 s
[199月2026 20:16:27.399] [main/INFO] [KubeJS Server/]: Loaded script server_scripts:tfg/mars/recipes.iodine.js in 0.001 s
[199月2026 20:16:27.412] [main/INFO] [KubeJS Server/]: Loaded script server_scripts:tfg/mars/recipes.mars.js in 0.011 s
[199月2026 20:16:27.414] [main/INFO] [KubeJS Server/]: Loaded script server_scripts:tfg/mars/recipes.ostrum.js in 0.001 s
[199月2026 20:16:27.421] [main/INFO] [KubeJS Server/]: Loaded script server_scripts:tfg/mars/tags.mars.js in 0.005 s
[199月2026 20:16:27.428] [main/INFO] [KubeJS Server/]: Loaded script server_scripts:tfg/moon/data.moon.js in 0.005 s
[199月2026 20:16:27.431] [main/INFO] [KubeJS Server/]: Loaded script server_scripts:tfg/moon/recipes.moon.js in 0.002 s
[199月2026 20:16:27.435] [main/INFO] [KubeJS Server/]: Loaded script server_scripts:tfg/moon/recipes.plants.js in 0.001 s
[199月2026 20:16:27.438] [main/INFO] [KubeJS Server/]: Loaded script server_scripts:tfg/moon/recipes.regolith.js in 0.002 s
[199月2026 20:16:27.439] [main/INFO] [KubeJS Server/]: Loaded script server_scripts:tfg/moon/tags.moon.js in 0.0 s
[199月2026 20:16:27.443] [main/INFO] [KubeJS Server/]: Loaded script server_scripts:tfg/mv_rework/material.recipes.js in 0.001 s
[199月2026 20:16:27.445] [main/INFO] [KubeJS Server/]: Loaded script server_scripts:tfg/natural_blocks/recipes.alabaster.js in 0.001 s
[199月2026 20:16:27.447] [main/INFO] [KubeJS Server/]: Loaded script server_scripts:tfg/natural_blocks/recipes.asphalt_road.js in 0.0 s
[199月2026 20:16:27.449] [main/INFO] [KubeJS Server/]: Loaded script server_scripts:tfg/natural_blocks/recipes.collapse.js in 0.0 s
[199月2026 20:16:27.452] [main/INFO] [KubeJS Server/]: Loaded script server_scripts:tfg/natural_blocks/recipes.concrete.js in 0.001 s
[199月2026 20:16:27.456] [main/INFO] [KubeJS Server/]: Loaded script server_scripts:tfg/natural_blocks/recipes.dirt.js in 0.003 s
[199月2026 20:16:27.461] [main/INFO] [KubeJS Server/]: Loaded script server_scripts:tfg/natural_blocks/recipes.rocks.js in 0.004 s
[199月2026 20:16:27.463] [main/INFO] [KubeJS Server/]: Loaded script server_scripts:tfg/natural_blocks/recipes.sand.js in 0.0 s
[199月2026 20:16:27.466] [main/INFO] [KubeJS Server/]: Loaded script server_scripts:tfg/natural_blocks/recipes.stone_dusts.js in 0.0 s
[199月2026 20:16:27.468] [main/INFO] [KubeJS Server/]: Loaded script server_scripts:tfg/natural_blocks/recipes.tfc_stone.js in 0.0 s
[199月2026 20:16:27.472] [main/INFO] [KubeJS Server/]: Loaded script server_scripts:tfg/natural_blocks/recipes.wood.js in 0.003 s
[199月2026 20:16:27.476] [main/INFO] [KubeJS Server/]: Loaded script server_scripts:tfg/natural_blocks/tags.rocks.js in 0.002 s
[199月2026 20:16:27.479] [main/INFO] [KubeJS Server/]: Loaded script server_scripts:tfg/ores_and_materials/recipes.alloys.js in 0.001 s
[199月2026 20:16:27.483] [main/INFO] [KubeJS Server/]: Loaded script server_scripts:tfg/ores_and_materials/recipes.beneath_ore.js in 0.002 s
[199月2026 20:16:27.485] [main/INFO] [KubeJS Server/]: Loaded script server_scripts:tfg/ores_and_materials/recipes.bromine.js in 0.0 s
[199月2026 20:16:27.488] [main/INFO] [KubeJS Server/]: Loaded script server_scripts:tfg/ores_and_materials/recipes.chromium.js in 0.001 s
[199月2026 20:16:27.490] [main/INFO] [KubeJS Server/]: Loaded script server_scripts:tfg/ores_and_materials/recipes.garnet_sand.js in 0.001 s
[199月2026 20:16:27.492] [main/INFO] [KubeJS Server/]: Loaded script server_scripts:tfg/ores_and_materials/recipes.gem_slurries.js in 0.002 s
[199月2026 20:16:27.496] [main/INFO] [KubeJS Server/]: Loaded script server_scripts:tfg/ores_and_materials/recipes.materials.js in 0.001 s
[199月2026 20:16:27.500] [main/INFO] [KubeJS Server/]: Loaded script server_scripts:tfg/ores_and_materials/recipes.material_ores.js in 0.003 s
[199月2026 20:16:27.505] [main/INFO] [KubeJS Server/]: Loaded script server_scripts:tfg/ores_and_materials/recipes.material_tag_prefixes.js in 0.003 s
[199月2026 20:16:27.508] [main/INFO] [KubeJS Server/]: Loaded script server_scripts:tfg/ores_and_materials/recipes.material_tfc.js in 0.001 s
[199月2026 20:16:27.510] [main/INFO] [KubeJS Server/]: Loaded script server_scripts:tfg/ores_and_materials/recipes.material_tools.js in 0.001 s
[199月2026 20:16:27.512] [main/INFO] [KubeJS Server/]: Loaded script server_scripts:tfg/ores_and_materials/recipes.mo_si_b.js in 0.001 s
[199月2026 20:16:27.514] [main/INFO] [KubeJS Server/]: Loaded script server_scripts:tfg/ores_and_materials/recipes.pipes_hidden.js in 0.0 s
[199月2026 20:16:27.516] [main/INFO] [KubeJS Server/]: Loaded script server_scripts:tfg/ores_and_materials/recipes.quartzes.js in 0.0 s
[199月2026 20:16:27.518] [main/INFO] [KubeJS Server/]: Loaded script server_scripts:tfg/ores_and_materials/recipes.tungsten.js in 0.0 s
[199月2026 20:16:27.520] [main/INFO] [KubeJS Server/]: Loaded script server_scripts:tfg/ores_and_materials/recipes.zirconium.js in 0.001 s
[199月2026 20:16:27.521] [main/INFO] [KubeJS Server/]: Loaded script server_scripts:tfg/ores_and_materials/tags.materials.js in 0.0 s
[199月2026 20:16:27.524] [main/INFO] [KubeJS Server/]: Loaded script server_scripts:tfg/overworld/data.fauna.js in 0.0 s
[199月2026 20:16:27.528] [main/INFO] [KubeJS Server/]: Loaded script server_scripts:tfg/overworld/tags.overworld.js in 0.002 s
[199月2026 20:16:27.531] [main/INFO] [KubeJS Server/]: Loaded script server_scripts:tfg/powergen/nuclear/recipes.components.js in 0.001 s
[199月2026 20:16:27.538] [main/INFO] [KubeJS Server/]: Loaded script server_scripts:tfg/powergen/nuclear/recipes.nuclear.js in 0.006 s
[199月2026 20:16:27.540] [main/INFO] [KubeJS Server/]: Loaded script server_scripts:tfg/powergen/nuclear/recipes.smr_additives.js in 0.0 s
[199月2026 20:16:27.542] [main/INFO] [KubeJS Server/]: Loaded script server_scripts:tfg/powergen/nuclear/tags.nuclear.js in 0.0 s
[199月2026 20:16:27.544] [main/INFO] [KubeJS Server/]: Loaded script server_scripts:tfg/powergen/recipes.biodiesel.js in 0.001 s
[199月2026 20:16:27.547] [main/INFO] [KubeJS Server/]: Loaded script server_scripts:tfg/powergen/recipes.boiler.js in 0.001 s
[199月2026 20:16:27.549] [main/INFO] [KubeJS Server/]: Loaded script server_scripts:tfg/powergen/recipes.coal.js in 0.0 s
[199月2026 20:16:27.552] [main/INFO] [KubeJS Server/]: Loaded script server_scripts:tfg/powergen/recipes.early_gas.js in 0.001 s
[199月2026 20:16:27.555] [main/INFO] [KubeJS Server/]: Loaded script server_scripts:tfg/powergen/recipes.power_gen_balance.js in 0.002 s
[199月2026 20:16:27.557] [main/INFO] [KubeJS Server/]: Loaded script server_scripts:tfg/powergen/recipes.solar.js in 0.001 s
[199月2026 20:16:27.560] [main/INFO] [KubeJS Server/]: Loaded script server_scripts:tfg/primitive/fishing_nets/recipes.fishing_nets.js in 0.0 s
[199月2026 20:16:27.565] [main/INFO] [KubeJS Server/]: Loaded script server_scripts:tfg/primitive/medicine/events.medicine.js in 0.003 s
[199月2026 20:16:27.568] [main/INFO] [KubeJS Server/]: Loaded script server_scripts:tfg/primitive/medicine/recipes.medicine.js in 0.001 s
[199月2026 20:16:27.571] [main/INFO] [KubeJS Server/]: Loaded script server_scripts:tfg/primitive/medicine/tags.medicine.js in 0.001 s
[199月2026 20:16:27.572] [main/INFO] [KubeJS Server/]: Loaded script server_scripts:tfg/primitive/recipes.arrows.js in 0.0 s
[199月2026 20:16:27.575] [main/INFO] [KubeJS Server/]: Loaded script server_scripts:tfg/primitive/recipes.artisan_table.js in 0.002 s
[199月2026 20:16:27.577] [main/INFO] [KubeJS Server/]: Loaded script server_scripts:tfg/primitive/recipes.baskets.js in 0.0 s
[199月2026 20:16:27.579] [main/INFO] [KubeJS Server/]: Loaded script server_scripts:tfg/primitive/recipes.clay.js in 0.001 s
[199月2026 20:16:27.581] [main/INFO] [KubeJS Server/]: Loaded script server_scripts:tfg/primitive/recipes.cloth.js in 0.001 s
[199月2026 20:16:27.582] [main/INFO] [KubeJS Server/]: Loaded script server_scripts:tfg/primitive/recipes.compost.js in 0.001 s
[199月2026 20:16:27.586] [main/INFO] [KubeJS Server/]: Loaded script server_scripts:tfg/primitive/recipes.dyes.js in 0.0 s
[199月2026 20:16:27.587] [main/INFO] [KubeJS Server/]: Loaded script server_scripts:tfg/primitive/recipes.glass.js in 0.0 s
[199月2026 20:16:27.589] [main/INFO] [KubeJS Server/]: Loaded script server_scripts:tfg/primitive/recipes.glue_and_chipboard.js in 0.0 s
[199月2026 20:16:27.590] [main/INFO] [KubeJS Server/]: Loaded script server_scripts:tfg/primitive/recipes.ice.js in 0.0 s
[199月2026 20:16:27.592] [main/INFO] [KubeJS Server/]: Loaded script server_scripts:tfg/primitive/recipes.knapping.js in 0.001 s
[199月2026 20:16:27.594] [main/INFO] [KubeJS Server/]: Loaded script server_scripts:tfg/primitive/recipes.leather.js in 0.001 s
[199月2026 20:16:27.597] [main/INFO] [KubeJS Server/]: Loaded script server_scripts:tfg/primitive/recipes.paper.js in 0.001 s
[199月2026 20:16:27.599] [main/INFO] [KubeJS Server/]: Loaded script server_scripts:tfg/primitive/recipes.rubber.js in 0.001 s
[199月2026 20:16:27.601] [main/INFO] [KubeJS Server/]: Loaded script server_scripts:tfg/primitive/recipes.supports.js in 0.001 s
[199月2026 20:16:27.602] [main/INFO] [KubeJS Server/]: Loaded script server_scripts:tfg/primitive/recipes.vases.js in 0.0 s
[199月2026 20:16:27.605] [main/INFO] [KubeJS Server/]: Loaded script server_scripts:tfg/primitive/recipes.wax.js in 0.002 s
[199月2026 20:16:27.606] [main/INFO] [KubeJS Server/]: Loaded script server_scripts:tfg/primitive/recipes.wood.js in 0.0 s
[199月2026 20:16:27.609] [main/INFO] [KubeJS Server/]: Loaded script server_scripts:tfg/primitive/tags.primitive.js in 0.0 s
[199月2026 20:16:27.610] [main/INFO] [KubeJS Server/]: Loaded script server_scripts:tfg/recipes.js in 0.0 s
[199月2026 20:16:27.613] [main/INFO] [KubeJS Server/]: Loaded script server_scripts:tfg/recipes.miscellaneous.js in 0.001 s
[199月2026 20:16:27.617] [main/INFO] [KubeJS Server/]: Loaded script server_scripts:tfg/recipes.temporary.js in 0.001 s
[199月2026 20:16:27.619] [main/INFO] [KubeJS Server/]: Loaded script server_scripts:tfg/space_general/recipes.insulation.js in 0.001 s
[199月2026 20:16:27.620] [main/INFO] [KubeJS Server/]: Loaded script server_scripts:tfg/space_general/recipes.railgun.js in 0.0 s
[199月2026 20:16:27.623] [main/INFO] [KubeJS Server/]: Loaded script server_scripts:tfg/space_general/recipes.rockets.js in 0.0 s
[199月2026 20:16:27.625] [main/INFO] [KubeJS Server/]: Loaded script server_scripts:tfg/space_general/recipes.space.js in 0.0 s
[199月2026 20:16:27.627] [main/INFO] [KubeJS Server/]: Loaded script server_scripts:tfg/space_general/recipes.space_suits.js in 0.001 s
[199月2026 20:16:27.628] [main/INFO] [KubeJS Server/]: Loaded script server_scripts:tfg/space_general/tags.railgun.js in 0.0 s
[199月2026 20:16:27.630] [main/INFO] [KubeJS Server/]: Loaded script server_scripts:tfg/space_general/tags.rockets.js in 0.0 s
[199月2026 20:16:27.633] [main/INFO] [KubeJS Server/]: Loaded script server_scripts:tfg/tags.js in 0.002 s
[199月2026 20:16:27.635] [main/INFO] [KubeJS Server/]: Loaded script server_scripts:tfg/tags.veins.js in 0.001 s
[199月2026 20:16:27.637] [main/INFO] [KubeJS Server/]: Loaded script server_scripts:tfg/venus/data.venus.js in 0.001 s
[199月2026 20:16:27.642] [main/INFO] [KubeJS Server/]: Loaded script server_scripts:tfg/venus/recipes.biochem.js in 0.002 s
[199月2026 20:16:27.644] [main/INFO] [KubeJS Server/]: Loaded script server_scripts:tfg/venus/recipes.venus.js in 0.0 s
[199月2026 20:16:27.646] [main/INFO] [KubeJS Server/]: Loaded script server_scripts:tfg/venus/tags.venus.js in 0.0 s
[199月2026 20:16:27.650] [main/INFO] [KubeJS Server/]: tfg/worldgen/events.chunks.js#4: Loaded Java class 'net.minecraft.world.level.levelgen.Heightmap'
[199月2026 20:16:27.652] [main/INFO] [KubeJS Server/]: tfg/worldgen/events.chunks.js#5: Loaded Java class 'net.dries007.tfc.world.chunkdata.ForestType'
[199月2026 20:16:27.825] [main/INFO] [KubeJS Server/]: Loaded script server_scripts:tfg/worldgen/events.chunks.js in 0.176 s
[199月2026 20:16:27.829] [main/INFO] [KubeJS Server/]: Loaded script server_scripts:tfg/worldgen/events.entities.js in 0.002 s
[199月2026 20:16:27.831] [main/INFO] [KubeJS Server/]: Loaded script server_scripts:tfg/worldgen/events.forests.js in 0.0 s
[199月2026 20:16:27.832] [main/INFO] [KubeJS Server/]: Loaded script server_scripts:tfg/worldgen/select_climates.js in 0.0 s
[199月2026 20:16:27.834] [main/INFO] [KubeJS Server/]: Loaded script server_scripts:tfg/worldgen/tags.general_worldgen.js in 0.0 s
[199月2026 20:16:27.850] [main/INFO] [KubeJS Server/]: Loaded script server_scripts:toolbelt/recipes.js in 0.016 s
[199月2026 20:16:27.854] [main/INFO] [KubeJS Server/]: Loaded script server_scripts:vintage_improvements/recipes.js in 0.003 s
[199月2026 20:16:27.858] [main/INFO] [KubeJS Server/]: Loaded script server_scripts:vintage_improvements/tags.js in 0.001 s
[199月2026 20:16:27.860] [main/INFO] [KubeJS Server/]: Loaded script server_scripts:wan_ancient_beasts/data.js in 0.001 s
[199月2026 20:16:27.861] [main/INFO] [KubeJS Server/]: Loaded script server_scripts:wan_ancient_beasts/loot.js in 0.0 s
[199月2026 20:16:27.862] [main/INFO] [KubeJS Server/]: Loaded script server_scripts:wan_ancient_beasts/recipes.js in 0.0 s
[199月2026 20:16:27.864] [main/INFO] [KubeJS Server/]: Loaded script server_scripts:wan_ancient_beasts/tags.js in 0.0 s
[199月2026 20:16:27.865] [main/INFO] [KubeJS Server/]: Loaded script server_scripts:water_flasks/data.js in 0.0 s
[199月2026 20:16:27.866] [main/INFO] [KubeJS Server/]: Loaded script server_scripts:water_flasks/recipes.js in 0.0 s
[199月2026 20:16:27.867] [main/INFO] [KubeJS Server/]: Loaded 341/341 KubeJS server scripts in 1.417 s with 0 errors and 0 warnings
[199月2026 20:16:28.348] [main/INFO] [KubeJS Server/]: tfg/food/data.food.js#8: Loaded Java class 'net.dries007.tfc.common.capabilities.food.Nutrient'
[199月2026 20:16:28.348] [main/INFO] [KubeJS Server/]: tfg/food/data.food.js#9: Loaded Java class 'su.terrafirmagreg.core.common.food.nutrient.INutrientExtension'
[199月2026 20:16:28.443] [main/INFO] [KubeJS Server/]: tfg/food/data.planters.js#6: Loaded Java class 'net.dries007.tfc.common.blockentities.FarmlandBlockEntity'
[199月2026 20:16:28.445] [main/INFO] [KubeJS Server/]: tfg/food/data.planters.js#7: Loaded Java class 'su.terrafirmagreg.core.common.data.PalmTrees'
[199月2026 20:16:28.655] [main/INFO] [KubeJS Server/]: Scripts loaded
[199月2026 20:16:29.607] [main/ERROR] [net.minecraftforge.fml.loading.RuntimeDistCleaner/DISTXFORM]: Attempted to load class com/mojang/blaze3d/vertex/PoseStack for invalid dist DEDICATED_SERVER
[199月2026 20:16:29.608] [main/INFO] [STDERR/]: [dev.latvian.mods.rhino.JavaMembers:getDeclaredMethodsSafe:836]: [Rhino] Failed to get declared methods for net.dries007.tfc.common.blocks.JarShelfBlock: java.lang.RuntimeException: Attempted to load class com/mojang/blaze3d/vertex/PoseStack for invalid dist DEDICATED_SERVER
[199月2026 20:16:29.610] [main/ERROR] [net.minecraftforge.fml.loading.RuntimeDistCleaner/DISTXFORM]: Attempted to load class com/mojang/blaze3d/vertex/PoseStack for invalid dist DEDICATED_SERVER
[199月2026 20:16:29.611] [main/INFO] [STDERR/]: [dev.latvian.mods.rhino.JavaMembers:getDeclaredMethodsSafe:836]: [Rhino] Failed to get declared methods for net.dries007.tfc.common.blocks.JarsBlock: java.lang.RuntimeException: Attempted to load class com/mojang/blaze3d/vertex/PoseStack for invalid dist DEDICATED_SERVER
[199月2026 20:16:29.612] [main/ERROR] [net.minecraftforge.fml.loading.RuntimeDistCleaner/DISTXFORM]: Attempted to load class com/mojang/blaze3d/vertex/PoseStack for invalid dist DEDICATED_SERVER
[199月2026 20:16:29.614] [main/INFO] [STDERR/]: [dev.latvian.mods.rhino.JavaMembers:getDeclaredMethodsSafe:836]: [Rhino] Failed to get declared methods for net.dries007.tfc.client.IHighlightHandler: java.lang.RuntimeException: Attempted to load class com/mojang/blaze3d/vertex/PoseStack for invalid dist DEDICATED_SERVER
[199月2026 20:16:29.704] [main/ERROR] [net.minecraftforge.fml.loading.RuntimeDistCleaner/DISTXFORM]: Attempted to load class com/mojang/blaze3d/vertex/PoseStack for invalid dist DEDICATED_SERVER
[199月2026 20:16:29.707] [main/INFO] [STDERR/]: [dev.latvian.mods.rhino.JavaMembers:getDeclaredMethodsSafe:836]: [Rhino] Failed to get declared methods for net.dries007.tfc.client.IGhostBlockHandler: java.lang.RuntimeException: Attempted to load class com/mojang/blaze3d/vertex/PoseStack for invalid dist DEDICATED_SERVER
[199月2026 20:16:29.809] [main/ERROR] [net.minecraftforge.fml.loading.RuntimeDistCleaner/DISTXFORM]: Attempted to load class com/mojang/blaze3d/vertex/PoseStack for invalid dist DEDICATED_SERVER
[199月2026 20:16:29.810] [main/INFO] [STDERR/]: [dev.latvian.mods.rhino.JavaMembers:getDeclaredMethodsSafe:836]: [Rhino] Failed to get declared methods for net.dries007.tfc.client.IGhostBlockHandler: java.lang.RuntimeException: Attempted to load class com/mojang/blaze3d/vertex/PoseStack for invalid dist DEDICATED_SERVER
[199月2026 20:16:29.813] [main/ERROR] [net.minecraftforge.fml.loading.RuntimeDistCleaner/DISTXFORM]: Attempted to load class com/mojang/blaze3d/vertex/PoseStack for invalid dist DEDICATED_SERVER
[199月2026 20:16:29.814] [main/INFO] [STDERR/]: [dev.latvian.mods.rhino.JavaMembers:getDeclaredMethodsSafe:836]: [Rhino] Failed to get declared methods for net.dries007.tfc.client.IGhostBlockHandler: java.lang.RuntimeException: Attempted to load class com/mojang/blaze3d/vertex/PoseStack for invalid dist DEDICATED_SERVER
[199月2026 20:16:29.816] [main/ERROR] [net.minecraftforge.fml.loading.RuntimeDistCleaner/DISTXFORM]: Attempted to load class com/mojang/blaze3d/vertex/PoseStack for invalid dist DEDICATED_SERVER
[199月2026 20:16:29.817] [main/INFO] [STDERR/]: [dev.latvian.mods.rhino.JavaMembers:getDeclaredMethodsSafe:836]: [Rhino] Failed to get declared methods for net.dries007.tfc.client.IGhostBlockHandler: java.lang.RuntimeException: Attempted to load class com/mojang/blaze3d/vertex/PoseStack for invalid dist DEDICATED_SERVER
[199月2026 20:16:29.822] [main/ERROR] [net.minecraftforge.fml.loading.RuntimeDistCleaner/DISTXFORM]: Attempted to load class com/mojang/blaze3d/vertex/PoseStack for invalid dist DEDICATED_SERVER
[199月2026 20:16:29.822] [main/INFO] [STDERR/]: [dev.latvian.mods.rhino.JavaMembers:getDeclaredMethodsSafe:836]: [Rhino] Failed to get declared methods for net.dries007.tfc.client.IGhostBlockHandler: java.lang.RuntimeException: Attempted to load class com/mojang/blaze3d/vertex/PoseStack for invalid dist DEDICATED_SERVER
[199月2026 20:16:29.825] [main/ERROR] [net.minecraftforge.fml.loading.RuntimeDistCleaner/DISTXFORM]: Attempted to load class com/mojang/blaze3d/vertex/PoseStack for invalid dist DEDICATED_SERVER
[199月2026 20:16:29.826] [main/INFO] [STDERR/]: [dev.latvian.mods.rhino.JavaMembers:getDeclaredMethodsSafe:836]: [Rhino] Failed to get declared methods for net.dries007.tfc.common.blocks.devices.GrillBlock: java.lang.RuntimeException: Attempted to load class com/mojang/blaze3d/vertex/PoseStack for invalid dist DEDICATED_SERVER
[199月2026 20:16:29.827] [main/ERROR] [net.minecraftforge.fml.loading.RuntimeDistCleaner/DISTXFORM]: Attempted to load class com/mojang/blaze3d/vertex/PoseStack for invalid dist DEDICATED_SERVER
[199月2026 20:16:29.828] [main/INFO] [STDERR/]: [dev.latvian.mods.rhino.JavaMembers:getDeclaredMethodsSafe:836]: [Rhino] Failed to get declared methods for net.dries007.tfc.client.IHighlightHandler: java.lang.RuntimeException: Attempted to load class com/mojang/blaze3d/vertex/PoseStack for invalid dist DEDICATED_SERVER
[199月2026 20:16:29.828] [main/ERROR] [net.minecraftforge.fml.loading.RuntimeDistCleaner/DISTXFORM]: Attempted to load class com/mojang/blaze3d/vertex/PoseStack for invalid dist DEDICATED_SERVER
[199月2026 20:16:29.829] [main/INFO] [STDERR/]: [dev.latvian.mods.rhino.JavaMembers:getDeclaredMethodsSafe:836]: [Rhino] Failed to get declared methods for net.dries007.tfc.client.IGhostBlockHandler: java.lang.RuntimeException: Attempted to load class com/mojang/blaze3d/vertex/PoseStack for invalid dist DEDICATED_SERVER
[199月2026 20:16:29.831] [main/ERROR] [net.minecraftforge.fml.loading.RuntimeDistCleaner/DISTXFORM]: Attempted to load class com/mojang/blaze3d/vertex/PoseStack for invalid dist DEDICATED_SERVER
[199月2026 20:16:29.831] [main/INFO] [STDERR/]: [dev.latvian.mods.rhino.JavaMembers:getDeclaredMethodsSafe:836]: [Rhino] Failed to get declared methods for net.dries007.tfc.client.IGhostBlockHandler: java.lang.RuntimeException: Attempted to load class com/mojang/blaze3d/vertex/PoseStack for invalid dist DEDICATED_SERVER
[199月2026 20:16:29.838] [main/ERROR] [net.minecraftforge.fml.loading.RuntimeDistCleaner/DISTXFORM]: Attempted to load class com/mojang/blaze3d/vertex/PoseStack for invalid dist DEDICATED_SERVER
[199月2026 20:16:29.838] [main/INFO] [STDERR/]: [dev.latvian.mods.rhino.JavaMembers:getDeclaredMethodsSafe:836]: [Rhino] Failed to get declared methods for net.dries007.tfc.common.blocks.devices.QuernBlock: java.lang.RuntimeException: Attempted to load class com/mojang/blaze3d/vertex/PoseStack for invalid dist DEDICATED_SERVER
[199月2026 20:16:29.839] [main/ERROR] [net.minecraftforge.fml.loading.RuntimeDistCleaner/DISTXFORM]: Attempted to load class com/mojang/blaze3d/vertex/PoseStack for invalid dist DEDICATED_SERVER
[199月2026 20:16:29.840] [main/INFO] [STDERR/]: [dev.latvian.mods.rhino.JavaMembers:getDeclaredMethodsSafe:836]: [Rhino] Failed to get declared methods for net.dries007.tfc.client.IHighlightHandler: java.lang.RuntimeException: Attempted to load class com/mojang/blaze3d/vertex/PoseStack for invalid dist DEDICATED_SERVER
[199月2026 20:16:29.871] [main/ERROR] [net.minecraftforge.fml.loading.RuntimeDistCleaner/DISTXFORM]: Attempted to load class com/mojang/blaze3d/vertex/PoseStack for invalid dist DEDICATED_SERVER
[199月2026 20:16:29.872] [main/INFO] [STDERR/]: [dev.latvian.mods.rhino.JavaMembers:getDeclaredMethodsSafe:836]: [Rhino] Failed to get declared methods for net.dries007.tfc.common.blocks.JarsBlock: java.lang.RuntimeException: Attempted to load class com/mojang/blaze3d/vertex/PoseStack for invalid dist DEDICATED_SERVER
[199月2026 20:16:29.872] [main/ERROR] [net.minecraftforge.fml.loading.RuntimeDistCleaner/DISTXFORM]: Attempted to load class com/mojang/blaze3d/vertex/PoseStack for invalid dist DEDICATED_SERVER
[199月2026 20:16:29.874] [main/INFO] [STDERR/]: [dev.latvian.mods.rhino.JavaMembers:getDeclaredMethodsSafe:836]: [Rhino] Failed to get declared methods for net.dries007.tfc.client.IHighlightHandler: java.lang.RuntimeException: Attempted to load class com/mojang/blaze3d/vertex/PoseStack for invalid dist DEDICATED_SERVER
[199月2026 20:16:30.204] [main/ERROR] [net.minecraftforge.fml.loading.RuntimeDistCleaner/DISTXFORM]: Attempted to load class com/mojang/blaze3d/vertex/PoseStack for invalid dist DEDICATED_SERVER
[199月2026 20:16:30.204] [main/INFO] [STDERR/]: [dev.latvian.mods.rhino.JavaMembers:getDeclaredMethodsSafe:836]: [Rhino] Failed to get declared methods for net.dries007.tfc.client.IGhostBlockHandler: java.lang.RuntimeException: Attempted to load class com/mojang/blaze3d/vertex/PoseStack for invalid dist DEDICATED_SERVER
[199月2026 20:16:30.769] [main/ERROR] [net.minecraftforge.fml.loading.RuntimeDistCleaner/DISTXFORM]: Attempted to load class com/mojang/blaze3d/vertex/PoseStack for invalid dist DEDICATED_SERVER
[199月2026 20:16:30.769] [main/INFO] [STDERR/]: [dev.latvian.mods.rhino.JavaMembers:getDeclaredMethodsSafe:836]: [Rhino] Failed to get declared methods for com.eerussianguy.firmalife.common.blocks.StovetopGrillBlock: java.lang.RuntimeException: Attempted to load class com/mojang/blaze3d/vertex/PoseStack for invalid dist DEDICATED_SERVER
[199月2026 20:16:30.770] [main/ERROR] [net.minecraftforge.fml.loading.RuntimeDistCleaner/DISTXFORM]: Attempted to load class com/mojang/blaze3d/vertex/PoseStack for invalid dist DEDICATED_SERVER
[199月2026 20:16:30.771] [main/INFO] [STDERR/]: [dev.latvian.mods.rhino.JavaMembers:getDeclaredMethodsSafe:836]: [Rhino] Failed to get declared methods for net.dries007.tfc.client.IHighlightHandler: java.lang.RuntimeException: Attempted to load class com/mojang/blaze3d/vertex/PoseStack for invalid dist DEDICATED_SERVER
[199月2026 20:16:30.779] [main/ERROR] [net.minecraftforge.fml.loading.RuntimeDistCleaner/DISTXFORM]: Attempted to load class com/mojang/blaze3d/vertex/PoseStack for invalid dist DEDICATED_SERVER
[199月2026 20:16:30.780] [main/INFO] [STDERR/]: [dev.latvian.mods.rhino.JavaMembers:getDeclaredMethodsSafe:836]: [Rhino] Failed to get declared methods for com.eerussianguy.firmalife.common.blocks.greenhouse.QuadPlanterBlock: java.lang.RuntimeException: Attempted to load class com/mojang/blaze3d/vertex/PoseStack for invalid dist DEDICATED_SERVER
[199月2026 20:16:30.781] [main/ERROR] [net.minecraftforge.fml.loading.RuntimeDistCleaner/DISTXFORM]: Attempted to load class com/mojang/blaze3d/vertex/PoseStack for invalid dist DEDICATED_SERVER
[199月2026 20:16:30.781] [main/INFO] [STDERR/]: [dev.latvian.mods.rhino.JavaMembers:getDeclaredMethodsSafe:836]: [Rhino] Failed to get declared methods for net.dries007.tfc.client.IHighlightHandler: java.lang.RuntimeException: Attempted to load class com/mojang/blaze3d/vertex/PoseStack for invalid dist DEDICATED_SERVER
[199月2026 20:16:30.782] [main/ERROR] [net.minecraftforge.fml.loading.RuntimeDistCleaner/DISTXFORM]: Attempted to load class com/mojang/blaze3d/vertex/PoseStack for invalid dist DEDICATED_SERVER
[199月2026 20:16:30.783] [main/INFO] [STDERR/]: [dev.latvian.mods.rhino.JavaMembers:getDeclaredMethodsSafe:836]: [Rhino] Failed to get declared methods for com.eerussianguy.firmalife.common.blocks.greenhouse.QuadPlanterBlock: java.lang.RuntimeException: Attempted to load class com/mojang/blaze3d/vertex/PoseStack for invalid dist DEDICATED_SERVER
[199月2026 20:16:30.783] [main/ERROR] [net.minecraftforge.fml.loading.RuntimeDistCleaner/DISTXFORM]: Attempted to load class com/mojang/blaze3d/vertex/PoseStack for invalid dist DEDICATED_SERVER
[199月2026 20:16:30.784] [main/INFO] [STDERR/]: [dev.latvian.mods.rhino.JavaMembers:getDeclaredMethodsSafe:836]: [Rhino] Failed to get declared methods for net.dries007.tfc.client.IHighlightHandler: java.lang.RuntimeException: Attempted to load class com/mojang/blaze3d/vertex/PoseStack for invalid dist DEDICATED_SERVER
[199月2026 20:16:30.880] [main/INFO] [KubeJS Server/]: tfc/tags.js#746: Loaded Java class 'com.gregtechceu.gtceu.api.fluids.FluidState'
[199月2026 20:16:30.881] [main/INFO] [KubeJS Server/]: tfc/tags.js#747: Loaded Java class 'com.gregtechceu.gtceu.api.fluids.attribute.FluidAttributes'
[199月2026 20:16:30.882] [main/INFO] [KubeJS Server/]: tfc/tags.js#749: Loaded Java class 'net.minecraftforge.fluids.FluidStack'
[199月2026 20:16:31.654] [main/INFO] [KubeJS Server/]: Initializing recipe event...
[199月2026 20:16:31.672] [main/INFO] [Moonlight/]: Starting runtime resource generation for pack type SERVER_DATA with generators from mods [everycomp]: [net.mehvahdjukaar.every_compat.dynamicpack.ServerDynamicResourcesHandler@6c4098f2]
[199月2026 20:16:31.674] [main/INFO] [Moonlight/]: Generating runtime assets for pack Everycomp Generated Pack (everycomp)
[199月2026 20:16:31.677] [main/INFO] [Every Compat/]: Every Compat is starting dynamic server resources generation tasks: 3 in batches of 16
[199月2026 20:16:31.754] [main/INFO] [Every Compat/]: Generated runtime SERVER_DATA for pack Everycomp Generated Pack (everycomp) in: 79 ms (multithreaded)
[199月2026 20:16:31.756] [main/INFO] [Moonlight/]: Finished runtime resources generation for 1 packs in a total of 83 ms
[199月2026 20:16:36.598] [main/INFO] [APTweaks(Gamerules)/]: Registering /aptweaks commands for Adaptive Performance Tweaks: Gamerules ...
[199月2026 20:16:36.616] [main/INFO] [APTweaks(Core)/]: Registering /aptweaks commands for Adaptive Performance Tweaks: Core ...
[199月2026 20:16:36.707] [main/INFO] [APTweaks(Items)/]: Registering /aptweaks commands for Adaptive Performance Tweaks: Items ...
[199月2026 20:16:36.756] [main/INFO] [APTweaks(Player)/]: Registering /aptweaks commands for Adaptive Performance Tweaks: Player ...
[199月2026 20:16:36.862] [main/INFO] [AE2:C/]: Scanning class appeng.server.testplots.TestPlots for plots
[199月2026 20:16:36.867] [main/INFO] [AE2:C/]: Scanning class appeng.server.testplots.AutoCraftingTestPlots for plots
[199月2026 20:16:36.869] [main/INFO] [AE2:C/]: Scanning class appeng.server.testplots.InscriberTestPlots for plots
[199月2026 20:16:36.882] [main/INFO] [AE2:C/]: Scanning class appeng.server.testplots.P2PTestPlots for plots
[199月2026 20:16:36.884] [main/INFO] [AE2:C/]: Scanning class appeng.server.testplots.ItemP2PTestPlots for plots
[199月2026 20:16:36.884] [main/INFO] [AE2:C/]: Scanning class appeng.server.testplots.MemoryCardTestPlots for plots
[199月2026 20:16:36.884] [main/INFO] [AE2:C/]: Scanning class appeng.server.testplots.PatternProviderLockModePlots for plots
[199月2026 20:16:36.886] [main/INFO] [AE2:C/]: Scanning class appeng.server.testplots.PatternProviderPlots for plots
[199月2026 20:16:36.887] [main/INFO] [AE2:C/]: Scanning class appeng.server.testplots.SpatialTestPlots for plots
[199月2026 20:16:36.887] [main/INFO] [AE2:C/]: Scanning class appeng.server.testplots.QnbTestPlots for plots
[199月2026 20:16:36.887] [main/INFO] [AE2:C/]: Scanning class appeng.server.testplots.GuidebookPlot for plots
[199月2026 20:16:36.888] [main/INFO] [AE2:C/]: Scanning class appeng.server.testplots.SubnetPlots for plots
[199月2026 20:16:36.888] [main/INFO] [AE2:C/]: Scanning class appeng.server.testplots.ChannelTests for plots
[199月2026 20:16:36.888] [main/INFO] [AE2:C/]: Scanning class appeng.server.testplots.AnnihilationPlaneTests for plots
[199月2026 20:16:36.888] [main/INFO] [AE2:C/]: Scanning class de.mari_023.ae2wtlib.AE2WTLibTestPlots for plots
[199月2026 20:16:37.036] [main/INFO] [FTB Ranks/]: Loading command nodes...
[199月2026 20:16:37.113] [main/INFO] [FTB Ranks/]: Loaded 3259 command nodes
[199月2026 20:16:37.542] [Worker-Main-26/INFO] [KubeJS Server/]: ad_astra/tags.js#41: [minecraft:block_entity_type] Found 1 tags, added 13 objects, removed 0 objects
[199月2026 20:16:37.644] [Worker-Main-27/INFO] [KubeJS Server/]: tfc/tags.js#759: [minecraft:worldgen/configured_feature] Found 8 tags, added 6 objects, removed 0 objects
[199月2026 20:16:37.819] [Worker-Main-2/INFO] [KubeJS Server/]: tfc/tags.js#791: [minecraft:entity_type] Found 136 tags, added 392 objects, removed 0 objects
[199月2026 20:16:37.834] [Worker-Main-15/INFO] [KubeJS Server/]: tfc/tags.js#795: [minecraft:worldgen/placed_feature] Found 494 tags, added 413 objects, removed 47 objects
[199月2026 20:16:37.853] [Worker-Main-25/INFO] [KubeJS Server/]: tfc/tags.js#839: [minecraft:worldgen/biome] Found 308 tags, added 651 objects, removed 58 objects
[199月2026 20:16:40.057] [Worker-Main-1/INFO] [KubeJS Server/]: tfc/tags.js#868: [minecraft:block] Found 2649 tags, added 13080 objects, removed 240 objects
[199月2026 20:16:44.476] [Worker-Main-16/INFO] [KubeJS Server/]: ad_astra/tags.js#48: [minecraft:fluid] Found 947 tags, added 6372 objects, removed 13 objects
[199月2026 20:16:44.894] [Worker-Main-13/INFO] [KubeJS Server/]: [minecraft:item] Found 9218 tags, added 17079 objects, removed 334 objects
[199月2026 20:16:50.912] [main/WARN] [electrolyte.greate.Greate/]: Unable to remove recipe create:crafting/materials/raw_zinc.
[199月2026 20:16:50.912] [main/WARN] [electrolyte.greate.Greate/]: Unable to remove recipe create:crafting/materials/raw_zinc_block.
[199月2026 20:16:50.912] [main/WARN] [electrolyte.greate.Greate/]: Unable to remove recipe minecraft:raw_copper.
[199月2026 20:16:50.913] [main/WARN] [electrolyte.greate.Greate/]: Unable to remove recipe minecraft:raw_gold.
[199月2026 20:16:50.913] [main/WARN] [electrolyte.greate.Greate/]: Unable to remove recipe minecraft:raw_iron.
[199月2026 20:16:50.915] [main/WARN] [electrolyte.greate.Greate/]: Unable to remove recipe create:crushing/blaze_rod.
[199月2026 20:16:50.916] [main/WARN] [electrolyte.greate.Greate/]: Unable to remove recipe create:crushing/copper_ore.
[199月2026 20:16:50.916] [main/WARN] [electrolyte.greate.Greate/]: Unable to remove recipe create:crushing/deepslate_copper_ore.
[199月2026 20:16:50.916] [main/WARN] [electrolyte.greate.Greate/]: Unable to remove recipe create:crushing/deepslate_gold_ore.
[199月2026 20:16:50.916] [main/WARN] [electrolyte.greate.Greate/]: Unable to remove recipe create:crushing/deepslate_iron_ore.
[199月2026 20:16:50.917] [main/WARN] [electrolyte.greate.Greate/]: Unable to remove recipe create:crushing/gold_ore.
[199月2026 20:16:50.917] [main/WARN] [electrolyte.greate.Greate/]: Unable to remove recipe create:crushing/gravel.
[199月2026 20:16:50.917] [main/WARN] [electrolyte.greate.Greate/]: Unable to remove recipe create:crushing/iron_ore.
[199月2026 20:16:50.917] [main/WARN] [electrolyte.greate.Greate/]: Unable to remove recipe create:crushing/lead_ore.
[199月2026 20:16:50.917] [main/WARN] [electrolyte.greate.Greate/]: Unable to remove recipe create:crushing/netherrack.
[199月2026 20:16:50.917] [main/WARN] [electrolyte.greate.Greate/]: Unable to remove recipe create:crushing/nickel_ore.
[199月2026 20:16:50.917] [main/WARN] [electrolyte.greate.Greate/]: Unable to remove recipe create:crushing/platinum_ore.
[199月2026 20:16:50.917] [main/WARN] [electrolyte.greate.Greate/]: Unable to remove recipe create:crushing/raw_copper.
[199月2026 20:16:50.917] [main/WARN] [electrolyte.greate.Greate/]: Unable to remove recipe create:crushing/raw_copper_block.
[199月2026 20:16:50.917] [main/WARN] [electrolyte.greate.Greate/]: Unable to remove recipe create:crushing/raw_gold.
[199月2026 20:16:50.917] [main/WARN] [electrolyte.greate.Greate/]: Unable to remove recipe create:crushing/raw_gold_block.
[199月2026 20:16:50.918] [main/WARN] [electrolyte.greate.Greate/]: Unable to remove recipe create:crushing/raw_iron.
[199月2026 20:16:50.918] [main/WARN] [electrolyte.greate.Greate/]: Unable to remove recipe create:crushing/raw_iron_block.
[199月2026 20:16:50.918] [main/WARN] [electrolyte.greate.Greate/]: Unable to remove recipe create:crushing/raw_lead.
[199月2026 20:16:50.918] [main/WARN] [electrolyte.greate.Greate/]: Unable to remove recipe create:crushing/raw_lead_block.
[199月2026 20:16:50.918] [main/WARN] [electrolyte.greate.Greate/]: Unable to remove recipe create:crushing/raw_nickel.
[199月2026 20:16:50.918] [main/WARN] [electrolyte.greate.Greate/]: Unable to remove recipe create:crushing/raw_nickel_block.
[199月2026 20:16:50.919] [main/WARN] [electrolyte.greate.Greate/]: Unable to remove recipe create:crushing/raw_platinum.
[199月2026 20:16:50.919] [main/WARN] [electrolyte.greate.Greate/]: Unable to remove recipe create:crushing/raw_platinum_block.
[199月2026 20:16:50.919] [main/WARN] [electrolyte.greate.Greate/]: Unable to remove recipe create:crushing/raw_silver.
[199月2026 20:16:50.919] [main/WARN] [electrolyte.greate.Greate/]: Unable to remove recipe create:crushing/raw_silver_block.
[199月2026 20:16:50.919] [main/WARN] [electrolyte.greate.Greate/]: Unable to remove recipe create:crushing/raw_tin.
[199月2026 20:16:50.919] [main/WARN] [electrolyte.greate.Greate/]: Unable to remove recipe create:crushing/raw_tin_block.
[199月2026 20:16:50.919] [main/WARN] [electrolyte.greate.Greate/]: Unable to remove recipe create:crushing/raw_zinc_block.
[199月2026 20:16:50.920] [main/WARN] [electrolyte.greate.Greate/]: Unable to remove recipe create:crushing/silver_ore.
[199月2026 20:16:50.920] [main/WARN] [electrolyte.greate.Greate/]: Unable to remove recipe create:crushing/tin_ore.
[199月2026 20:16:50.920] [main/WARN] [electrolyte.greate.Greate/]: Unable to remove recipe create:pressing/iron_ingot.
[199月2026 20:16:50.920] [main/WARN] [electrolyte.greate.Greate/]: Unable to remove recipe create:milling/sandstone.
[199月2026 20:16:50.920] [main/WARN] [electrolyte.greate.Greate/]: Unable to remove recipe create:milling/wheat.
[199月2026 20:16:50.921] [main/WARN] [electrolyte.greate.Greate/]: Unable to remove recipe create:cutting/runtime_generated/compat/minecraft/stripped_oak_log_to_oak_planks.
[199月2026 20:16:50.921] [main/WARN] [electrolyte.greate.Greate/]: Unable to remove recipe create:cutting/runtime_generated/compat/minecraft/stripped_oak_wood_to_oak_planks.
[199月2026 20:16:50.921] [main/WARN] [electrolyte.greate.Greate/]: Unable to remove recipe create:cutting/runtime_generated/compat/minecraft/oak_wood_to_stripped_oak_wood.
[199月2026 20:16:50.921] [main/WARN] [electrolyte.greate.Greate/]: Unable to remove recipe create:cutting/runtime_generated/compat/minecraft/oak_planks_to_oak_button.
[199月2026 20:16:50.922] [main/WARN] [electrolyte.greate.Greate/]: Unable to remove recipe create:cutting/runtime_generated/compat/minecraft/oak_planks_to_oak_slab.
[199月2026 20:16:50.922] [main/WARN] [electrolyte.greate.Greate/]: Unable to remove recipe create:cutting/runtime_generated/compat/minecraft/oak_log_to_stripped_oak_log.
[199月2026 20:16:50.922] [main/WARN] [electrolyte.greate.Greate/]: Unable to remove recipe create:cutting/runtime_generated/compat/minecraft/stripped_spruce_log_to_spruce_planks.
[199月2026 20:16:50.922] [main/WARN] [electrolyte.greate.Greate/]: Unable to remove recipe create:cutting/runtime_generated/compat/minecraft/stripped_spruce_wood_to_spruce_planks.
[199月2026 20:16:50.922] [main/WARN] [electrolyte.greate.Greate/]: Unable to remove recipe create:cutting/runtime_generated/compat/minecraft/spruce_wood_to_stripped_spruce_wood.
[199月2026 20:16:50.922] [main/WARN] [electrolyte.greate.Greate/]: Unable to remove recipe create:cutting/runtime_generated/compat/minecraft/spruce_planks_to_spruce_button.
[199月2026 20:16:50.922] [main/WARN] [electrolyte.greate.Greate/]: Unable to remove recipe create:cutting/runtime_generated/compat/minecraft/spruce_planks_to_spruce_slab.
[199月2026 20:16:50.924] [main/WARN] [electrolyte.greate.Greate/]: Unable to remove recipe create:cutting/runtime_generated/compat/minecraft/spruce_log_to_stripped_spruce_log.
[199月2026 20:16:50.924] [main/WARN] [electrolyte.greate.Greate/]: Unable to remove recipe create:cutting/runtime_generated/compat/minecraft/stripped_birch_log_to_birch_planks.
[199月2026 20:16:50.924] [main/WARN] [electrolyte.greate.Greate/]: Unable to remove recipe create:cutting/runtime_generated/compat/minecraft/stripped_birch_wood_to_birch_planks.
[199月2026 20:16:50.924] [main/WARN] [electrolyte.greate.Greate/]: Unable to remove recipe create:cutting/runtime_generated/compat/minecraft/birch_wood_to_stripped_birch_wood.
[199月2026 20:16:50.924] [main/WARN] [electrolyte.greate.Greate/]: Unable to remove recipe create:cutting/runtime_generated/compat/minecraft/birch_planks_to_birch_button.
[199月2026 20:16:50.924] [main/WARN] [electrolyte.greate.Greate/]: Unable to remove recipe create:cutting/runtime_generated/compat/minecraft/birch_planks_to_birch_slab.
[199月2026 20:16:50.924] [main/WARN] [electrolyte.greate.Greate/]: Unable to remove recipe create:cutting/runtime_generated/compat/minecraft/birch_log_to_stripped_birch_log.
[199月2026 20:16:50.924] [main/WARN] [electrolyte.greate.Greate/]: Unable to remove recipe create:cutting/runtime_generated/compat/minecraft/stripped_jungle_log_to_jungle_planks.
[199月2026 20:16:50.925] [main/WARN] [electrolyte.greate.Greate/]: Unable to remove recipe create:cutting/runtime_generated/compat/minecraft/stripped_jungle_wood_to_jungle_planks.
[199月2026 20:16:50.925] [main/WARN] [electrolyte.greate.Greate/]: Unable to remove recipe create:cutting/runtime_generated/compat/minecraft/jungle_wood_to_stripped_jungle_wood.
[199月2026 20:16:50.925] [main/WARN] [electrolyte.greate.Greate/]: Unable to remove recipe create:cutting/runtime_generated/compat/minecraft/jungle_planks_to_jungle_button.
[199月2026 20:16:50.925] [main/WARN] [electrolyte.greate.Greate/]: Unable to remove recipe create:cutting/runtime_generated/compat/minecraft/jungle_planks_to_jungle_slab.
[199月2026 20:16:50.925] [main/WARN] [electrolyte.greate.Greate/]: Unable to remove recipe create:cutting/runtime_generated/compat/minecraft/jungle_log_to_stripped_jungle_log.
[199月2026 20:16:50.925] [main/WARN] [electrolyte.greate.Greate/]: Unable to remove recipe create:cutting/runtime_generated/compat/minecraft/stripped_acacia_log_to_acacia_planks.
[199月2026 20:16:50.925] [main/WARN] [electrolyte.greate.Greate/]: Unable to remove recipe create:cutting/runtime_generated/compat/minecraft/stripped_acacia_wood_to_acacia_planks.
[199月2026 20:16:50.926] [main/WARN] [electrolyte.greate.Greate/]: Unable to remove recipe create:cutting/runtime_generated/compat/minecraft/acacia_wood_to_stripped_acacia_wood.
[199月2026 20:16:50.926] [main/WARN] [electrolyte.greate.Greate/]: Unable to remove recipe create:cutting/runtime_generated/compat/minecraft/acacia_planks_to_acacia_button.
[199月2026 20:16:50.926] [main/WARN] [electrolyte.greate.Greate/]: Unable to remove recipe create:cutting/runtime_generated/compat/minecraft/acacia_planks_to_acacia_slab.
[199月2026 20:16:50.926] [main/WARN] [electrolyte.greate.Greate/]: Unable to remove recipe create:cutting/runtime_generated/compat/minecraft/acacia_log_to_stripped_acacia_log.
[199月2026 20:16:50.926] [main/WARN] [electrolyte.greate.Greate/]: Unable to remove recipe create:cutting/runtime_generated/compat/minecraft/stripped_dark_oak_log_to_dark_oak_planks.
[199月2026 20:16:50.926] [main/WARN] [electrolyte.greate.Greate/]: Unable to remove recipe create:cutting/runtime_generated/compat/minecraft/stripped_dark_oak_wood_to_dark_oak_planks.
[199月2026 20:16:50.926] [main/WARN] [electrolyte.greate.Greate/]: Unable to remove recipe create:cutting/runtime_generated/compat/minecraft/dark_oak_wood_to_stripped_dark_oak_wood.
[199月2026 20:16:50.926] [main/WARN] [electrolyte.greate.Greate/]: Unable to remove recipe create:cutting/runtime_generated/compat/minecraft/dark_oak_planks_to_dark_oak_button.
[199月2026 20:16:50.926] [main/WARN] [electrolyte.greate.Greate/]: Unable to remove recipe create:cutting/runtime_generated/compat/minecraft/dark_oak_planks_to_dark_oak_slab.
[199月2026 20:16:50.926] [main/WARN] [electrolyte.greate.Greate/]: Unable to remove recipe create:cutting/runtime_generated/compat/minecraft/dark_oak_log_to_stripped_dark_oak_log.
[199月2026 20:16:50.926] [main/WARN] [electrolyte.greate.Greate/]: Unable to remove recipe create:cutting/runtime_generated/compat/minecraft/stripped_cherry_log_to_cherry_planks.
[199月2026 20:16:50.927] [main/WARN] [electrolyte.greate.Greate/]: Unable to remove recipe create:cutting/runtime_generated/compat/minecraft/stripped_cherry_wood_to_cherry_planks.
[199月2026 20:16:50.927] [main/WARN] [electrolyte.greate.Greate/]: Unable to remove recipe create:cutting/runtime_generated/compat/minecraft/cherry_wood_to_stripped_cherry_wood.
[199月2026 20:16:50.927] [main/WARN] [electrolyte.greate.Greate/]: Unable to remove recipe create:cutting/runtime_generated/compat/minecraft/cherry_planks_to_cherry_button.
[199月2026 20:16:50.927] [main/WARN] [electrolyte.greate.Greate/]: Unable to remove recipe create:cutting/runtime_generated/compat/minecraft/cherry_planks_to_cherry_slab.
[199月2026 20:16:50.927] [main/WARN] [electrolyte.greate.Greate/]: Unable to remove recipe create:cutting/runtime_generated/compat/minecraft/cherry_log_to_stripped_cherry_log.
[199月2026 20:16:50.927] [main/WARN] [electrolyte.greate.Greate/]: Unable to remove recipe create:cutting/runtime_generated/compat/minecraft/stripped_mangrove_log_to_mangrove_planks.
[199月2026 20:16:50.927] [main/WARN] [electrolyte.greate.Greate/]: Unable to remove recipe create:cutting/runtime_generated/compat/minecraft/stripped_mangrove_wood_to_mangrove_planks.
[199月2026 20:16:50.927] [main/WARN] [electrolyte.greate.Greate/]: Unable to remove recipe create:cutting/runtime_generated/compat/minecraft/mangrove_wood_to_stripped_mangrove_wood.
[199月2026 20:16:50.927] [main/WARN] [electrolyte.greate.Greate/]: Unable to remove recipe create:cutting/runtime_generated/compat/minecraft/mangrove_planks_to_mangrove_button.
[199月2026 20:16:50.927] [main/WARN] [electrolyte.greate.Greate/]: Unable to remove recipe create:cutting/runtime_generated/compat/minecraft/mangrove_planks_to_mangrove_slab.
[199月2026 20:16:50.927] [main/WARN] [electrolyte.greate.Greate/]: Unable to remove recipe create:cutting/runtime_generated/compat/minecraft/mangrove_log_to_stripped_mangrove_log.
[199月2026 20:16:50.928] [main/WARN] [electrolyte.greate.Greate/]: Unable to remove recipe create:cutting/runtime_generated/compat/minecraft/stripped_crimson_stem_to_crimson_planks.
[199月2026 20:16:50.928] [main/WARN] [electrolyte.greate.Greate/]: Unable to remove recipe create:cutting/runtime_generated/compat/minecraft/stripped_crimson_hyphae_to_crimson_planks.
[199月2026 20:16:50.928] [main/WARN] [electrolyte.greate.Greate/]: Unable to remove recipe create:cutting/runtime_generated/compat/minecraft/crimson_hyphae_to_stripped_crimson_hyphae.
[199月2026 20:16:50.928] [main/WARN] [electrolyte.greate.Greate/]: Unable to remove recipe create:cutting/runtime_generated/compat/minecraft/crimson_planks_to_crimson_button.
[199月2026 20:16:50.928] [main/WARN] [electrolyte.greate.Greate/]: Unable to remove recipe create:cutting/runtime_generated/compat/minecraft/crimson_planks_to_crimson_slab.
[199月2026 20:16:50.928] [main/WARN] [electrolyte.greate.Greate/]: Unable to remove recipe create:cutting/runtime_generated/compat/minecraft/crimson_stem_to_stripped_crimson_stem.
[199月2026 20:16:50.928] [main/WARN] [electrolyte.greate.Greate/]: Unable to remove recipe create:cutting/runtime_generated/compat/minecraft/stripped_warped_stem_to_warped_planks.
[199月2026 20:16:50.928] [main/WARN] [electrolyte.greate.Greate/]: Unable to remove recipe create:cutting/runtime_generated/compat/minecraft/stripped_warped_hyphae_to_warped_planks.
[199月2026 20:16:50.928] [main/WARN] [electrolyte.greate.Greate/]: Unable to remove recipe create:cutting/runtime_generated/compat/minecraft/warped_hyphae_to_stripped_warped_hyphae.
[199月2026 20:16:50.928] [main/WARN] [electrolyte.greate.Greate/]: Unable to remove recipe create:cutting/runtime_generated/compat/minecraft/warped_planks_to_warped_button.
[199月2026 20:16:50.928] [main/WARN] [electrolyte.greate.Greate/]: Unable to remove recipe create:cutting/runtime_generated/compat/minecraft/warped_planks_to_warped_slab.
[199月2026 20:16:50.928] [main/WARN] [electrolyte.greate.Greate/]: Unable to remove recipe create:cutting/runtime_generated/compat/minecraft/warped_stem_to_stripped_warped_stem.
[199月2026 20:16:50.928] [main/WARN] [electrolyte.greate.Greate/]: Unable to remove recipe create:cutting/runtime_generated/compat/gtceu/stripped_rubber_log_to_rubber_planks.
[199月2026 20:16:50.929] [main/WARN] [electrolyte.greate.Greate/]: Unable to remove recipe create:cutting/runtime_generated/compat/gtceu/stripped_rubber_wood_to_rubber_planks.
[199月2026 20:16:50.929] [main/WARN] [electrolyte.greate.Greate/]: Unable to remove recipe create:cutting/runtime_generated/compat/gtceu/rubber_wood_to_stripped_rubber_wood.
[199月2026 20:16:50.929] [main/WARN] [electrolyte.greate.Greate/]: Unable to remove recipe create:cutting/runtime_generated/compat/gtceu/rubber_planks_to_rubber_button.
[199月2026 20:16:50.929] [main/WARN] [electrolyte.greate.Greate/]: Unable to remove recipe create:cutting/runtime_generated/compat/gtceu/rubber_planks_to_rubber_slab.
[199月2026 20:16:50.929] [main/WARN] [electrolyte.greate.Greate/]: Unable to remove recipe create:cutting/runtime_generated/compat/gtceu/rubber_log_to_stripped_rubber_log.
[199月2026 20:16:50.929] [main/WARN] [electrolyte.greate.Greate/]: Unable to remove recipe create:crafting/appliances/chain_from_zinc.
[199月2026 20:16:50.929] [main/WARN] [electrolyte.greate.Greate/]: Unable to remove recipe create:crafting/kinetics/belt_connector.
[199月2026 20:16:50.930] [main/WARN] [electrolyte.greate.Greate/]: Unable to remove recipe create:crafting/kinetics/cogwheel.
[199月2026 20:16:50.930] [main/WARN] [electrolyte.greate.Greate/]: Unable to remove recipe create:crafting/kinetics/encased_fan.
[199月2026 20:16:50.930] [main/WARN] [electrolyte.greate.Greate/]: Unable to remove recipe create:crafting/kinetics/gearbox.
[199月2026 20:16:50.930] [main/WARN] [electrolyte.greate.Greate/]: Unable to remove recipe create:crafting/kinetics/gearbox_from_conversion.
[199月2026 20:16:50.930] [main/WARN] [electrolyte.greate.Greate/]: Unable to remove recipe create:crafting/kinetics/large_cogwheel.
[199月2026 20:16:50.930] [main/WARN] [electrolyte.greate.Greate/]: Unable to remove recipe create:crafting/kinetics/large_cogwheel_from_little.
[199月2026 20:16:50.931] [main/WARN] [electrolyte.greate.Greate/]: Unable to remove recipe create:crafting/kinetics/mechanical_mixer.
[199月2026 20:16:50.931] [main/WARN] [electrolyte.greate.Greate/]: Unable to remove recipe create:crafting/kinetics/mechanical_press.
[199月2026 20:16:50.931] [main/WARN] [electrolyte.greate.Greate/]: Unable to remove recipe create:crafting/kinetics/mechanical_pump.
[199月2026 20:16:50.931] [main/WARN] [electrolyte.greate.Greate/]: Unable to remove recipe create:crafting/kinetics/millstone.
[199月2026 20:16:50.931] [main/WARN] [electrolyte.greate.Greate/]: Unable to remove recipe create:crafting/kinetics/propeller.
[199月2026 20:16:50.931] [main/WARN] [electrolyte.greate.Greate/]: Unable to remove recipe create:crafting/kinetics/shaft.
[199月2026 20:16:50.932] [main/WARN] [electrolyte.greate.Greate/]: Unable to remove recipe create:crafting/kinetics/vertical_gearbox.
[199月2026 20:16:50.932] [main/WARN] [electrolyte.greate.Greate/]: Unable to remove recipe create:crafting/kinetics/vertical_gearbox_from_conversion.
[199月2026 20:16:50.932] [main/WARN] [electrolyte.greate.Greate/]: Unable to remove recipe create:crafting/kinetics/whisk.
[199月2026 20:16:50.932] [main/WARN] [electrolyte.greate.Greate/]: Unable to remove recipe create:cutting/andesite_alloy.
[199月2026 20:16:50.932] [main/WARN] [electrolyte.greate.Greate/]: Unable to remove recipe create:crafting/materials/andesite_alloy.
[199月2026 20:16:50.932] [main/WARN] [electrolyte.greate.Greate/]: Unable to remove recipe create:crafting/materials/andesite_alloy_from_zinc.
[199月2026 20:16:50.932] [main/WARN] [electrolyte.greate.Greate/]: Unable to remove recipe create:deploying/cogwheel.
[199月2026 20:16:50.932] [main/WARN] [electrolyte.greate.Greate/]: Unable to remove recipe create:deploying/large_cogwheel.
[199月2026 20:16:50.934] [main/WARN] [electrolyte.greate.Greate/]: Unable to remove recipe create:mechanical_crafting/crushing_wheel.
[199月2026 20:16:50.934] [main/WARN] [electrolyte.greate.Greate/]: Unable to remove recipe create:mixing/andesite_alloy.
[199月2026 20:16:50.934] [main/WARN] [electrolyte.greate.Greate/]: Unable to remove recipe create:mixing/andesite_alloy_from_zinc.
[199月2026 20:16:50.934] [main/WARN] [electrolyte.greate.Greate/]: Unable to remove recipe create:sequenced_assembly/precision_mechanism.
[199月2026 20:16:50.935] [main/INFO] [electrolyte.greate.Greate/]: Converting GTCEu & Create recipes...
[199月2026 20:16:52.638] [main/INFO] [electrolyte.greate.Greate/]: Finished processing 11776 recipes in 1703 ms
[199月2026 20:16:52.644] [main/INFO] [KubeJS Server/]: Processing recipes...
[199月2026 20:16:56.383] [main/INFO] [KubeJS Server/]: Found 87204 recipes in 3.738 s
[199月2026 20:17:01.697] [main/INFO] [KubeJS Server/]: tfg/ores_and_materials/recipes.materials.js#244: Loaded Java class 'electrolyte.greate.registry.GreateMaterials'
[199月2026 20:17:06.262] [main/INFO] [KubeJS Server/]: tfg/natural_blocks/recipes.stone_dusts.js#9: Loaded Java class 'com.gregtechceu.gtceu.api.recipe.chance.logic.ChanceLogic'
[199月2026 20:17:07.014] [main/INFO] [KubeJS Server/]: tfg/ores_and_materials/recipes.mo_si_b.js#5: Loaded Java class 'fi.dea.mc.deafission.common.data.recipe.HeatRecipeCapability'
[199月2026 20:17:07.015] [main/INFO] [KubeJS Server/]: tfg/ores_and_materials/recipes.mo_si_b.js#6: Loaded Java class 'fi.dea.mc.deafission.common.data.recipe.HeatIngredient'
[199月2026 20:17:10.282] [main/INFO] [KubeJS Server/]: Posted recipe events in 13.90 s
[199月2026 20:17:12.170] [KubeJS Recipe Event Worker 0/INFO] [TerraFirmaGreg-Core/]: Supressed CreateAdditions rolling recipe log spam! Enjoy!
[199月2026 20:17:13.172] [KubeJS Recipe Event Worker 0/WARN] [electrolyte.greate.Greate/]: Your custom greate:pressing recipe (tfg:pressing/compost_to_pure) has more item outputs (3) than supported (2).
[199月2026 20:17:13.190] [KubeJS Recipe Event Worker 0/WARN] [electrolyte.greate.Greate/]: Your custom greate:pressing recipe (tfg:pressing/fertilizer_to_pure) has more item outputs (3) than supported (2).
[199月2026 20:17:13.536] [main/WARN] [electrolyte.greate.Greate/]: Your custom greate:milling recipe (greate:integration/tfg/bone_spike) has more item inputs (3) than supported (1).
[199月2026 20:17:13.537] [main/WARN] [electrolyte.greate.Greate/]: Your custom greate:milling recipe (greate:milling/integration/tfg/bone_spike) has more item inputs (3) than supported (1).
[199月2026 20:17:13.756] [main/INFO] [Cucumber Library/]: Registered 0 recipes in 0 ms (KubeJS mode)
[199月2026 20:17:19.051] [main/WARN] [GregTechCEu/]: failed to add recipe from staging into lookup DB: gtceu:smelting/smelt_dust_black_bronze_to_ingot
[199月2026 20:17:19.067] [main/WARN] [GregTechCEu/]: failed to add recipe from staging into lookup DB: gtceu:smelting/smelt_dust_sterling_silver_to_ingot
[199月2026 20:17:19.074] [main/WARN] [GregTechCEu/]: failed to add recipe from staging into lookup DB: tfg:smelting/bismuth_bronze_ingot
[199月2026 20:17:19.084] [main/WARN] [GregTechCEu/]: failed to add recipe from staging into lookup DB: gtceu:smelting/smelt_dust_rose_gold_to_ingot
[199月2026 20:17:24.509] [main/WARN] [GregTechCEu/]: failed to add recipe from staging into lookup DB: tfg:chemical_bath/alabaster/bricks/gray
[199月2026 20:17:24.522] [main/WARN] [GregTechCEu/]: failed to add recipe from staging into lookup DB: tfg:chemical_bath/tfc/alabaster/bricks/orange
[199月2026 20:17:24.550] [main/WARN] [GregTechCEu/]: failed to add recipe from staging into lookup DB: tfg:chemical_bath/tfc/alabaster/bricks/yellow
[199月2026 20:17:24.557] [main/WARN] [GregTechCEu/]: failed to add recipe from staging into lookup DB: tfg:chemical_bath/alabaster/bricks/light_blue
[199月2026 20:17:24.562] [main/WARN] [GregTechCEu/]: failed to add recipe from staging into lookup DB: tfg:chemical_bath/alabaster/bricks/red
[199月2026 20:17:24.567] [main/WARN] [GregTechCEu/]: failed to add recipe from staging into lookup DB: tfg:chemical_bath/tfc/alabaster/bricks/pink
[199月2026 20:17:24.568] [main/WARN] [GregTechCEu/]: failed to add recipe from staging into lookup DB: tfg:chemical_bath/alabaster/bricks/magenta
[199月2026 20:17:24.576] [main/WARN] [GregTechCEu/]: failed to add recipe from staging into lookup DB: tfg:chemical_bath/alabaster/bricks/purple
[199月2026 20:17:24.579] [main/WARN] [GregTechCEu/]: failed to add recipe from staging into lookup DB: tfg:chemical_bath/tfc/alabaster/bricks/light_gray
[199月2026 20:17:24.584] [main/WARN] [GregTechCEu/]: failed to add recipe from staging into lookup DB: tfg:chemical_bath/alabaster/bricks/cyan
[199月2026 20:17:24.585] [main/WARN] [GregTechCEu/]: failed to add recipe from staging into lookup DB: tfc:chemical_bath/alabaster/raw
[199月2026 20:17:24.586] [main/WARN] [GregTechCEu/]: failed to add recipe from staging into lookup DB: tfg:chemical_bath/tfc/alabaster/bricks/blue
[199月2026 20:17:24.587] [main/WARN] [GregTechCEu/]: failed to add recipe from staging into lookup DB: tfg:chemical_bath/tfc/alabaster/bricks/green
[199月2026 20:17:24.595] [main/WARN] [GregTechCEu/]: failed to add recipe from staging into lookup DB: tfg:chemical_bath/alabaster/bricks/black
[199月2026 20:17:24.603] [main/WARN] [GregTechCEu/]: failed to add recipe from staging into lookup DB: tfg:chemical_bath/tfc/alabaster/bricks/lime
[199月2026 20:17:24.611] [main/WARN] [GregTechCEu/]: failed to add recipe from staging into lookup DB: tfg:chemical_bath/tfc/alabaster/bricks/brown
[199月2026 20:17:24.622] [main/WARN] [GregTechCEu/]: failed to add recipe from staging into lookup DB: tfg:chemical_bath/tfc/alabaster/bricks/white
[199月2026 20:17:25.162] [main/WARN] [GregTechCEu/]: failed to add recipe from staging into lookup DB: gtceu:cutter/cut_polished_blackstoneslab_into_button_distilled_water
[199月2026 20:17:25.171] [main/WARN] [GregTechCEu/]: failed to add recipe from staging into lookup DB: gtceu:cutter/cut_polished_blackstoneslab_into_button_water
[199月2026 20:17:25.174] [main/WARN] [GregTechCEu/]: failed to add recipe from staging into lookup DB: gtceu:cutter/cut_polished_blackstoneslab_into_button
[199月2026 20:17:26.942] [main/WARN] [GregTechCEu/]: failed to add recipe from staging into lookup DB: gtceu:forge_hammer/hammer_cracked_light_concrete_bricks
[199月2026 20:17:26.947] [main/WARN] [GregTechCEu/]: failed to add recipe from staging into lookup DB: gtceu:forge_hammer/hammer_deepslate_into_cracked
[199月2026 20:17:26.951] [main/WARN] [GregTechCEu/]: failed to add recipe from staging into lookup DB: gtceu:forge_hammer/hammer_cracked_dark_concrete_bricks
[199月2026 20:17:26.951] [main/WARN] [GregTechCEu/]: failed to add recipe from staging into lookup DB: gtceu:forge_hammer/hammer_nether_bricks_into_cracked
[199月2026 20:17:26.960] [main/WARN] [GregTechCEu/]: failed to add recipe from staging into lookup DB: gtceu:forge_hammer/hammer_cracked_red_granite_bricks
[199月2026 20:17:26.967] [main/WARN] [GregTechCEu/]: failed to add recipe from staging into lookup DB: gtceu:forge_hammer/hammer_stone_into_cracked
[199月2026 20:17:26.968] [main/WARN] [GregTechCEu/]: failed to add recipe from staging into lookup DB: gtceu:forge_hammer/hammer_deepslate_bricks_into_cracked
[199月2026 20:17:26.970] [main/WARN] [GregTechCEu/]: failed to add recipe from staging into lookup DB: gtceu:forge_hammer/light_concrete_raw_to_cobble
[199月2026 20:17:26.972] [main/WARN] [GregTechCEu/]: failed to add recipe from staging into lookup DB: tfg:forge_hammer/stone_bricks_to_cracked
[199月2026 20:17:26.972] [main/WARN] [GregTechCEu/]: failed to add recipe from staging into lookup DB: gtceu:forge_hammer/dark_concrete_raw_to_cobble
[199月2026 20:17:26.973] [main/WARN] [GregTechCEu/]: failed to add recipe from staging into lookup DB: gtceu:forge_hammer/red_granite_raw_to_cobble
[199月2026 20:17:27.247] [main/WARN] [GregTechCEu/]: failed to add recipe from staging into lookup DB: tfg:mixer/gtceu/mixer/spring_water/pill_poison_with_herbal_slime_ball
[199月2026 20:17:27.247] [main/WARN] [GregTechCEu/]: failed to add recipe from staging into lookup DB: tfg:mixer/gtceu/mixer/spring_water/pill_speed_with_herbal_slime_ball
[199月2026 20:17:27.249] [main/WARN] [GregTechCEu/]: failed to add recipe from staging into lookup DB: tfg:mixer/gtceu/mixer/spring_water/tablet_night_vision_with_herbal_slime_ball
[199月2026 20:17:27.249] [main/WARN] [GregTechCEu/]: failed to add recipe from staging into lookup DB: tfg:mixer/gtceu/mixer/distilled_water/pill_weakness_with_herbal_slime_ball
[199月2026 20:17:27.250] [main/WARN] [GregTechCEu/]: failed to add recipe from staging into lookup DB: tfg:mixer/gtceu/mixer/spring_water/pill_haste_with_herbal_slime_ball
[199月2026 20:17:27.251] [main/WARN] [GregTechCEu/]: failed to add recipe from staging into lookup DB: tfg:mixer/gtceu/mixer/spring_water/tablet_slowness_with_herbal_slime_ball
[199月2026 20:17:27.251] [main/WARN] [GregTechCEu/]: failed to add recipe from staging into lookup DB: tfg:mixer/gtceu/mixer/distilled_water/pill_water_breathing_with_herbal_slime_ball
[199月2026 20:17:27.252] [main/WARN] [GregTechCEu/]: failed to add recipe from staging into lookup DB: tfg:mixer/gtceu/mixer/distilled_water/pill_night_vision_with_herbal_slime_ball
[199月2026 20:17:27.253] [main/WARN] [GregTechCEu/]: failed to add recipe from staging into lookup DB: tfg:mixer/gtceu/mixer/spring_water/pill_regeneration_with_herbal_slime_ball
[199月2026 20:17:27.255] [main/WARN] [GregTechCEu/]: failed to add recipe from staging into lookup DB: tfg:mixer/gtceu/mixer/spring_water/tablet_haste_with_herbal_slime_ball
[199月2026 20:17:27.255] [main/WARN] [GregTechCEu/]: failed to add recipe from staging into lookup DB: tfg:mixer/gtceu/mixer/spring_water/tablet_regeneration_with_herbal_slime_ball
[199月2026 20:17:27.256] [main/WARN] [GregTechCEu/]: failed to add recipe from staging into lookup DB: tfg:mixer/gtceu/mixer/distilled_water/pill_antipoison_with_herbal_slime_ball
[199月2026 20:17:27.257] [main/WARN] [GregTechCEu/]: failed to add recipe from staging into lookup DB: tfg:mixer/gtceu/mixer/distilled_water/tablet_water_breathing_with_herbal_slime_ball
[199月2026 20:17:27.257] [main/WARN] [GregTechCEu/]: failed to add recipe from staging into lookup DB: tfg:mixer/gtceu/mixer/spring_water/tablet_speed_with_herbal_slime_ball
[199月2026 20:17:27.259] [main/WARN] [GregTechCEu/]: failed to add recipe from staging into lookup DB: tfg:mixer/gtceu/mixer/spring_water/pill_slowness_with_herbal_slime_ball
[199月2026 20:17:27.260] [main/WARN] [GregTechCEu/]: failed to add recipe from staging into lookup DB: tfg:mixer/gtceu/mixer/spring_water/tablet_weakness_with_herbal_slime_ball
[199月2026 20:17:27.260] [main/WARN] [GregTechCEu/]: failed to add recipe from staging into lookup DB: tfg:mixer/gtceu/mixer/spring_water/tablet_poison_with_herbal_slime_ball
[199月2026 20:17:27.260] [main/WARN] [GregTechCEu/]: failed to add recipe from staging into lookup DB: tfg:mixer/gtceu/mixer/spring_water/tablet_antipoison_with_herbal_slime_ball
[199月2026 20:17:27.769] [main/WARN] [GregTechCEu/]: failed to add recipe from staging into lookup DB: megacells:packer/crafting_mega_accelerator_back
[199月2026 20:17:27.872] [main/WARN] [GregTechCEu/]: failed to add recipe from staging into lookup DB: tfg:laser_engraver/deepslate_raw_to_polished
[199月2026 20:17:27.872] [main/WARN] [GregTechCEu/]: failed to add recipe from staging into lookup DB: gtceu:laser_engraver/engrave_cut_granite
[199月2026 20:17:27.873] [main/WARN] [GregTechCEu/]: failed to add recipe from staging into lookup DB: tfg:laser_engraver/limestone_raw_to_polished
[199月2026 20:17:27.874] [main/WARN] [GregTechCEu/]: failed to add recipe from staging into lookup DB: gtceu:laser_engraver/engrave_cut_dripstone
[199月2026 20:17:27.874] [main/WARN] [GregTechCEu/]: failed to add recipe from staging into lookup DB: gtceu:laser_engraver/engrave_cut_diorite
[199月2026 20:17:27.874] [main/WARN] [GregTechCEu/]: failed to add recipe from staging into lookup DB: gtceu:laser_engraver/engrave_cut_andesite
[199月2026 20:17:29.405] [main/WARN] [GregTechCEu/]: failed to add recipe from staging into lookup DB: gtceu:food_processor/oat_bread_jam_sandwich_1
[199月2026 20:17:29.411] [main/WARN] [GregTechCEu/]: failed to add recipe from staging into lookup DB: gtceu:food_processor/wheat_flatbread_jam_sandwich_1
[199月2026 20:17:29.420] [main/WARN] [GregTechCEu/]: failed to add recipe from staging into lookup DB: gtceu:food_processor/maize_slice_jam_sandwich_1
[199月2026 20:17:29.430] [main/WARN] [GregTechCEu/]: failed to add recipe from staging into lookup DB: gtceu:food_processor/rice_slice_jam_sandwich_1
[199月2026 20:17:29.436] [main/WARN] [GregTechCEu/]: failed to add recipe from staging into lookup DB: gtceu:food_processor/maize_bread_jam_sandwich_1
[199月2026 20:17:30.615] [main/INFO] [KubeJS Server/]: Added 34293 recipes, removed 14536 recipes, modified 1071 recipes, with 0 failed recipes in 20.33 s
[199月2026 20:17:30.616] [main/INFO] [ModernFix/]: Clearing KubeJS recipe lists...
[199月2026 20:17:30.730] [main/INFO] [placebo/]: Registered 0 additional recipes.
[199月2026 20:17:30.752] [main/INFO] [top.theillusivec4.curios.Curios/]: Loaded 19 curio slots
[199月2026 20:17:30.786] [main/INFO] [top.theillusivec4.curios.Curios/]: Loaded 2 curio entities
[199月2026 20:17:30.867] [main/WARN] [Reliable Remover/]: Skipping invalid item ID 'beneath:wood/windmill/crimson'.
[199月2026 20:17:30.867] [main/WARN] [Reliable Remover/]: Skipping invalid item ID 'beneath:wood/windmill/warped'.
[199月2026 20:17:30.868] [main/WARN] [Reliable Remover/]: Skipping invalid item ID 'fluidlogistics:empty_fluid_schematic'.
[199月2026 20:17:30.868] [main/WARN] [Reliable Remover/]: Skipping invalid item ID 'fluidlogistics:copper_schematicannon'.
[199月2026 20:17:30.868] [main/WARN] [Reliable Remover/]: Skipping invalid item ID 'firmalife:metal/bucket/stainless_steel'.
[199月2026 20:17:30.868] [main/WARN] [Reliable Remover/]: Skipping invalid item ID 'firmalife:metal/bucket/chromium'.
[199月2026 20:17:30.868] [main/WARN] [Reliable Remover/]: Skipping invalid item ID 'greate:polybenzimidazole_belt_connector'.
[199月2026 20:17:30.868] [main/WARN] [Reliable Remover/]: Skipping invalid item ID 'greate:andesite_alloy_block'.
[199月2026 20:17:30.868] [main/WARN] [Reliable Remover/]: Skipping invalid item ID 'greate:andesite_alloy_buzz_saw_blade'.
[199月2026 20:17:30.869] [main/WARN] [Reliable Remover/]: Skipping invalid item ID 'greate:andesite_alloy_alloy'.
[199月2026 20:17:30.869] [main/WARN] [Reliable Remover/]: Skipping invalid item ID 'greate:polytetrafluoroethylene_belt_connector'.
[199月2026 20:17:30.869] [main/WARN] [Reliable Remover/]: Skipping invalid item ID 'greate:andesite_alloy_buzzsaw'.
[199月2026 20:17:30.869] [main/WARN] [Reliable Remover/]: Skipping invalid item ID 'greate:andesite_alloy_ingot'.
[199月2026 20:17:30.870] [main/WARN] [Reliable Remover/]: Skipping invalid item ID 'greate:polyethylene_belt_connector'.
[199月2026 20:17:30.870] [main/WARN] [Reliable Remover/]: Skipping invalid item ID 'gtceu:stone_buzz_saw_blade'.
[199月2026 20:17:30.870] [main/WARN] [Reliable Remover/]: Skipping invalid item ID 'gtceu:wood_drill_head'.
[199月2026 20:17:30.870] [main/WARN] [Reliable Remover/]: Skipping invalid item ID 'gtceu:damascus_steel_chainsaw_head'.
[199月2026 20:17:30.870] [main/WARN] [Reliable Remover/]: Skipping invalid item ID 'gtceu:hv_damascus_steel_wire_cutter'.
[199月2026 20:17:30.871] [main/WARN] [Reliable Remover/]: Skipping invalid item ID 'gtceu:hv_damascus_steel_drill'.
[199月2026 20:17:30.871] [main/WARN] [Reliable Remover/]: Skipping invalid item ID 'gtceu:stone_chainsaw_head'.
[199月2026 20:17:30.871] [main/WARN] [Reliable Remover/]: Skipping invalid item ID 'gtceu:damascus_steel_screwdriver_tip'.
[199月2026 20:17:30.871] [main/WARN] [Reliable Remover/]: Skipping invalid item ID 'gtceu:stone_drill_head'.
[199月2026 20:17:30.871] [main/WARN] [Reliable Remover/]: Skipping invalid item ID 'gtceu:damascus_steel_drill_head'.
[199月2026 20:17:30.871] [main/WARN] [Reliable Remover/]: Skipping invalid item ID 'gtceu:iv_damascus_steel_wire_cutter'.
[199月2026 20:17:30.871] [main/WARN] [Reliable Remover/]: Skipping invalid item ID 'gtceu:damascus_steel_buzz_saw_blade'.
[199月2026 20:17:30.871] [main/WARN] [Reliable Remover/]: Skipping invalid item ID 'gtceu:lv_damascus_steel_chainsaw'.
[199月2026 20:17:30.871] [main/WARN] [Reliable Remover/]: Skipping invalid item ID 'gtceu:iv_damascus_steel_drill'.
[199月2026 20:17:30.872] [main/WARN] [Reliable Remover/]: Skipping invalid item ID 'gtceu:lv_damascus_steel_wire_cutter'.
[199月2026 20:17:30.872] [main/WARN] [Reliable Remover/]: Skipping invalid item ID 'gtceu:ev_damascus_steel_drill'.
[199月2026 20:17:30.872] [main/WARN] [Reliable Remover/]: Skipping invalid item ID 'gtceu:damascus_steel_buzzsaw'.
[199月2026 20:17:30.872] [main/WARN] [Reliable Remover/]: Skipping invalid item ID 'gtceu:wood_chainsaw_head'.
[199月2026 20:17:30.872] [main/WARN] [Reliable Remover/]: Skipping invalid item ID 'gtceu:flint_mortar'.
[199月2026 20:17:30.872] [main/WARN] [Reliable Remover/]: Skipping invalid item ID 'gtceu:damascus_steel_wire_cutter_head'.
[199月2026 20:17:30.872] [main/WARN] [Reliable Remover/]: Skipping invalid item ID 'gtceu:wood_screwdriver_tip'.
[199月2026 20:17:30.872] [main/WARN] [Reliable Remover/]: Skipping invalid item ID 'gtceu:mv_damascus_steel_drill'.
[199月2026 20:17:30.872] [main/WARN] [Reliable Remover/]: Skipping invalid item ID 'gtceu:stone_wrench_tip'.
[199月2026 20:17:30.872] [main/WARN] [Reliable Remover/]: Skipping invalid item ID 'gtmutils:quantum_coolant'.
[199月2026 20:17:30.872] [main/WARN] [Reliable Remover/]: Skipping invalid item ID 'gtmutils:pterb_machine'.
[199月2026 20:17:30.874] [main/WARN] [Reliable Remover/]: Skipping invalid item ID 'vintageimprovements:golden_wire'.
[199月2026 20:17:30.874] [main/WARN] [Reliable Remover/]: Skipping invalid item ID 'vintageimprovements:copper_wire'.
[199月2026 20:17:30.874] [main/WARN] [Reliable Remover/]: Skipping invalid item ID 'vintageimprovements:blaze_wire'.
[199月2026 20:17:30.875] [main/WARN] [Reliable Remover/]: Skipping invalid item ID 'vintageimprovements:iron_wire'.
[199月2026 20:17:30.875] [main/WARN] [Reliable Remover/]: Skipping invalid item ID 'vintageimprovements:electrum_wire'.
[199月2026 20:17:30.876] [main/INFO] [Reliable Remover/]: Loaded 2340 reliable remover rules.
[199月2026 20:17:31.714] [main/INFO] [com.ninni.species.Species/]: Loaded 22 Limpet ore entries
[199月2026 20:17:31.717] [main/INFO] [com.ninni.species.Species/]: Loaded 9 Goober goo recipes
[199月2026 20:17:31.721] [main/INFO] [com.ninni.species.Species/]: Loaded 30 Cruncher pellet recipes
[199月2026 20:17:31.722] [main/INFO] [net.dries007.tfc.util.DataManager/]: Loaded 0 nether_fertilizer(s).
[199月2026 20:17:31.722] [main/INFO] [net.dries007.tfc.util.DataManager/]: Loaded 0 lost_page(s).
[199月2026 20:17:31.732] [main/INFO] [dan200.computercraft.impl.UpgradeManager/]: Loaded 104 turtle upgrades
[199月2026 20:17:31.732] [main/INFO] [dan200.computercraft.impl.UpgradeManager/]: Loaded 8 pocket computer upgrades
[199月2026 20:17:32.350] [main/INFO] [KubeJS Server/]: tfg/mars/data.mars.js#5: Loaded Java class 'net.minecraft.core.registries.Registries'
[199月2026 20:17:32.351] [main/INFO] [KubeJS Server/]: tfg/mars/data.mars.js#6: Loaded Java class 'net.minecraft.resources.ResourceKey'
[199月2026 20:17:32.359] [main/INFO] [net.dries007.tfc.util.DataManager/]: Loaded 4 greenhouse(s).
[199月2026 20:17:32.363] [main/INFO] [net.dries007.tfc.util.DataManager/]: Loaded 80 plantable(s).
[199月2026 20:17:32.364] [main/INFO] [net.dries007.tfc.util.DataManager/]: Loaded 42 metal(s).
[199月2026 20:17:32.365] [main/INFO] [net.dries007.tfc.util.DataManager/]: Loaded 9 knapping_types(s).
[199月2026 20:17:32.366] [main/INFO] [net.dries007.tfc.util.DataManager/]: Loaded 93 fuel(s).
[199月2026 20:17:32.367] [main/INFO] [net.dries007.tfc.util.DataManager/]: Loaded 42 drinkable(s).
[199月2026 20:17:32.368] [main/INFO] [net.dries007.tfc.util.DataManager/]: Loaded 54 support(s).
[199月2026 20:17:32.370] [main/INFO] [net.dries007.tfc.util.DataManager/]: Loaded 80 panning(s).
[199月2026 20:17:32.371] [main/INFO] [net.dries007.tfc.util.DataManager/]: Loaded 80 sluicing(s).
[199月2026 20:17:32.371] [main/INFO] [net.dries007.tfc.util.DataManager/]: Loaded 14 lamp_fuel(s).
[199月2026 20:17:32.372] [main/INFO] [net.dries007.tfc.util.DataManager/]: Loaded 48 fertilizer(s).
[199月2026 20:17:32.377] [main/INFO] [net.dries007.tfc.util.DataManager/]: Loaded 353 item size(s).
[199月2026 20:17:32.379] [main/INFO] [net.dries007.tfc.util.RegisteredDataManager/]: Loaded 71 / 71 climate range(s).
[199月2026 20:17:32.381] [main/INFO] [net.dries007.tfc.util.RegisteredDataManager/]: Loaded 97 / 97 fauna(s).
[199月2026 20:17:32.398] [main/INFO] [net.dries007.tfc.util.DataManager/]: Loaded 2072 item heat(s).
[199月2026 20:17:32.403] [main/INFO] [net.dries007.tfc.util.DataManager/]: Loaded 391 food(s).
[199月2026 20:17:32.403] [main/INFO] [net.dries007.tfc.util.DataManager/]: Loaded 4 entity_damage_resistances(s).
[199月2026 20:17:32.404] [main/INFO] [net.dries007.tfc.util.DataManager/]: Loaded 32 item_damage_resistances(s).
[199月2026 20:17:32.410] [main/INFO] [su.terrafirmagreg.core.world.BedrockFluidSpoutLoader/]: [TFG] BedrockFluidSpoutLoader: 11 features loaded
[199月2026 20:17:32.418] [main/INFO] [placebo/]: Registered 0 gear_sets.
[199月2026 20:17:32.762] [main/WARN] [net.minecraft.core.MappedRegistry/]: Not all defined tags for registry ResourceKey[minecraft:root / minecraft:worldgen/placed_feature] are present in data pack: tfg:glacio_underground_decoration, tfg:glacio_veins, tfg:venus_veins
[199月2026 20:17:32.815] [main/WARN] [Reliable Remover/]: Skipping invalid item ID 'beneath:wood/windmill/crimson'.
[199月2026 20:17:32.816] [main/WARN] [Reliable Remover/]: Skipping invalid item ID 'beneath:wood/windmill/warped'.
[199月2026 20:17:32.816] [main/WARN] [Reliable Remover/]: Skipping invalid item ID 'fluidlogistics:empty_fluid_schematic'.
[199月2026 20:17:32.816] [main/WARN] [Reliable Remover/]: Skipping invalid item ID 'fluidlogistics:copper_schematicannon'.
[199月2026 20:17:32.817] [main/WARN] [Reliable Remover/]: Skipping invalid item ID 'firmalife:metal/bucket/stainless_steel'.
[199月2026 20:17:32.817] [main/WARN] [Reliable Remover/]: Skipping invalid item ID 'firmalife:metal/bucket/chromium'.
[199月2026 20:17:32.817] [main/WARN] [Reliable Remover/]: Skipping invalid item ID 'greate:polybenzimidazole_belt_connector'.
[199月2026 20:17:32.817] [main/WARN] [Reliable Remover/]: Skipping invalid item ID 'greate:andesite_alloy_block'.
[199月2026 20:17:32.818] [main/WARN] [Reliable Remover/]: Skipping invalid item ID 'greate:andesite_alloy_buzz_saw_blade'.
[199月2026 20:17:32.818] [main/WARN] [Reliable Remover/]: Skipping invalid item ID 'greate:andesite_alloy_alloy'.
[199月2026 20:17:32.818] [main/WARN] [Reliable Remover/]: Skipping invalid item ID 'greate:polytetrafluoroethylene_belt_connector'.
[199月2026 20:17:32.818] [main/WARN] [Reliable Remover/]: Skipping invalid item ID 'greate:andesite_alloy_buzzsaw'.
[199月2026 20:17:32.818] [main/WARN] [Reliable Remover/]: Skipping invalid item ID 'greate:andesite_alloy_ingot'.
[199月2026 20:17:32.819] [main/WARN] [Reliable Remover/]: Skipping invalid item ID 'greate:polyethylene_belt_connector'.
[199月2026 20:17:32.819] [main/WARN] [Reliable Remover/]: Skipping invalid item ID 'gtceu:stone_buzz_saw_blade'.
[199月2026 20:17:32.820] [main/WARN] [Reliable Remover/]: Skipping invalid item ID 'gtceu:wood_drill_head'.
[199月2026 20:17:32.820] [main/WARN] [Reliable Remover/]: Skipping invalid item ID 'gtceu:damascus_steel_chainsaw_head'.
[199月2026 20:17:32.820] [main/WARN] [Reliable Remover/]: Skipping invalid item ID 'gtceu:hv_damascus_steel_wire_cutter'.
[199月2026 20:17:32.820] [main/WARN] [Reliable Remover/]: Skipping invalid item ID 'gtceu:hv_damascus_steel_drill'.
[199月2026 20:17:32.820] [main/WARN] [Reliable Remover/]: Skipping invalid item ID 'gtceu:stone_chainsaw_head'.
[199月2026 20:17:32.820] [main/WARN] [Reliable Remover/]: Skipping invalid item ID 'gtceu:damascus_steel_screwdriver_tip'.
[199月2026 20:17:32.821] [main/WARN] [Reliable Remover/]: Skipping invalid item ID 'gtceu:stone_drill_head'.
[199月2026 20:17:32.821] [main/WARN] [Reliable Remover/]: Skipping invalid item ID 'gtceu:damascus_steel_drill_head'.
[199月2026 20:17:32.821] [main/WARN] [Reliable Remover/]: Skipping invalid item ID 'gtceu:iv_damascus_steel_wire_cutter'.
[199月2026 20:17:32.821] [main/WARN] [Reliable Remover/]: Skipping invalid item ID 'gtceu:damascus_steel_buzz_saw_blade'.
[199月2026 20:17:32.821] [main/WARN] [Reliable Remover/]: Skipping invalid item ID 'gtceu:lv_damascus_steel_chainsaw'.
[199月2026 20:17:32.822] [main/WARN] [Reliable Remover/]: Skipping invalid item ID 'gtceu:iv_damascus_steel_drill'.
[199月2026 20:17:32.822] [main/WARN] [Reliable Remover/]: Skipping invalid item ID 'gtceu:lv_damascus_steel_wire_cutter'.
[199月2026 20:17:32.822] [main/WARN] [Reliable Remover/]: Skipping invalid item ID 'gtceu:ev_damascus_steel_drill'.
[199月2026 20:17:32.822] [main/WARN] [Reliable Remover/]: Skipping invalid item ID 'gtceu:damascus_steel_buzzsaw'.
[199月2026 20:17:32.822] [main/WARN] [Reliable Remover/]: Skipping invalid item ID 'gtceu:wood_chainsaw_head'.
[199月2026 20:17:32.823] [main/WARN] [Reliable Remover/]: Skipping invalid item ID 'gtceu:flint_mortar'.
[199月2026 20:17:32.824] [main/WARN] [Reliable Remover/]: Skipping invalid item ID 'gtceu:damascus_steel_wire_cutter_head'.
[199月2026 20:17:32.824] [main/WARN] [Reliable Remover/]: Skipping invalid item ID 'gtceu:wood_screwdriver_tip'.
[199月2026 20:17:32.824] [main/WARN] [Reliable Remover/]: Skipping invalid item ID 'gtceu:mv_damascus_steel_drill'.
[199月2026 20:17:32.825] [main/WARN] [Reliable Remover/]: Skipping invalid item ID 'gtceu:stone_wrench_tip'.
[199月2026 20:17:32.825] [main/WARN] [Reliable Remover/]: Skipping invalid item ID 'gtmutils:quantum_coolant'.
[199月2026 20:17:32.825] [main/WARN] [Reliable Remover/]: Skipping invalid item ID 'gtmutils:pterb_machine'.
[199月2026 20:17:32.826] [main/WARN] [Reliable Remover/]: Skipping invalid item ID 'vintageimprovements:golden_wire'.
[199月2026 20:17:32.827] [main/WARN] [Reliable Remover/]: Skipping invalid item ID 'vintageimprovements:copper_wire'.
[199月2026 20:17:32.827] [main/WARN] [Reliable Remover/]: Skipping invalid item ID 'vintageimprovements:blaze_wire'.
[199月2026 20:17:32.827] [main/WARN] [Reliable Remover/]: Skipping invalid item ID 'vintageimprovements:iron_wire'.
[199月2026 20:17:32.827] [main/WARN] [Reliable Remover/]: Skipping invalid item ID 'vintageimprovements:electrum_wire'.
[199月2026 20:17:32.828] [main/INFO] [Reliable Remover/]: Loaded 2340 reliable remover rules.
[199月2026 20:17:32.830] [main/INFO] [Reliable Remover/]: Total items removed: 2337
[199月2026 20:17:32.962] [main/ERROR] [net.minecraftforge.fml.loading.RuntimeDistCleaner/DISTXFORM]: Attempted to load class net/minecraft/client/multiplayer/ClientLevel for invalid dist DEDICATED_SERVER
[199月2026 20:17:32.962] [main/INFO] [net.dries007.tfc.util.Helpers/]: ^ This is fine - No client or server recipe manager present upon initial resource reload on physical server
[199月2026 20:17:32.962] [main/INFO] [net.dries007.tfc.util.Helpers/]: Successfully captured server recipe manager
[199月2026 20:17:33.066] [main/INFO] [net.dries007.tfc.common.capabilities.size.ItemSizeManager/]: Performing setup for item stack size editing.
[199月2026 20:17:33.097] [main/INFO] [net.dries007.tfc.common.capabilities.size.ItemSizeManager/]: Editing item stack sizes: found 28800 editable of 31409 total.
[199月2026 20:17:34.017] [main/INFO] [Cucumber Library/]: Loaded cucumber-tags.json in 7 ms
[199月2026 20:17:34.568] [main/INFO] [Reliable Recipes/]: Hidden items integration removed 19187 item-tag associations.
[199月2026 20:17:34.582] [main/WARN] [ModernFix/]: Initial datapack load took 1.577 min
[199月2026 20:17:35.130] [Server thread/INFO] [net.minecraft.server.dedicated.DedicatedServer/]: Starting minecraft server version 1.20.1
[199月2026 20:17:35.131] [Server thread/INFO] [net.minecraft.server.dedicated.DedicatedServer/]: Loading properties
[199月2026 20:17:35.132] [Server thread/INFO] [net.minecraft.server.dedicated.DedicatedServer/]: Default game type: SURVIVAL
[199月2026 20:17:35.132] [Server thread/INFO] [net.minecraft.server.MinecraftServer/]: Generating keypair
[199月2026 20:17:35.269] [Server thread/INFO] [net.minecraft.server.dedicated.DedicatedServer/]: Starting Minecraft server on 0.0.0.0:25565
[199月2026 20:17:35.306] [Server thread/INFO] [net.minecraft.server.network.ServerConnectionListener/]: Using default channel type
[199月2026 20:17:36.137] [Server thread/WARN] [net.minecraftforge.common.ForgeConfigSpec/CORE]: Configuration file C:\Users\yushu\Downloads\TerraFirmaGreg-Modern-0.13.10-serverpack\defaultconfigs\sophisticatedbackpacks-server.toml is not correct. Correcting
[199月2026 20:17:36.139] [Server thread/WARN] [net.minecraftforge.common.ForgeConfigSpec/CORE]: Incorrect key server.tankUpgrade.energyPerSlotRow was corrected from 10000 to its default, null. 
[199月2026 20:17:36.139] [Server thread/WARN] [net.minecraftforge.common.ForgeConfigSpec/CORE]: Incorrect key server.batteryUpgrade was corrected from null to its default, SimpleCommentedConfig:{}. 
[199月2026 20:17:36.140] [Server thread/WARN] [net.minecraftforge.common.ForgeConfigSpec/CORE]: Incorrect key server.batteryUpgrade.energyPerSlotRow was corrected from null to its default, 10000. 
[199月2026 20:17:36.140] [Server thread/WARN] [net.minecraftforge.common.ForgeConfigSpec/CORE]: Incorrect key server.batteryUpgrade.stackMultiplierRatio was corrected from null to its default, 1.0. 
[199月2026 20:17:36.140] [Server thread/WARN] [net.minecraftforge.common.ForgeConfigSpec/CORE]: Incorrect key server.batteryUpgrade.maxInputOutput was corrected from null to its default, 20. 
[199月2026 20:17:36.164] [Server thread/INFO] [Puzzles Lib/]: Loading server config for hangglider
[199月2026 20:17:36.190] [Server thread/WARN] [net.minecraftforge.common.ForgeConfigSpec/CORE]: Configuration file C:\Users\yushu\Downloads\TerraFirmaGreg-Modern-0.13.10-serverpack\defaultconfigs\create_hypertube-server.toml is not correct. Correcting
[199月2026 20:17:36.194] [Server thread/WARN] [net.minecraftforge.common.ForgeConfigSpec/CORE]: Incorrect key Collision Settings was corrected from null to its default, SimpleCommentedConfig:{}. 
[199月2026 20:17:36.194] [Server thread/WARN] [net.minecraftforge.common.ForgeConfigSpec/CORE]: Incorrect key Collision Settings.tubeCollision was corrected from null to its default, true. 
[199月2026 20:17:36.384] [Server thread/INFO] [net.jelly.sandworm_mod.vehicle.VehicleMatcher/]: Initialize vehicle matcher with mode: BOTH, whitelist: [ad_astra:tier_1_rover], blacklist: [wan_ancient_beasts:soarer, wan_ancient_beasts:surfer, tfg:surfer]
[199月2026 20:17:36.404] [Server thread/WARN] [net.minecraftforge.common.ForgeConfigSpec/CORE]: Configuration file C:\Users\yushu\Downloads\TerraFirmaGreg-Modern-0.13.10-serverpack\defaultconfigs\tfg-server.toml is not correct. Correcting
[199月2026 20:17:36.406] [Server thread/WARN] [net.minecraftforge.common.ForgeConfigSpec/CORE]: Incorrect key glassblowing was corrected from null to its default, SimpleCommentedConfig:{}. 
[199月2026 20:17:36.407] [Server thread/WARN] [net.minecraftforge.common.ForgeConfigSpec/CORE]: Incorrect key glassblowing.baseGlassblowingCooldown was corrected from null to its default, 20. 
[199月2026 20:17:36.407] [Server thread/WARN] [net.minecraftforge.common.ForgeConfigSpec/CORE]: Incorrect key glassblowing.baseGlassblowingDuration was corrected from null to its default, 40. 
[199月2026 20:17:36.418] [Server thread/WARN] [net.minecraftforge.common.ForgeConfigSpec/CORE]: Incorrect key tfc_create_compatibility was corrected from null to its default, SimpleCommentedConfig:{}. 
[199月2026 20:17:36.418] [Server thread/WARN] [net.minecraftforge.common.ForgeConfigSpec/CORE]: Incorrect key tfc_create_compatibility.quernStressImpact was corrected from null to its default, 0.25. 
[199月2026 20:17:36.418] [Server thread/WARN] [net.minecraftforge.common.ForgeConfigSpec/CORE]: Incorrect key tfc_create_compatibility.quernRpmLimit was corrected from null to its default, 32. 
[199月2026 20:17:36.418] [Server thread/WARN] [net.minecraftforge.common.ForgeConfigSpec/CORE]: Incorrect key tfc_create_compatibility.quernStressLimit was corrected from null to its default, 8. 
[199月2026 20:17:36.418] [Server thread/WARN] [net.minecraftforge.common.ForgeConfigSpec/CORE]: Incorrect key tfc_create_compatibility.bellowsStressImpact was corrected from null to its default, 0.5. 
[199月2026 20:17:36.419] [Server thread/WARN] [net.minecraftforge.common.ForgeConfigSpec/CORE]: Incorrect key tfc_create_compatibility.bellowsStressLimit was corrected from null to its default, 8. 
[199月2026 20:17:36.419] [Server thread/WARN] [net.minecraftforge.common.ForgeConfigSpec/CORE]: Incorrect key tfc_create_compatibility.bellowsRpmLimit was corrected from null to its default, 16. 
[199月2026 20:17:36.419] [Server thread/WARN] [net.minecraftforge.common.ForgeConfigSpec/CORE]: Incorrect key tfc_create_compatibility.composterStressImpact was corrected from null to its default, 0.25. 
[199月2026 20:17:36.419] [Server thread/WARN] [net.minecraftforge.common.ForgeConfigSpec/CORE]: Incorrect key tfc_create_compatibility.composterStressLimit was corrected from null to its default, 8. 
[199月2026 20:17:36.419] [Server thread/WARN] [net.minecraftforge.common.ForgeConfigSpec/CORE]: Incorrect key tfc_create_compatibility.composterRpmLimit was corrected from null to its default, 32. 
[199月2026 20:17:36.513] [Server thread/WARN] [net.minecraftforge.common.ForgeConfigSpec/CORE]: Configuration file C:\Users\yushu\Downloads\TerraFirmaGreg-Modern-0.13.10-serverpack\defaultconfigs\tfc-server.toml is not correct. Correcting
[199月2026 20:17:36.514] [Server thread/WARN] [net.minecraftforge.common.ForgeConfigSpec/CORE]: Incorrect key blocks.crops.wildCropMaturityStartMonth was corrected from null to its default, JUNE. 
[199月2026 20:17:36.514] [Server thread/WARN] [net.minecraftforge.common.ForgeConfigSpec/CORE]: Incorrect key blocks.crops.wildCropMaturityEndMonth was corrected from null to its default, OCTOBER. 
[199月2026 20:17:36.610] [Server thread/WARN] [net.minecraftforge.common.ForgeConfigSpec/CORE]: Configuration file C:\Users\yushu\Downloads\TerraFirmaGreg-Modern-0.13.10-serverpack\defaultconfigs\greate-server.toml is not correct. Correcting
[199月2026 20:17:36.611] [Server thread/WARN] [net.minecraftforge.common.ForgeConfigSpec/CORE]: Incorrect key kinetics.stressValues.v2.capacity was corrected from null to its default, SimpleCommentedConfig:{}. 
[199月2026 20:17:36.611] [Server thread/WARN] [net.minecraftforge.common.ForgeConfigSpec/CORE]: Incorrect key kinetics.stressValues.v2.capacity.aluminium was corrected from null to its default, SimpleCommentedConfig:{}. 
[199月2026 20:17:36.611] [Server thread/WARN] [net.minecraftforge.common.ForgeConfigSpec/CORE]: Incorrect key kinetics.stressValues.v2.capacity.aluminium.generators/aluminium_combustion_engine was corrected from null to its default, 1.0. 
[199月2026 20:17:36.611] [Server thread/WARN] [net.minecraftforge.common.ForgeConfigSpec/CORE]: Incorrect key kinetics.stressValues.v2.capacity.steel was corrected from null to its default, SimpleCommentedConfig:{}. 
[199月2026 20:17:36.611] [Server thread/WARN] [net.minecraftforge.common.ForgeConfigSpec/CORE]: Incorrect key kinetics.stressValues.v2.capacity.steel.generators/steel_combustion_engine was corrected from null to its default, 1.0. 
[199月2026 20:17:36.611] [Server thread/WARN] [net.minecraftforge.common.ForgeConfigSpec/CORE]: Incorrect key kinetics.stressValues.v2.capacity.steel.generators/stainless_steel_combustion_engine was corrected from null to its default, 1.0. 
[199月2026 20:17:36.612] [Server thread/WARN] [net.minecraftforge.common.ForgeConfigSpec/CORE]: Incorrect key kinetics.stressValues.v2.capacity.stainless_steel was corrected from null to its default, SimpleCommentedConfig:{}. 
[199月2026 20:17:36.612] [Server thread/WARN] [net.minecraftforge.common.ForgeConfigSpec/CORE]: Incorrect key kinetics.stressValues.v2.capacity.stainless_steel.generators/stainless_steel_combustion_engine was corrected from null to its default, 1.0. 
[199月2026 20:17:36.612] [Server thread/WARN] [net.minecraftforge.common.ForgeConfigSpec/CORE]: Incorrect key kinetics.stressValues.v2.capacity.titanium was corrected from null to its default, SimpleCommentedConfig:{}. 
[199月2026 20:17:36.612] [Server thread/WARN] [net.minecraftforge.common.ForgeConfigSpec/CORE]: Incorrect key kinetics.stressValues.v2.capacity.titanium.generators/titanium_combustion_engine was corrected from null to its default, 1.0. 
[199月2026 20:17:36.839] [Server thread/INFO] [APTweaks(Core)/]: [APTweaks:Core] Game difficult factors EASY: 0.9, NORMAL: 1.0, PEACEFUL: 1.0 and HARD: 2.0
[199月2026 20:17:36.840] [Server thread/INFO] [APTweaks(Core)/]: [APTweaks:Core] ⏲ Phase 1/3 - Server took about 243.757 sec to load ...
[199月2026 20:17:36.887] [Server thread/INFO] [APTweaks(Items)/]: Max number of Items allowed per world: 128 / per type: 64
[199月2026 20:17:36.888] [Server thread/INFO] [APTweaks(Items)/]: Enable clustering of items with a radius of 4 blocks.
[199月2026 20:17:36.888] [Server thread/INFO] [APTweaks(Items)/]: Optimize all items except from deny list: [item.minecraft.diamond, item.minecraft.diamond_block]
[199月2026 20:17:36.892] [Server thread/INFO] [APTweaks(Items)/]: Enable clustering of Experience Orbs with a radius of 4 blocks.
[199月2026 20:17:36.892] [Server thread/INFO] [APTweaks(Player)/]: Child player hurt damage will be reduced by 50% for []
[199月2026 20:17:36.892] [Server thread/INFO] [APTweaks(Player)/]: Child player attack damage will be increased by 50% for []
[199月2026 20:17:36.970] [Server thread/INFO] [net.minecraft.server.dedicated.DedicatedServer/]: Preparing level "world"
[199月2026 20:17:37.943] [Server thread/INFO] [net.dries007.tfc.ForgeEventHandler/]: Updating TFC Relevant Game Rules for level minecraft:overworld.
[199月2026 20:17:37.968] [Server thread/INFO] [net.dries007.tfc.common.capabilities.size.ItemSizeManager/]: Editing item stack sizes: found 28800 editable of 31409 total.
[199月2026 20:17:38.067] [Server thread/INFO] [voicechat/]: [voicechat] Successfully migrated config voicechat-server.toml
[199月2026 20:17:39.148] [Server thread/WARN] [mixin/]: Method overwrite conflict for removeIf in lithium.mixins.json:world.chunk_tickets.SortedArraySetMixin, previously written by org.embeddedt.modernfix.common.mixin.bugfix.paper_chunk_patches.SortedArraySetMixin. Skipping method.
[199月2026 20:17:43.334] [Server thread/INFO] [net.dries007.tfc.ForgeEventHandler/]: Updating TFC Relevant Game Rules for level ad_astra:glacio.
[199月2026 20:17:43.353] [Server thread/WARN] [com.alekiponi.firmaciv.Firmaciv/]: Did not successfully find temperature or rainfall scale, using defaults for nav tool coordinates.
[199月2026 20:17:43.354] [Server thread/INFO] [net.dries007.tfc.ForgeEventHandler/]: Updating TFC Relevant Game Rules for level ad_astra:mercury.
[199月2026 20:17:43.361] [Server thread/WARN] [com.alekiponi.firmaciv.Firmaciv/]: Did not successfully find temperature or rainfall scale, using defaults for nav tool coordinates.
[199月2026 20:17:43.362] [Server thread/INFO] [net.dries007.tfc.ForgeEventHandler/]: Updating TFC Relevant Game Rules for level ad_astra:venus_orbit.
[199月2026 20:17:43.378] [Server thread/WARN] [com.alekiponi.firmaciv.Firmaciv/]: Did not successfully find temperature or rainfall scale, using defaults for nav tool coordinates.
[199月2026 20:17:43.378] [Server thread/INFO] [net.dries007.tfc.ForgeEventHandler/]: Updating TFC Relevant Game Rules for level ad_astra:earth_orbit.
[199月2026 20:17:43.424] [Server thread/INFO] [net.dries007.tfc.ForgeEventHandler/]: Updating TFC Relevant Game Rules for level minecraft:the_end.
[199月2026 20:17:43.451] [Server thread/INFO] [net.dries007.tfc.ForgeEventHandler/]: Updating TFC Relevant Game Rules for level ad_astra:mars.
[199月2026 20:17:43.452] [Server thread/INFO] [KubeJS Startup/]: tfg/worldgen/register_climates.js#53: Initializing MARS_CLIMATE_CONTROLLER...
[199月2026 20:17:43.462] [Server thread/WARN] [com.alekiponi.firmaciv.Firmaciv/]: Did not successfully find temperature or rainfall scale, using defaults for nav tool coordinates.
[199月2026 20:17:43.462] [Server thread/INFO] [net.dries007.tfc.ForgeEventHandler/]: Updating TFC Relevant Game Rules for level ad_astra:mercury_orbit.
[199月2026 20:17:43.472] [Server thread/WARN] [com.alekiponi.firmaciv.Firmaciv/]: Did not successfully find temperature or rainfall scale, using defaults for nav tool coordinates.
[199月2026 20:17:43.472] [Server thread/INFO] [net.dries007.tfc.ForgeEventHandler/]: Updating TFC Relevant Game Rules for level ad_astra:mars_orbit.
[199月2026 20:17:43.490] [Server thread/INFO] [net.dries007.tfc.ForgeEventHandler/]: Updating TFC Relevant Game Rules for level ad_astra:moon.
[199月2026 20:17:43.502] [Server thread/INFO] [net.dries007.tfc.ForgeEventHandler/]: Updating TFC Relevant Game Rules for level minecraft:the_nether.
[199月2026 20:17:43.512] [Server thread/WARN] [com.alekiponi.firmaciv.Firmaciv/]: Did not successfully find temperature or rainfall scale, using defaults for nav tool coordinates.
[199月2026 20:17:43.512] [Server thread/INFO] [net.dries007.tfc.ForgeEventHandler/]: Updating TFC Relevant Game Rules for level ad_astra:moon_orbit.
[199月2026 20:17:43.521] [Server thread/WARN] [com.alekiponi.firmaciv.Firmaciv/]: Did not successfully find temperature or rainfall scale, using defaults for nav tool coordinates.
[199月2026 20:17:43.521] [Server thread/INFO] [net.dries007.tfc.ForgeEventHandler/]: Updating TFC Relevant Game Rules for level ad_astra:glacio_orbit.
[199月2026 20:17:43.552] [Server thread/INFO] [net.dries007.tfc.ForgeEventHandler/]: Updating TFC Relevant Game Rules for level ad_astra:venus.
[199月2026 20:17:43.572] [Server thread/INFO] [net.dries007.tfc.ForgeEventHandler/]: Updating TFC Relevant Game Rules for level ae2:spatial_storage.
[199月2026 20:17:43.586] [Server thread/INFO] [net.minecraft.server.MinecraftServer/]: Preparing start region for dimension minecraft:overworld
[199月2026 20:17:43.587] [Server thread/INFO] [KubeJS Server/]: Server resource reload complete!
[199月2026 20:17:43.591] [Server thread/INFO] [net.minecraft.server.level.progress.LoggerChunkProgressListener/]: Time elapsed: 5 ms
[199月2026 20:17:43.592] [Server thread/INFO] [net.minecraft.server.dedicated.DedicatedServer/]: Done (7.630s)! For help, type "help"
[199月2026 20:17:43.814] [Server thread/INFO] [net.minecraftforge.server.permission.PermissionAPI/]: Successfully initialized permission handler forge:default_handler
[199月2026 20:17:43.832] [Server thread/INFO] [io.github.lolens.showcaser.Showcaser/]: Loaded common config and storage
[199月2026 20:17:43.847] [Server thread/INFO] [APTweaks(Gamerules)/]: Gamerules will be optimized with an 30 sec delay between updates.
[199月2026 20:17:43.847] [Server thread/INFO] [APTweaks(Gamerules)/]: Random Tick Speed will be optimized between 1 and 3
[199月2026 20:17:43.847] [Server thread/INFO] [APTweaks(Gamerules)/]: Block explosions will be automatically disabled during very high server load!
[199月2026 20:17:43.847] [Server thread/INFO] [APTweaks(Gamerules)/]: Elytra movement check will be automatically disabled during very high server load!
[199月2026 20:17:43.847] [Server thread/INFO] [APTweaks(Gamerules)/]: Mob explosions will be automatically disabled during very high server load!
[199月2026 20:17:43.848] [Server thread/INFO] [APTweaks(Gamerules)/]: TNT explosions will be automatically disabled during very high server load!
[199月2026 20:17:43.848] [Server thread/INFO] [APTweaks(Gamerules)/]: Vines spread will be automatically disabled during very high server load!
[199月2026 20:17:43.848] [Server thread/INFO] [APTweaks(Core)/]: [APTweaks:Core] Max number of remote players is set to 64
[199月2026 20:17:43.848] [Server thread/INFO] [APTweaks(Core)/]: [APTweaks:Core] ⏲ Phase 2/3 - Server took about 250.765 sec to starting (∆: 7.008 secs)...
[199月2026 20:17:43.850] [Server thread/INFO] [net.steampn.createhorsepower.CreateHorsePower/]: Base RPM for all creatures is 16
[199月2026 20:17:43.850] [Server thread/INFO] [net.steampn.createhorsepower.CreateHorsePower/]: Stress for Small is 16
[199月2026 20:17:43.850] [Server thread/INFO] [net.steampn.createhorsepower.CreateHorsePower/]: Stress for Medium is 24
[199月2026 20:17:43.851] [Server thread/INFO] [net.steampn.createhorsepower.CreateHorsePower/]: Stress for Large is 32
[199月2026 20:17:43.851] [Server thread/INFO] [net.steampn.createhorsepower.CreateHorsePower/]: Selected Small mob: tfc:wolf
[199月2026 20:17:43.852] [Server thread/INFO] [net.steampn.createhorsepower.CreateHorsePower/]: Selected Small mob: tfc:dog
[199月2026 20:17:43.852] [Server thread/INFO] [net.steampn.createhorsepower.CreateHorsePower/]: Selected Small mob: tfc:pig
[199月2026 20:17:43.852] [Server thread/INFO] [net.steampn.createhorsepower.CreateHorsePower/]: Selected Small mob: tfc:sheep
[199月2026 20:17:43.852] [Server thread/INFO] [net.steampn.createhorsepower.CreateHorsePower/]: Selected Small mob: tfc:goat
[199月2026 20:17:43.852] [Server thread/INFO] [net.steampn.createhorsepower.CreateHorsePower/]: Selected Small mob: tfc:alpaca
[199月2026 20:17:43.853] [Server thread/INFO] [net.steampn.createhorsepower.CreateHorsePower/]: Selected Small mob: tfg:glacian_ram
[199月2026 20:17:43.853] [Server thread/INFO] [net.steampn.createhorsepower.CreateHorsePower/]: Selected Small mob: tfg:wraptor
[199月2026 20:17:43.853] [Server thread/INFO] [net.steampn.createhorsepower.CreateHorsePower/]: Selected Small mob: tfg:surfer
[199月2026 20:17:43.853] [Server thread/INFO] [net.steampn.createhorsepower.CreateHorsePower/]: Selected Small mob: tfg:slime
[199月2026 20:17:43.855] [Server thread/INFO] [net.steampn.createhorsepower.CreateHorsePower/]: Selected Medium mob: tfc:cow
[199月2026 20:17:43.855] [Server thread/INFO] [net.steampn.createhorsepower.CreateHorsePower/]: Selected Medium mob: tfc:donkey
[199月2026 20:17:43.855] [Server thread/INFO] [net.steampn.createhorsepower.CreateHorsePower/]: Selected Medium mob: tfc:dolphin
[199月2026 20:17:43.855] [Server thread/INFO] [net.steampn.createhorsepower.CreateHorsePower/]: Selected Medium mob: wan_ancient_beasts:glider
[199月2026 20:17:43.856] [Server thread/INFO] [net.steampn.createhorsepower.CreateHorsePower/]: Selected Medium mob: wan_ancient_beasts:soarer
[199月2026 20:17:43.856] [Server thread/INFO] [net.steampn.createhorsepower.CreateHorsePower/]: Selected Large mob: tfc:horse
[199月2026 20:17:43.856] [Server thread/INFO] [net.steampn.createhorsepower.CreateHorsePower/]: Selected Large mob: tfc:mule
[199月2026 20:17:43.856] [Server thread/INFO] [net.steampn.createhorsepower.CreateHorsePower/]: Selected Large mob: tfc:musk_ox
[199月2026 20:17:43.857] [Server thread/INFO] [net.steampn.createhorsepower.CreateHorsePower/]: Selected Large mob: tfc:yak
[199月2026 20:17:43.857] [Server thread/INFO] [net.steampn.createhorsepower.CreateHorsePower/]: Selected Large mob: tfg:sniffer
[199月2026 20:17:43.857] [Server thread/INFO] [net.steampn.createhorsepower.CreateHorsePower/]: Selected Large mob: wan_ancient_beasts:walker
[199月2026 20:17:43.857] [Server thread/INFO] [net.steampn.createhorsepower.CreateHorsePower/]: Selected Large mob: species:cruncher
[199月2026 20:17:43.857] [Server thread/INFO] [net.steampn.createhorsepower.CreateHorsePower/]: Selected Large mob: wan_ancient_beasts:charger
[199月2026 20:17:43.857] [Server thread/INFO] [net.steampn.createhorsepower.CreateHorsePower/]: Selected Large mob: species:mammutilation
[199月2026 20:17:43.857] [Server thread/INFO] [net.steampn.createhorsepower.CreateHorsePower/]: Selected Large mob: minecraft:zombie_horse
[199月2026 20:17:43.858] [Server thread/INFO] [net.steampn.createhorsepower.CreateHorsePower/]: Selected Poor Path Block: tfc:rooted_dirt/sandy_loam
[199月2026 20:17:43.858] [Server thread/INFO] [net.steampn.createhorsepower.CreateHorsePower/]: Selected Poor Path Block: tfc:clay/sandy_loam
[199月2026 20:17:43.858] [Server thread/INFO] [net.steampn.createhorsepower.CreateHorsePower/]: Selected Poor Path Block: tfc:dirt/sandy_loam
[199月2026 20:17:43.858] [Server thread/INFO] [net.steampn.createhorsepower.CreateHorsePower/]: Selected Poor Path Block: tfg:duff/sandy_loam
[199月2026 20:17:43.859] [Server thread/INFO] [net.steampn.createhorsepower.CreateHorsePower/]: Selected Poor Path Block: tfg:coarse_dirt/sandy_loam
[199月2026 20:17:43.859] [Server thread/INFO] [net.steampn.createhorsepower.CreateHorsePower/]: Selected Poor Path Block: tfc:rooted_dirt/loam
[199月2026 20:17:43.859] [Server thread/INFO] [net.steampn.createhorsepower.CreateHorsePower/]: Selected Poor Path Block: tfc:clay/loam
[199月2026 20:17:43.859] [Server thread/INFO] [net.steampn.createhorsepower.CreateHorsePower/]: Selected Poor Path Block: tfc:clay/silt
[199月2026 20:17:43.859] [Server thread/INFO] [net.steampn.createhorsepower.CreateHorsePower/]: Selected Poor Path Block: tfc:dirt/loam
[199月2026 20:17:43.859] [Server thread/INFO] [net.steampn.createhorsepower.CreateHorsePower/]: Selected Poor Path Block: tfg:duff/loam
[199月2026 20:17:43.859] [Server thread/INFO] [net.steampn.createhorsepower.CreateHorsePower/]: Selected Poor Path Block: tfg:coarse_dirt/loam
[199月2026 20:17:43.859] [Server thread/INFO] [net.steampn.createhorsepower.CreateHorsePower/]: Selected Poor Path Block: tfc:rooted_dirt/silt
[199月2026 20:17:43.859] [Server thread/INFO] [net.steampn.createhorsepower.CreateHorsePower/]: Selected Poor Path Block: tfc:dirt/silt
[199月2026 20:17:43.860] [Server thread/INFO] [net.steampn.createhorsepower.CreateHorsePower/]: Selected Poor Path Block: tfg:duff/silt
[199月2026 20:17:43.860] [Server thread/INFO] [net.steampn.createhorsepower.CreateHorsePower/]: Selected Poor Path Block: tfg:coarse_dirt/silt
[199月2026 20:17:43.860] [Server thread/INFO] [net.steampn.createhorsepower.CreateHorsePower/]: Selected Poor Path Block: tfc:dirt/silty_loam
[199月2026 20:17:43.860] [Server thread/INFO] [net.steampn.createhorsepower.CreateHorsePower/]: Selected Poor Path Block: tfc:clay/silty_loam
[199月2026 20:17:43.860] [Server thread/INFO] [net.steampn.createhorsepower.CreateHorsePower/]: Selected Poor Path Block: tfc:rooted_dirt/silty_loam
[199月2026 20:17:43.860] [Server thread/INFO] [net.steampn.createhorsepower.CreateHorsePower/]: Selected Poor Path Block: tfg:duff/silty_loam
[199月2026 20:17:43.860] [Server thread/INFO] [net.steampn.createhorsepower.CreateHorsePower/]: Selected Poor Path Block: tfg:coarse_dirt/silty_loam
[199月2026 20:17:43.860] [Server thread/INFO] [net.steampn.createhorsepower.CreateHorsePower/]: Selected Poor Path Block: tfc:peat_grass
[199月2026 20:17:43.860] [Server thread/INFO] [net.steampn.createhorsepower.CreateHorsePower/]: Selected Poor Path Block: tfg:rooted_dirt/alfisol
[199月2026 20:17:43.860] [Server thread/INFO] [net.steampn.createhorsepower.CreateHorsePower/]: Selected Poor Path Block: tfg:clay/alfisol
[199月2026 20:17:43.860] [Server thread/INFO] [net.steampn.createhorsepower.CreateHorsePower/]: Selected Poor Path Block: tfg:dirt/alfisol
[199月2026 20:17:43.860] [Server thread/INFO] [net.steampn.createhorsepower.CreateHorsePower/]: Selected Poor Path Block: tfg:duff/alfisol
[199月2026 20:17:43.861] [Server thread/INFO] [net.steampn.createhorsepower.CreateHorsePower/]: Selected Poor Path Block: tfg:coarse_dirt/alfisol
[199月2026 20:17:43.861] [Server thread/INFO] [net.steampn.createhorsepower.CreateHorsePower/]: Selected Poor Path Block: tfg:rooted_dirt/mollisol
[199月2026 20:17:43.861] [Server thread/INFO] [net.steampn.createhorsepower.CreateHorsePower/]: Selected Poor Path Block: tfg:clay/mollisol
[199月2026 20:17:43.861] [Server thread/INFO] [net.steampn.createhorsepower.CreateHorsePower/]: Selected Poor Path Block: tfg:dirt/mollisol
[199月2026 20:17:43.861] [Server thread/INFO] [net.steampn.createhorsepower.CreateHorsePower/]: Selected Poor Path Block: tfg:duff/mollisol
[199月2026 20:17:43.861] [Server thread/INFO] [net.steampn.createhorsepower.CreateHorsePower/]: Selected Poor Path Block: tfg:coarse_dirt/mollisol
[199月2026 20:17:43.862] [Server thread/INFO] [net.steampn.createhorsepower.CreateHorsePower/]: Selected Poor Path Block: tfg:rooted_dirt/oxisol
[199月2026 20:17:43.862] [Server thread/INFO] [net.steampn.createhorsepower.CreateHorsePower/]: Selected Poor Path Block: tfg:clay/oxisol
[199月2026 20:17:43.862] [Server thread/INFO] [net.steampn.createhorsepower.CreateHorsePower/]: Selected Poor Path Block: tfg:dirt/oxisol
[199月2026 20:17:43.863] [Server thread/INFO] [net.steampn.createhorsepower.CreateHorsePower/]: Selected Poor Path Block: tfg:duff/oxisol
[199月2026 20:17:43.863] [Server thread/INFO] [net.steampn.createhorsepower.CreateHorsePower/]: Selected Poor Path Block: tfg:coarse_dirt/oxisol
[199月2026 20:17:43.864] [Server thread/INFO] [net.steampn.createhorsepower.CreateHorsePower/]: Selected Poor Path Block: tfg:rooted_dirt/podzol
[199月2026 20:17:43.864] [Server thread/INFO] [net.steampn.createhorsepower.CreateHorsePower/]: Selected Poor Path Block: tfg:clay/podzol
[199月2026 20:17:43.864] [Server thread/INFO] [net.steampn.createhorsepower.CreateHorsePower/]: Selected Poor Path Block: tfg:dirt/podzol
[199月2026 20:17:43.864] [Server thread/INFO] [net.steampn.createhorsepower.CreateHorsePower/]: Selected Poor Path Block: tfg:duff/podzol
[199月2026 20:17:43.864] [Server thread/INFO] [net.steampn.createhorsepower.CreateHorsePower/]: Selected Poor Path Block: tfg:coarse_dirt/podzol
[199月2026 20:17:43.865] [Server thread/INFO] [net.steampn.createhorsepower.CreateHorsePower/]: Selected Poor Path Block: tfc:clay_grass/silty_loam
[199月2026 20:17:43.865] [Server thread/INFO] [net.steampn.createhorsepower.CreateHorsePower/]: Selected Poor Path Block: tfc:grass/silty_loam
[199月2026 20:17:43.865] [Server thread/INFO] [net.steampn.createhorsepower.CreateHorsePower/]: Selected Poor Path Block: tfc:clay_grass/sandy_loam
[199月2026 20:17:43.865] [Server thread/INFO] [net.steampn.createhorsepower.CreateHorsePower/]: Selected Poor Path Block: tfc:grass/sandy_loam
[199月2026 20:17:43.865] [Server thread/INFO] [net.steampn.createhorsepower.CreateHorsePower/]: Selected Poor Path Block: tfc:clay_grass/loam
[199月2026 20:17:43.865] [Server thread/INFO] [net.steampn.createhorsepower.CreateHorsePower/]: Selected Poor Path Block: tfc:grass/loam
[199月2026 20:17:43.865] [Server thread/INFO] [net.steampn.createhorsepower.CreateHorsePower/]: Selected Poor Path Block: tfc:clay_grass/silt
[199月2026 20:17:43.866] [Server thread/INFO] [net.steampn.createhorsepower.CreateHorsePower/]: Selected Poor Path Block: tfc:grass/silt
[199月2026 20:17:43.866] [Server thread/INFO] [net.steampn.createhorsepower.CreateHorsePower/]: Selected Poor Path Block: tfg:clay_grass/alfisol
[199月2026 20:17:43.866] [Server thread/INFO] [net.steampn.createhorsepower.CreateHorsePower/]: Selected Poor Path Block: tfg:grass/alfisol
[199月2026 20:17:43.866] [Server thread/INFO] [net.steampn.createhorsepower.CreateHorsePower/]: Selected Poor Path Block: tfg:clay_grass/mollisol
[199月2026 20:17:43.866] [Server thread/INFO] [net.steampn.createhorsepower.CreateHorsePower/]: Selected Poor Path Block: tfg:grass/mollisol
[199月2026 20:17:43.866] [Server thread/INFO] [net.steampn.createhorsepower.CreateHorsePower/]: Selected Poor Path Block: tfg:clay_grass/oxisol
[199月2026 20:17:43.866] [Server thread/INFO] [net.steampn.createhorsepower.CreateHorsePower/]: Selected Poor Path Block: tfg:grass/oxisol
[199月2026 20:17:43.867] [Server thread/INFO] [net.steampn.createhorsepower.CreateHorsePower/]: Selected Poor Path Block: tfg:clay_grass/podzol
[199月2026 20:17:43.867] [Server thread/INFO] [net.steampn.createhorsepower.CreateHorsePower/]: Selected Poor Path Block: tfg:grass/podzol
[199月2026 20:17:43.867] [Server thread/INFO] [net.steampn.createhorsepower.CreateHorsePower/]: Selected Poor Path Block: tfg:grass/mars_dirt
[199月2026 20:17:43.867] [Server thread/INFO] [net.steampn.createhorsepower.CreateHorsePower/]: Selected Poor Path Block: tfg:grass/sangnum_mycelium
[199月2026 20:17:43.867] [Server thread/INFO] [net.steampn.createhorsepower.CreateHorsePower/]: Selected Poor Path Block: tfg:grass/amber_mycelium
[199月2026 20:17:43.867] [Server thread/INFO] [net.steampn.createhorsepower.CreateHorsePower/]: Selected Poor Path Block: tfg:grass/rusticus_mycelium
[199月2026 20:17:43.867] [Server thread/INFO] [net.steampn.createhorsepower.CreateHorsePower/]: Selected Poor Path Block: tfg:grass/sangnum_clay_mycelium
[199月2026 20:17:43.867] [Server thread/INFO] [net.steampn.createhorsepower.CreateHorsePower/]: Selected Poor Path Block: tfg:grass/amber_clay_mycelium
[199月2026 20:17:43.867] [Server thread/INFO] [net.steampn.createhorsepower.CreateHorsePower/]: Selected Poor Path Block: tfg:grass/rusticus_clay_mycelium
[199月2026 20:17:43.867] [Server thread/INFO] [net.steampn.createhorsepower.CreateHorsePower/]: Selected Poor Path Block: tfg:grass/sangnum_kaolin_mycelium
[199月2026 20:17:43.867] [Server thread/INFO] [net.steampn.createhorsepower.CreateHorsePower/]: Selected Poor Path Block: tfg:grass/amber_kaolin_mycelium
[199月2026 20:17:43.867] [Server thread/INFO] [net.steampn.createhorsepower.CreateHorsePower/]: Selected Poor Path Block: tfg:grass/rusticus_kaolin_mycelium
[199月2026 20:17:43.868] [Server thread/INFO] [net.steampn.createhorsepower.CreateHorsePower/]: Selected Normal Path Block: tfc:rock/gravel/granite
[199月2026 20:17:43.868] [Server thread/INFO] [net.steampn.createhorsepower.CreateHorsePower/]: Selected Normal Path Block: tfc:rock/gravel/diorite
[199月2026 20:17:43.868] [Server thread/INFO] [net.steampn.createhorsepower.CreateHorsePower/]: Selected Normal Path Block: tfc:rock/gravel/gabbro
[199月2026 20:17:43.868] [Server thread/INFO] [net.steampn.createhorsepower.CreateHorsePower/]: Selected Normal Path Block: tfc:rock/gravel/shale
[199月2026 20:17:43.868] [Server thread/INFO] [net.steampn.createhorsepower.CreateHorsePower/]: Selected Normal Path Block: tfc:rock/gravel/claystone
[199月2026 20:17:43.868] [Server thread/INFO] [net.steampn.createhorsepower.CreateHorsePower/]: Selected Normal Path Block: tfc:rock/gravel/limestone
[199月2026 20:17:43.868] [Server thread/INFO] [net.steampn.createhorsepower.CreateHorsePower/]: Selected Normal Path Block: tfc:rock/gravel/conglomerate
[199月2026 20:17:43.869] [Server thread/INFO] [net.steampn.createhorsepower.CreateHorsePower/]: Selected Normal Path Block: tfc:rock/gravel/dolomite
[199月2026 20:17:43.869] [Server thread/INFO] [net.steampn.createhorsepower.CreateHorsePower/]: Selected Normal Path Block: tfc:rock/gravel/chert
[199月2026 20:17:43.869] [Server thread/INFO] [net.steampn.createhorsepower.CreateHorsePower/]: Selected Normal Path Block: tfc:rock/gravel/schist
[199月2026 20:17:43.869] [Server thread/INFO] [net.steampn.createhorsepower.CreateHorsePower/]: Selected Normal Path Block: tfc:rock/gravel/phyllite
[199月2026 20:17:43.869] [Server thread/INFO] [net.steampn.createhorsepower.CreateHorsePower/]: Selected Normal Path Block: tfc:rock/gravel/slate
[199月2026 20:17:43.869] [Server thread/INFO] [net.steampn.createhorsepower.CreateHorsePower/]: Selected Normal Path Block: tfc:rock/gravel/quartzite
[199月2026 20:17:43.869] [Server thread/INFO] [net.steampn.createhorsepower.CreateHorsePower/]: Selected Normal Path Block: tfc:rock/gravel/dacite
[199月2026 20:17:43.869] [Server thread/INFO] [net.steampn.createhorsepower.CreateHorsePower/]: Selected Normal Path Block: tfc:rock/gravel/andesite
[199月2026 20:17:43.869] [Server thread/INFO] [net.steampn.createhorsepower.CreateHorsePower/]: Selected Normal Path Block: tfc:rock/gravel/basalt
[199月2026 20:17:43.869] [Server thread/INFO] [net.steampn.createhorsepower.CreateHorsePower/]: Selected Normal Path Block: tfc:rock/gravel/rhyolite
[199月2026 20:17:43.870] [Server thread/INFO] [net.steampn.createhorsepower.CreateHorsePower/]: Selected Normal Path Block: tfc:rock/gravel/chalk
[199月2026 20:17:43.870] [Server thread/INFO] [net.steampn.createhorsepower.CreateHorsePower/]: Selected Normal Path Block: tfc:rock/gravel/marble
[199月2026 20:17:43.870] [Server thread/INFO] [net.steampn.createhorsepower.CreateHorsePower/]: Selected Normal Path Block: tfg:rock/gravel_dripstone
[199月2026 20:17:43.870] [Server thread/INFO] [net.steampn.createhorsepower.CreateHorsePower/]: Selected Normal Path Block: tfg:rock/gravel_deepslate
[199月2026 20:17:43.870] [Server thread/INFO] [net.steampn.createhorsepower.CreateHorsePower/]: Selected Normal Path Block: tfg:rock/gravel_moon
[199月2026 20:17:43.870] [Server thread/INFO] [net.steampn.createhorsepower.CreateHorsePower/]: Selected Normal Path Block: tfg:rock/gravel_moon_deepslate
[199月2026 20:17:43.870] [Server thread/INFO] [net.steampn.createhorsepower.CreateHorsePower/]: Selected Normal Path Block: tfg:rock/gravel_glacio
[199月2026 20:17:43.870] [Server thread/INFO] [net.steampn.createhorsepower.CreateHorsePower/]: Selected Normal Path Block: tfg:rock/gravel_mars
[199月2026 20:17:43.870] [Server thread/INFO] [net.steampn.createhorsepower.CreateHorsePower/]: Selected Normal Path Block: tfg:rock/gravel_venus
[199月2026 20:17:43.870] [Server thread/INFO] [net.steampn.createhorsepower.CreateHorsePower/]: Selected Normal Path Block: tfg:rock/gravel_mercury
[199月2026 20:17:43.871] [Server thread/INFO] [net.steampn.createhorsepower.CreateHorsePower/]: Selected Normal Path Block: tfg:rock/gravel_crackrack
[199月2026 20:17:43.871] [Server thread/INFO] [net.steampn.createhorsepower.CreateHorsePower/]: Selected Normal Path Block: tfc:grass_path/silt
[199月2026 20:17:43.871] [Server thread/INFO] [net.steampn.createhorsepower.CreateHorsePower/]: Selected Normal Path Block: tfc:grass_path/loam
[199月2026 20:17:43.871] [Server thread/INFO] [net.steampn.createhorsepower.CreateHorsePower/]: Selected Normal Path Block: tfc:grass_path/sandy_loam
[199月2026 20:17:43.871] [Server thread/INFO] [net.steampn.createhorsepower.CreateHorsePower/]: Selected Normal Path Block: tfc:grass_path/silty_loam
[199月2026 20:17:43.871] [Server thread/INFO] [net.steampn.createhorsepower.CreateHorsePower/]: Selected Normal Path Block: tfg:grass_path/alfisol
[199月2026 20:17:43.871] [Server thread/INFO] [net.steampn.createhorsepower.CreateHorsePower/]: Selected Normal Path Block: tfg:grass_path/mollisol
[199月2026 20:17:43.871] [Server thread/INFO] [net.steampn.createhorsepower.CreateHorsePower/]: Selected Normal Path Block: tfg:grass_path/oxisol
[199月2026 20:17:43.871] [Server thread/INFO] [net.steampn.createhorsepower.CreateHorsePower/]: Selected Normal Path Block: tfg:grass_path/podzol
[199月2026 20:17:43.871] [Server thread/INFO] [net.steampn.createhorsepower.CreateHorsePower/]: Selected Normal Path Block: tfg:grass/mars_path
[199月2026 20:17:43.871] [Server thread/INFO] [net.steampn.createhorsepower.CreateHorsePower/]: Selected Normal Path Block: rnr:hoggin
[199月2026 20:17:43.873] [Server thread/INFO] [net.steampn.createhorsepower.CreateHorsePower/]: Selected Great Path Block: rnr:rock/gravel_road/chert
[199月2026 20:17:43.873] [Server thread/INFO] [net.steampn.createhorsepower.CreateHorsePower/]: Selected Great Path Block: rnr:rock/gravel_road/chalk
[199月2026 20:17:43.873] [Server thread/INFO] [net.steampn.createhorsepower.CreateHorsePower/]: Selected Great Path Block: rnr:rock/gravel_road/rhyolite
[199月2026 20:17:43.873] [Server thread/INFO] [net.steampn.createhorsepower.CreateHorsePower/]: Selected Great Path Block: rnr:rock/gravel_road/basalt
[199月2026 20:17:43.874] [Server thread/INFO] [net.steampn.createhorsepower.CreateHorsePower/]: Selected Great Path Block: rnr:rock/gravel_road/andesite
[199月2026 20:17:43.874] [Server thread/INFO] [net.steampn.createhorsepower.CreateHorsePower/]: Selected Great Path Block: rnr:rock/gravel_road/claystone
[199月2026 20:17:43.874] [Server thread/INFO] [net.steampn.createhorsepower.CreateHorsePower/]: Selected Great Path Block: rnr:rock/gravel_road/limestone
[199月2026 20:17:43.874] [Server thread/INFO] [net.steampn.createhorsepower.CreateHorsePower/]: Selected Great Path Block: rnr:rock/gravel_road/conglomerate
[199月2026 20:17:43.874] [Server thread/INFO] [net.steampn.createhorsepower.CreateHorsePower/]: Selected Great Path Block: rnr:rock/gravel_road/dolomite
[199月2026 20:17:43.874] [Server thread/INFO] [net.steampn.createhorsepower.CreateHorsePower/]: Selected Great Path Block: rnr:rock/sett_road/granite
[199月2026 20:17:43.874] [Server thread/INFO] [net.steampn.createhorsepower.CreateHorsePower/]: Selected Great Path Block: rnr:rock/sett_road/diorite
[199月2026 20:17:43.874] [Server thread/INFO] [net.steampn.createhorsepower.CreateHorsePower/]: Selected Great Path Block: rnr:rock/sett_road/chalk
[199月2026 20:17:43.874] [Server thread/INFO] [net.steampn.createhorsepower.CreateHorsePower/]: Selected Great Path Block: rnr:rock/sett_road/rhyolite
[199月2026 20:17:43.874] [Server thread/INFO] [net.steampn.createhorsepower.CreateHorsePower/]: Selected Great Path Block: rnr:rock/sett_road/basalt
[199月2026 20:17:43.874] [Server thread/INFO] [net.steampn.createhorsepower.CreateHorsePower/]: Selected Great Path Block: rnr:rock/sett_road/quartzite
[199月2026 20:17:43.874] [Server thread/INFO] [net.steampn.createhorsepower.CreateHorsePower/]: Selected Great Path Block: rnr:rock/sett_road/dacite
[199月2026 20:17:43.874] [Server thread/INFO] [net.steampn.createhorsepower.CreateHorsePower/]: Selected Great Path Block: rnr:rock/sett_road/andesite
[199月2026 20:17:43.874] [Server thread/INFO] [net.steampn.createhorsepower.CreateHorsePower/]: Selected Great Path Block: rnr:rock/cobbled_road/chert
[199月2026 20:17:43.874] [Server thread/INFO] [net.steampn.createhorsepower.CreateHorsePower/]: Selected Great Path Block: rnr:rock/cobbled_road/dolomite
[199月2026 20:17:43.875] [Server thread/INFO] [net.steampn.createhorsepower.CreateHorsePower/]: Selected Great Path Block: rnr:rock/gravel_road/granite
[199月2026 20:17:43.875] [Server thread/INFO] [net.steampn.createhorsepower.CreateHorsePower/]: Selected Great Path Block: rnr:rock/gravel_road/marble
[199月2026 20:17:43.875] [Server thread/INFO] [net.steampn.createhorsepower.CreateHorsePower/]: Selected Great Path Block: rnr:rock/gravel_road/schist
[199月2026 20:17:43.875] [Server thread/INFO] [net.steampn.createhorsepower.CreateHorsePower/]: Selected Great Path Block: rnr:rock/gravel_road/phyllite
[199月2026 20:17:43.875] [Server thread/INFO] [net.steampn.createhorsepower.CreateHorsePower/]: Selected Great Path Block: rnr:rock/gravel_road/slate
[199月2026 20:17:43.875] [Server thread/INFO] [net.steampn.createhorsepower.CreateHorsePower/]: Selected Great Path Block: rnr:rock/gravel_road/quartzite
[199月2026 20:17:43.876] [Server thread/INFO] [net.steampn.createhorsepower.CreateHorsePower/]: Selected Great Path Block: rnr:rock/gravel_road/dacite
[199月2026 20:17:43.876] [Server thread/INFO] [net.steampn.createhorsepower.CreateHorsePower/]: Selected Great Path Block: rnr:rock/macadam_road/rhyolite
[199月2026 20:17:43.876] [Server thread/INFO] [net.steampn.createhorsepower.CreateHorsePower/]: Selected Great Path Block: rnr:rock/macadam_road/chalk
[199月2026 20:17:43.876] [Server thread/INFO] [net.steampn.createhorsepower.CreateHorsePower/]: Selected Great Path Block: rnr:rock/macadam_road/chert
[199月2026 20:17:43.876] [Server thread/INFO] [net.steampn.createhorsepower.CreateHorsePower/]: Selected Great Path Block: rnr:rock/macadam_road/dolomite
[199月2026 20:17:43.876] [Server thread/INFO] [net.steampn.createhorsepower.CreateHorsePower/]: Selected Great Path Block: rnr:rock/macadam_road/conglomerate
[199月2026 20:17:43.876] [Server thread/INFO] [net.steampn.createhorsepower.CreateHorsePower/]: Selected Great Path Block: rnr:rock/macadam_road/limestone
[199月2026 20:17:43.876] [Server thread/INFO] [net.steampn.createhorsepower.CreateHorsePower/]: Selected Great Path Block: rnr:rock/macadam_road/gabbro
[199月2026 20:17:43.876] [Server thread/INFO] [net.steampn.createhorsepower.CreateHorsePower/]: Selected Great Path Block: rnr:rock/macadam_road/claystone
[199月2026 20:17:43.876] [Server thread/INFO] [net.steampn.createhorsepower.CreateHorsePower/]: Selected Great Path Block: rnr:rock/macadam_road/shale
[199月2026 20:17:43.876] [Server thread/INFO] [net.steampn.createhorsepower.CreateHorsePower/]: Selected Great Path Block: rnr:rock/macadam_road/gneiss
[199月2026 20:17:43.876] [Server thread/INFO] [net.steampn.createhorsepower.CreateHorsePower/]: Selected Great Path Block: rnr:rock/macadam_road/marble
[199月2026 20:17:43.877] [Server thread/INFO] [net.steampn.createhorsepower.CreateHorsePower/]: Selected Great Path Block: rnr:rock/macadam_road/schist
[199月2026 20:17:43.877] [Server thread/INFO] [net.steampn.createhorsepower.CreateHorsePower/]: Selected Great Path Block: rnr:rock/macadam_road/phyllite
[199月2026 20:17:43.877] [Server thread/INFO] [net.steampn.createhorsepower.CreateHorsePower/]: Selected Great Path Block: rnr:rock/macadam_road/slate
[199月2026 20:17:43.877] [Server thread/INFO] [net.steampn.createhorsepower.CreateHorsePower/]: Selected Great Path Block: rnr:rock/macadam_road/quartzite
[199月2026 20:17:43.877] [Server thread/INFO] [net.steampn.createhorsepower.CreateHorsePower/]: Selected Great Path Block: rnr:rock/macadam_road/dacite
[199月2026 20:17:43.877] [Server thread/INFO] [net.steampn.createhorsepower.CreateHorsePower/]: Selected Great Path Block: rnr:rock/macadam_road/andesite
[199月2026 20:17:43.877] [Server thread/INFO] [net.steampn.createhorsepower.CreateHorsePower/]: Selected Great Path Block: rnr:rock/macadam_road/basalt
[199月2026 20:17:43.877] [Server thread/INFO] [net.steampn.createhorsepower.CreateHorsePower/]: Selected Great Path Block: rnr:rock/gravel_road/diorite
[199月2026 20:17:43.877] [Server thread/INFO] [net.steampn.createhorsepower.CreateHorsePower/]: Selected Great Path Block: rnr:rock/gravel_road/gabbro
[199月2026 20:17:43.877] [Server thread/INFO] [net.steampn.createhorsepower.CreateHorsePower/]: Selected Great Path Block: rnr:rock/gravel_road/shale
[199月2026 20:17:43.878] [Server thread/INFO] [net.steampn.createhorsepower.CreateHorsePower/]: Selected Great Path Block: rnr:rock/macadam_road/diorite
[199月2026 20:17:43.878] [Server thread/INFO] [net.steampn.createhorsepower.CreateHorsePower/]: Selected Great Path Block: rnr:rock/macadam_road/granite
[199月2026 20:17:43.878] [Server thread/INFO] [net.steampn.createhorsepower.CreateHorsePower/]: Selected Great Path Block: rnr:rock/cobbled_road/conglomerate
[199月2026 20:17:43.878] [Server thread/INFO] [net.steampn.createhorsepower.CreateHorsePower/]: Selected Great Path Block: rnr:rock/cobbled_road/limestone
[199月2026 20:17:43.878] [Server thread/INFO] [net.steampn.createhorsepower.CreateHorsePower/]: Selected Great Path Block: rnr:rock/cobbled_road/claystone
[199月2026 20:17:43.878] [Server thread/INFO] [net.steampn.createhorsepower.CreateHorsePower/]: Selected Great Path Block: rnr:rock/cobbled_road/shale
[199月2026 20:17:43.879] [Server thread/INFO] [net.steampn.createhorsepower.CreateHorsePower/]: Selected Great Path Block: rnr:rock/cobbled_road/gabbro
[199月2026 20:17:43.879] [Server thread/INFO] [net.steampn.createhorsepower.CreateHorsePower/]: Selected Great Path Block: rnr:rock/cobbled_road/diorite
[199月2026 20:17:43.879] [Server thread/INFO] [net.steampn.createhorsepower.CreateHorsePower/]: Selected Great Path Block: rnr:rock/cobbled_road/granite
[199月2026 20:17:43.879] [Server thread/INFO] [net.steampn.createhorsepower.CreateHorsePower/]: Selected Great Path Block: rnr:rock/cobbled_road/phyllite
[199月2026 20:17:43.879] [Server thread/INFO] [net.steampn.createhorsepower.CreateHorsePower/]: Selected Great Path Block: rnr:rock/cobbled_road/schist
[199月2026 20:17:43.879] [Server thread/INFO] [net.steampn.createhorsepower.CreateHorsePower/]: Selected Great Path Block: rnr:rock/cobbled_road/slate
[199月2026 20:17:43.879] [Server thread/INFO] [net.steampn.createhorsepower.CreateHorsePower/]: Selected Great Path Block: rnr:rock/cobbled_road/quartzite
[199月2026 20:17:43.879] [Server thread/INFO] [net.steampn.createhorsepower.CreateHorsePower/]: Selected Great Path Block: rnr:rock/cobbled_road/dacite
[199月2026 20:17:43.880] [Server thread/INFO] [net.steampn.createhorsepower.CreateHorsePower/]: Selected Great Path Block: rnr:rock/cobbled_road/andesite
[199月2026 20:17:43.880] [Server thread/INFO] [net.steampn.createhorsepower.CreateHorsePower/]: Selected Great Path Block: rnr:rock/cobbled_road/rhyolite
[199月2026 20:17:43.880] [Server thread/INFO] [net.steampn.createhorsepower.CreateHorsePower/]: Selected Great Path Block: rnr:rock/cobbled_road/basalt
[199月2026 20:17:43.880] [Server thread/INFO] [net.steampn.createhorsepower.CreateHorsePower/]: Selected Great Path Block: rnr:rock/cobbled_road/chalk
[199月2026 20:17:43.880] [Server thread/INFO] [net.steampn.createhorsepower.CreateHorsePower/]: Selected Great Path Block: rnr:rock/cobbled_road/gneiss
[199月2026 20:17:43.880] [Server thread/INFO] [net.steampn.createhorsepower.CreateHorsePower/]: Selected Great Path Block: rnr:rock/cobbled_road/marble
[199月2026 20:17:43.880] [Server thread/INFO] [net.steampn.createhorsepower.CreateHorsePower/]: Selected Great Path Block: rnr:rock/sett_road/chert
[199月2026 20:17:43.880] [Server thread/INFO] [net.steampn.createhorsepower.CreateHorsePower/]: Selected Great Path Block: rnr:rock/sett_road/dolomite
[199月2026 20:17:43.880] [Server thread/INFO] [net.steampn.createhorsepower.CreateHorsePower/]: Selected Great Path Block: rnr:rock/sett_road/conglomerate
[199月2026 20:17:43.880] [Server thread/INFO] [net.steampn.createhorsepower.CreateHorsePower/]: Selected Great Path Block: rnr:rock/sett_road/limestone
[199月2026 20:17:43.880] [Server thread/INFO] [net.steampn.createhorsepower.CreateHorsePower/]: Selected Great Path Block: rnr:rock/sett_road/claystone
[199月2026 20:17:43.880] [Server thread/INFO] [net.steampn.createhorsepower.CreateHorsePower/]: Selected Great Path Block: rnr:rock/sett_road/shale
[199月2026 20:17:43.880] [Server thread/INFO] [net.steampn.createhorsepower.CreateHorsePower/]: Selected Great Path Block: rnr:rock/sett_road/gabbro
[199月2026 20:17:43.880] [Server thread/INFO] [net.steampn.createhorsepower.CreateHorsePower/]: Selected Great Path Block: rnr:rock/flagstones/gneiss
[199月2026 20:17:43.882] [Server thread/INFO] [net.steampn.createhorsepower.CreateHorsePower/]: Selected Great Path Block: rnr:rock/flagstones/marble
[199月2026 20:17:43.882] [Server thread/INFO] [net.steampn.createhorsepower.CreateHorsePower/]: Selected Great Path Block: rnr:black_sandstone_flagstones
[199月2026 20:17:43.882] [Server thread/INFO] [net.steampn.createhorsepower.CreateHorsePower/]: Selected Great Path Block: rnr:brown_sandstone_flagstones
[199月2026 20:17:43.882] [Server thread/INFO] [net.steampn.createhorsepower.CreateHorsePower/]: Selected Great Path Block: rnr:green_sandstone_flagstones
[199月2026 20:17:43.882] [Server thread/INFO] [net.steampn.createhorsepower.CreateHorsePower/]: Selected Great Path Block: rnr:pink_sandstone_flagstones
[199月2026 20:17:43.882] [Server thread/INFO] [net.steampn.createhorsepower.CreateHorsePower/]: Selected Great Path Block: rnr:red_sandstone_flagstones
[199月2026 20:17:43.882] [Server thread/INFO] [net.steampn.createhorsepower.CreateHorsePower/]: Selected Great Path Block: rnr:white_sandstone_flagstones
[199月2026 20:17:43.882] [Server thread/INFO] [net.steampn.createhorsepower.CreateHorsePower/]: Selected Great Path Block: rnr:yellow_sandstone_flagstones
[199月2026 20:17:43.882] [Server thread/INFO] [net.steampn.createhorsepower.CreateHorsePower/]: Selected Great Path Block: rnr:concrete_road_sett
[199月2026 20:17:43.882] [Server thread/INFO] [net.steampn.createhorsepower.CreateHorsePower/]: Selected Great Path Block: rnr:brick_road
[199月2026 20:17:43.882] [Server thread/INFO] [net.steampn.createhorsepower.CreateHorsePower/]: Selected Great Path Block: rnr:rock/sett_road/marble
[199月2026 20:17:43.882] [Server thread/INFO] [net.steampn.createhorsepower.CreateHorsePower/]: Selected Great Path Block: rnr:rock/sett_road/gneiss
[199月2026 20:17:43.883] [Server thread/INFO] [net.steampn.createhorsepower.CreateHorsePower/]: Selected Great Path Block: rnr:rock/sett_road/schist
[199月2026 20:17:43.883] [Server thread/INFO] [net.steampn.createhorsepower.CreateHorsePower/]: Selected Great Path Block: rnr:rock/sett_road/phyllite
[199月2026 20:17:43.883] [Server thread/INFO] [net.steampn.createhorsepower.CreateHorsePower/]: Selected Great Path Block: rnr:rock/sett_road/slate
[199月2026 20:17:43.883] [Server thread/INFO] [net.steampn.createhorsepower.CreateHorsePower/]: Selected Great Path Block: rnr:rock/sett_road/quartzite
[199月2026 20:17:43.883] [Server thread/INFO] [net.steampn.createhorsepower.CreateHorsePower/]: Selected Great Path Block: rnr:rock/sett_road/dacite
[199月2026 20:17:43.883] [Server thread/INFO] [net.steampn.createhorsepower.CreateHorsePower/]: Selected Great Path Block: rnr:rock/flagstones/chert
[199月2026 20:17:43.883] [Server thread/INFO] [net.steampn.createhorsepower.CreateHorsePower/]: Selected Great Path Block: rnr:rock/flagstones/dolomite
[199月2026 20:17:43.883] [Server thread/INFO] [net.steampn.createhorsepower.CreateHorsePower/]: Selected Great Path Block: rnr:rock/flagstones/conglomerate
[199月2026 20:17:43.883] [Server thread/INFO] [net.steampn.createhorsepower.CreateHorsePower/]: Selected Great Path Block: rnr:rock/flagstones/limestone
[199月2026 20:17:43.883] [Server thread/INFO] [net.steampn.createhorsepower.CreateHorsePower/]: Selected Great Path Block: rnr:rock/flagstones/claystone
[199月2026 20:17:43.883] [Server thread/INFO] [net.steampn.createhorsepower.CreateHorsePower/]: Selected Great Path Block: rnr:rock/flagstones/shale
[199月2026 20:17:43.883] [Server thread/INFO] [net.steampn.createhorsepower.CreateHorsePower/]: Selected Great Path Block: rnr:rock/flagstones/gabbro
[199月2026 20:17:43.884] [Server thread/INFO] [net.steampn.createhorsepower.CreateHorsePower/]: Selected Great Path Block: rnr:rock/flagstones/diorite
[199月2026 20:17:43.884] [Server thread/INFO] [net.steampn.createhorsepower.CreateHorsePower/]: Selected Great Path Block: rnr:rock/flagstones/granite
[199月2026 20:17:43.884] [Server thread/INFO] [net.steampn.createhorsepower.CreateHorsePower/]: Selected Great Path Block: rnr:rock/flagstones/schist
[199月2026 20:17:43.884] [Server thread/INFO] [net.steampn.createhorsepower.CreateHorsePower/]: Selected Great Path Block: rnr:rock/flagstones/phyllite
[199月2026 20:17:43.884] [Server thread/INFO] [net.steampn.createhorsepower.CreateHorsePower/]: Selected Great Path Block: rnr:rock/flagstones/slate
[199月2026 20:17:43.884] [Server thread/INFO] [net.steampn.createhorsepower.CreateHorsePower/]: Selected Great Path Block: rnr:rock/flagstones/quartzite
[199月2026 20:17:43.884] [Server thread/INFO] [net.steampn.createhorsepower.CreateHorsePower/]: Selected Great Path Block: rnr:rock/flagstones/andesite
[199月2026 20:17:43.884] [Server thread/INFO] [net.steampn.createhorsepower.CreateHorsePower/]: Selected Great Path Block: rnr:rock/flagstones/dacite
[199月2026 20:17:43.884] [Server thread/INFO] [net.steampn.createhorsepower.CreateHorsePower/]: Selected Great Path Block: rnr:rock/flagstones/basalt
[199月2026 20:17:43.884] [Server thread/INFO] [net.steampn.createhorsepower.CreateHorsePower/]: Selected Great Path Block: rnr:rock/flagstones/rhyolite
[199月2026 20:17:43.884] [Server thread/INFO] [net.steampn.createhorsepower.CreateHorsePower/]: Selected Great Path Block: rnr:rock/flagstones/chalk
[199月2026 20:17:43.884] [Server thread/INFO] [net.steampn.createhorsepower.CreateHorsePower/]: Selected Great Path Block: greate:steel_shaft
[199月2026 20:17:43.884] [Server thread/INFO] [net.steampn.createhorsepower.CreateHorsePower/]: Selected Great Path Block: greate:steel_cogwheel
[199月2026 20:17:43.884] [Server thread/INFO] [net.steampn.createhorsepower.CreateHorsePower/]: Selected Great Path Block: greate:large_steel_cogwheel
[199月2026 20:17:43.884] [Server thread/INFO] [net.steampn.createhorsepower.CreateHorsePower/]: Selected Great Path Block: greate:andesite_alloy_shaft
[199月2026 20:17:43.884] [Server thread/INFO] [net.steampn.createhorsepower.CreateHorsePower/]: Selected Great Path Block: greate:andesite_alloy_cogwheel
[199月2026 20:17:43.884] [Server thread/INFO] [net.steampn.createhorsepower.CreateHorsePower/]: Selected Great Path Block: greate:large_andesite_alloy_cogwheel
[199月2026 20:17:44.764] [Server thread/INFO] [com.negodya1.vintageimprovements.VintageImprovements/]: Loaded auto_unpacking=76
[199月2026 20:17:44.767] [Server thread/INFO] [xaero.hud.minimap.MinimapLogs/]: Registered synced player tracker system: ftb_teams
[199月2026 20:17:44.771] [Server thread/INFO] [xaero.map.WorldMap/]: Registered synced player tracker system: ftb_teams
[199月2026 20:17:44.775] [Server thread/INFO] [com.yanny.aci.manager.CorePluginManager/]: [ali] Registering server plugin data...
[199月2026 20:17:44.887] [Server thread/INFO] [com.yanny.aci.manager.ManagedRegistry/]: [ali] Registered 8/9 entry factories
[199月2026 20:17:44.888] [Server thread/INFO] [com.yanny.aci.manager.ManagedRegistry/]: [ali] Registered 4/6 number converters
[199月2026 20:17:44.888] [Server thread/INFO] [com.yanny.aci.manager.ManagedRegistry/]: [ali] Registered 11 trade item listings
[199月2026 20:17:44.888] [Server thread/INFO] [com.yanny.aci.manager.ManagedRegistry/]: [ali] Registered 8 entry item collectors
[199月2026 20:17:44.888] [Server thread/INFO] [com.yanny.aci.manager.ManagedRegistry/]: [ali] Registered 1 function item collectors
[199月2026 20:17:44.888] [Server thread/INFO] [com.yanny.aci.manager.ManagedRegistry/]: [ali] Registered 8/9 entry tooltips
[199月2026 20:17:44.888] [Server thread/INFO] [com.yanny.aci.manager.ManagedRegistry/]: [ali] Registered 28/33 function tooltips
[199月2026 20:17:44.888] [Server thread/INFO] [com.yanny.aci.manager.ManagedRegistry/]: [ali] Registered 37/40 condition tooltips
[199月2026 20:17:44.888] [Server thread/INFO] [com.yanny.aci.manager.ManagedRegistry/]: [ali] Registered 6 ingredient tooltips
[199月2026 20:17:44.888] [Server thread/INFO] [com.yanny.aci.manager.ManagedRegistry/]: [ali] Registered 72 value tooltips
[199月2026 20:17:44.888] [Server thread/INFO] [com.yanny.aci.manager.ManagedRegistry/]: [ali] Registered 3 chance modifiers
[199月2026 20:17:44.889] [Server thread/INFO] [com.yanny.aci.manager.ManagedRegistry/]: [ali] Registered 4 count modifiers
[199月2026 20:17:44.889] [Server thread/INFO] [com.yanny.aci.manager.ManagedRegistry/]: [ali] Registered 7 item stack modifiers
[199月2026 20:17:44.889] [Server thread/INFO] [com.yanny.aci.manager.ManagedRegistry/]: [ali] Registered 8 enum values
[199月2026 20:17:45.608] [Server thread/WARN] [com.yanny.ali.forge.plugin.ForgePlugin/]: [ali] Unable to locate destination for auto GLM firmalife:add_item
[199月2026 20:17:45.608] [Server thread/WARN] [com.yanny.ali.forge.plugin.ForgePlugin/]: [ali] Unable to locate destination for auto GLM firmalife:add_item
[199月2026 20:17:45.609] [Server thread/WARN] [com.yanny.ali.forge.plugin.ForgePlugin/]: [ali] Missing GLM for com.eerussianguy.firmalife.common.misc.AddItemModifier
[199月2026 20:17:45.609] [Server thread/INFO] [com.yanny.ali.manager.AliServerRegistry/]: [ali] Registered 5865 loot modifiers
[199月2026 20:17:45.610] [Server thread/INFO] [com.yanny.aci.manager.CorePluginManager/]: [ali] Registering server plugin data finished
[199月2026 20:17:45.610] [Server thread/INFO] [com.yanny.ali.network.AbstractServer/]: [ali] Started reading loot info
[199月2026 20:17:45.680] [Server thread/INFO] [fastsuite/]: Constructed recipe list for minecraft:smelting in 3.909 ms. 5477/5477 recipes are parallelized.
[199月2026 20:17:52.560] [Server thread/INFO] [com.yanny.ali.network.AbstractServer/]: [ali] Skipped 9 block loot tables dropping only the block itself
[199月2026 20:17:52.804] [Server thread/WARN] [net.minecraft.network.syncher.SynchedEntityData/]: defineId called for: class net.minecraft.world.entity.animal.axolotl.Axolotl from class su.terrafirmagreg.core.common.entity.axolotl.AxolotlData
[199月2026 20:17:53.781] [Server thread/WARN] [net.minecraft.network.syncher.SynchedEntityData/]: defineId called for: class net.dries007.tfc.common.entities.prey.TFCFox from class su.terrafirmagreg.core.common.entity.fox.FoxData
[199月2026 20:17:54.324] [Server thread/WARN] [net.minecraft.network.syncher.SynchedEntityData/]: defineId called for: class net.wanmine.wab.entity.Soarer from class su.terrafirmagreg.core.common.entity.soarer.SoarerData
[199月2026 20:17:54.325] [Server thread/WARN] [net.minecraft.network.syncher.SynchedEntityData/]: defineId called for: class net.wanmine.wab.entity.Soarer from class su.terrafirmagreg.core.common.entity.soarer.SoarerData
[199月2026 20:17:54.331] [Server thread/WARN] [net.minecraft.network.syncher.SynchedEntityData/]: defineId called for: class net.wanmine.wab.entity.Charger from class su.terrafirmagreg.core.common.entity.charger.ChargerData
[199月2026 20:17:54.332] [Server thread/WARN] [net.minecraft.network.syncher.SynchedEntityData/]: defineId called for: class net.wanmine.wab.entity.Charger from class su.terrafirmagreg.core.common.entity.charger.ChargerData
[199月2026 20:17:54.340] [Server thread/WARN] [net.minecraft.network.syncher.SynchedEntityData/]: defineId called for: class net.wanmine.wab.entity.Snatcher from class su.terrafirmagreg.core.common.entity.snatcher.SnatcherData
[199月2026 20:17:54.341] [Server thread/WARN] [net.minecraft.network.syncher.SynchedEntityData/]: defineId called for: class net.wanmine.wab.entity.Snatcher from class su.terrafirmagreg.core.common.entity.snatcher.SnatcherData
[199月2026 20:17:54.346] [Server thread/WARN] [net.minecraft.network.syncher.SynchedEntityData/]: defineId called for: class net.minecraft.world.entity.vehicle.Boat from class net.wanmine.wab.entity.WabBoatEntity
[199月2026 20:17:54.347] [Server thread/WARN] [net.minecraft.network.syncher.SynchedEntityData/]: defineId called for: class net.minecraft.world.entity.vehicle.Boat from class net.wanmine.wab.entity.WabBoatEntity$Chest
[199月2026 20:17:54.501] [Server thread/INFO] [com.yanny.ali.network.AbstractServer/]: [ali] Skipped 207 empty or hidden loot tables and 0 injected loot tables
[199月2026 20:17:54.502] [Server thread/INFO] [com.yanny.ali.network.AbstractServer/]: [ali] Processing 6075 loot tables, 40 fake loot tables and 1 trades took 8892ms
[199月2026 20:17:55.107] [Server thread/INFO] [com.yanny.aci.network.NetworkUtils/]: [ali] Compressed data (2.27 MB -> 0.18 MB) and stored in 6 chunk(s)
[199月2026 20:17:55.108] [Server thread/WARN] [com.yanny.aci.manager.ManagedRegistry/]: [ali] Missing number converters for net.dries007.tfc.util.loot.CropYieldProvider
[199月2026 20:17:55.108] [Server thread/WARN] [com.yanny.aci.manager.ManagedRegistry/]: [ali] Missing number converters for net.dries007.tfc.util.loot.AnimalYieldProvider
[199月2026 20:17:55.109] [Server thread/WARN] [com.yanny.aci.manager.ManagedRegistry/]: [ali] Missing trade item listings for de.srendi.advancedperipherals.common.village.VillagerTrade
[199月2026 20:17:55.109] [Server thread/WARN] [com.yanny.aci.manager.ManagedRegistry/]: [ali] Missing trade item listings for com.coldspell.soulbinding.events.SoulbindEvents$$Lambda/0x000002be13a1d0f8
[199月2026 20:17:55.109] [Server thread/WARN] [com.yanny.aci.manager.ManagedRegistry/]: [ali] Missing enum values for net.dries007.tfc.util.loot.IsIsolatedCondition
[199月2026 20:17:55.109] [Server thread/WARN] [com.yanny.aci.manager.ManagedRegistry/]: [ali] Missing enum values for net.dries007.tfc.util.loot.NotPredatedCondition
[199月2026 20:17:55.109] [Server thread/WARN] [com.yanny.aci.manager.ManagedRegistry/]: [ali] Missing enum values for net.dries007.tfc.util.loot.IsMaleCondition
[199月2026 20:17:55.202] [Server thread/INFO] [APTweaks(Player)/]: Player will be protected during login for max. of 90 secs.
[199月2026 20:17:55.205] [Server thread/INFO] [com.gtceuterminal.GTCEUTerminalMod/]: [Schematic] Block blacklist loaded: 5 entries
[199月2026 20:17:55.206] [Server thread/INFO] [com.gtceuterminal.GTCEUTerminalMod/]: [Dismantler] Block blacklist loaded: 5 entries
[199月2026 20:17:55.206] [Server thread/INFO] [com.gtceuterminal.GTCEUTerminalMod/]: ItemsConfig loaded — EnergyAnalyzer: maxMachines=16, refresh=20t, history=30s | Manager: maxMultiblocks=32, allowME=true | Schematic: ae2Copy=true
[199月2026 20:17:55.221] [Server thread/INFO] [com.gtceuterminal.GTCEUTerminalMod/]: DefaultThemeConfig: loaded from config\gtceuterminal\default_theme.json
[199月2026 20:17:55.221] [Server thread/INFO] [com.gtceuterminal.GTCEUTerminalMod/]: DefaultThemeConfig: broadcast to 0 players
[199月2026 20:17:55.241] [Server thread/INFO] [com.yision.fluidlogistics.FluidLogistics/]: FluidLogistics server starting!
[199月2026 20:17:55.311] [Server thread/INFO] [FTB Ranks/]: Loaded 5 ranks
[199月2026 20:17:55.312] [Server thread/INFO] [FTB Quests/]: Loading quests from C:\Users\yushu\Downloads\TerraFirmaGreg-Modern-0.13.10-serverpack\config\ftbquests\quests
[199月2026 20:17:55.882] [Server thread/INFO] [FTB Quests/]: Loaded 8 chapter groups, 26 chapters, 1366 quests, 0 reward tables
[199月2026 20:17:55.884] [Server thread/INFO] [net.creeperhost.ftbbackups.FTBBackups/]: Created backup folder at C:\Users\yushu\Downloads\TerraFirmaGreg-Modern-0.13.10-serverpack\backups
[199月2026 20:17:55.913] [Server thread/INFO] [APTweaks(Core)/]: [APTweaks:Core] ⏲ Phase 3/3 - Server took about 262.83 sec to be available and ready to play (∆: 12.065 secs) ...
[199月2026 20:17:57.545] [Server thread/INFO] [MEGA Cells/]: (Re-)initialised bulk cell compression.
[199月2026 20:17:57.548] [Server thread/WARN] [TerraFirmaGreg-Core/]: [TFG] Worldgen override for minecraft:overworld changed from <none> to 1. If unintentional, restore your config before generating new chunks.
[199月2026 20:17:57.549] [Server thread/INFO] [patchouli/]: Sending reload packet to clients
[199月2026 20:17:57.578] [VoiceChatServerThread/INFO] [voicechat/]: [voicechat] Using server-ip as bind address: 0.0.0.0
[199月2026 20:17:57.579] [VoiceChatServerThread/INFO] [voicechat/]: [voicechat] Voice chat server started at 0.0.0.0:24454
[199月2026 20:17:57.579] [Server thread/WARN] [ModernFix/]: Dedicated server took 264.547 seconds to load
[199月2026 20:17:57.684] [Worker-ResourceReload-0/ERROR] [net.minecraftforge.fml.loading.RuntimeDistCleaner/DISTXFORM]: Attempted to load class net/minecraft/client/renderer/RenderType for invalid dist DEDICATED_SERVER
[199月2026 20:17:57.685] [Worker-ResourceReload-0/WARN] [mixin/]: Error loading class: net/minecraft/client/renderer/RenderType (java.lang.RuntimeException: Attempted to load class net/minecraft/client/renderer/RenderType for invalid dist DEDICATED_SERVER)
[199月2026 20:17:57.686] [Worker-ResourceReload-0/ERROR] [ModernFix/]: Caught exception in thread Thread[#214,Worker-ResourceReload-0,8,SERVER]
org.spongepowered.asm.mixin.transformer.throwables.MixinTransformerError: An unexpected critical error was encountered
	at org.spongepowered.asm.mixin.transformer.MixinProcessor.applyMixins(MixinProcessor.java:392) ~[mixin-0.8.5.jar%2365!/:0.8.5+Jenkins-b310.git-155314e6e91465dad727e621a569906a410cd6f4]
	at org.spongepowered.asm.mixin.transformer.MixinTransformer.transformClass(MixinTransformer.java:250) ~[mixin-0.8.5.jar%2365!/:0.8.5+Jenkins-b310.git-155314e6e91465dad727e621a569906a410cd6f4]
	at org.spongepowered.asm.service.modlauncher.MixinTransformationHandler.processClass(MixinTransformationHandler.java:131) ~[mixin-0.8.5.jar%2365!/:0.8.5+Jenkins-b310.git-155314e6e91465dad727e621a569906a410cd6f4]
	at org.spongepowered.asm.launch.MixinLaunchPluginLegacy.processClass(MixinLaunchPluginLegacy.java:131) ~[mixin-0.8.5.jar%2365!/:0.8.5+Jenkins-b310.git-155314e6e91465dad727e621a569906a410cd6f4]
	at cpw.mods.modlauncher.serviceapi.ILaunchPluginService.processClassWithFlags(ILaunchPluginService.java:156) ~[modlauncher-10.0.9.jar%2355!/:10.0.9+10.0.9+main.dcd20f30]
	at cpw.mods.modlauncher.LaunchPluginHandler.offerClassNodeToPlugins(LaunchPluginHandler.java:88) ~[modlauncher-10.0.9.jar%2355!/:?]
	at cpw.mods.modlauncher.ClassTransformer.transform(ClassTransformer.java:120) ~[modlauncher-10.0.9.jar%2355!/:?]
	at cpw.mods.modlauncher.TransformingClassLoader.maybeTransformClassBytes(TransformingClassLoader.java:50) ~[modlauncher-10.0.9.jar%2355!/:?]
	at cpw.mods.cl.ModuleClassLoader.readerToClass(ModuleClassLoader.java:113) ~[securejarhandler-2.1.10.jar:?]
	at cpw.mods.cl.ModuleClassLoader.lambda$findClass$15(ModuleClassLoader.java:219) ~[securejarhandler-2.1.10.jar:?]
	at cpw.mods.cl.ModuleClassLoader.loadFromModule(ModuleClassLoader.java:229) ~[securejarhandler-2.1.10.jar:?]
	at cpw.mods.cl.ModuleClassLoader.findClass(ModuleClassLoader.java:219) ~[securejarhandler-2.1.10.jar:?]
	at cpw.mods.cl.ModuleClassLoader.loadClass(ModuleClassLoader.java:135) ~[securejarhandler-2.1.10.jar:?]
	at java.lang.ClassLoader.loadClass(ClassLoader.java:526) ~[?:?]
	at java.lang.Class.forName0(Native Method) ~[?:?]
	at java.lang.Class.forName(Class.java:534) ~[?:?]
	at java.lang.Class.forName(Class.java:513) ~[?:?]
	at org.spongepowered.asm.service.modlauncher.ModLauncherClassProvider.findClass(ModLauncherClassProvider.java:76) ~[mixin-0.8.5.jar%2365!/:0.8.5+Jenkins-b310.git-155314e6e91465dad727e621a569906a410cd6f4]
	at org.spongepowered.asm.mixin.transformer.MixinProcessor.audit(MixinProcessor.java:254) ~[mixin-0.8.5.jar%2365!/:0.8.5+Jenkins-b310.git-155314e6e91465dad727e621a569906a410cd6f4]
	at org.spongepowered.asm.mixin.transformer.MixinTransformer.audit(MixinTransformer.java:171) ~[mixin-0.8.5.jar%2365!/:0.8.5+Jenkins-b310.git-155314e6e91465dad727e621a569906a410cd6f4]
	at org.spongepowered.asm.mixin.MixinEnvironment.audit(MixinEnvironment.java:1425) ~[mixin-0.8.5.jar%2365!/:0.8.5+Jenkins-b310.git-155314e6e91465dad727e621a569906a410cd6f4]
	at org.embeddedt.modernfix.util.ClassInfoManager.doClear(ClassInfoManager.java:70) ~[modernfix-forge-5.27.51+mc1.20.1.jar%23448!/:5.27.51+mc1.20.1]
	at java.util.concurrent.ForkJoinTask$RunnableExecuteAction.exec(ForkJoinTask.java:1423) ~[?:?]
	at java.util.concurrent.ForkJoinTask.doExec(ForkJoinTask.java:387) ~[?:?]
	at java.util.concurrent.ForkJoinPool$WorkQueue.topLevelExec(ForkJoinPool.java:1312) ~[?:?]
	at java.util.concurrent.ForkJoinPool.scan(ForkJoinPool.java:1843) ~[?:?]
	at java.util.concurrent.ForkJoinPool.runWorker(ForkJoinPool.java:1808) ~[?:?]
	at java.util.concurrent.ForkJoinWorkerThread.run(ForkJoinWorkerThread.java:188) ~[?:?]
Caused by: org.spongepowered.asm.mixin.throwables.ClassMetadataNotFoundException: net.minecraft.client.renderer.RenderType
	at org.spongepowered.asm.mixin.transformer.MixinPreProcessorStandard.transformMethod(MixinPreProcessorStandard.java:754) ~[mixin-0.8.5.jar%2365!/:0.8.5+Jenkins-b310.git-155314e6e91465dad727e621a569906a410cd6f4]
	at org.spongepowered.asm.mixin.transformer.MixinPreProcessorStandard.transform(MixinPreProcessorStandard.java:739) ~[mixin-0.8.5.jar%2365!/:0.8.5+Jenkins-b310.git-155314e6e91465dad727e621a569906a410cd6f4]
	at org.spongepowered.asm.mixin.transformer.MixinPreProcessorStandard.attach(MixinPreProcessorStandard.java:310) ~[mixin-0.8.5.jar%2365!/:0.8.5+Jenkins-b310.git-155314e6e91465dad727e621a569906a410cd6f4]
	at org.spongepowered.asm.mixin.transformer.MixinPreProcessorStandard.createContextFor(MixinPreProcessorStandard.java:280) ~[mixin-0.8.5.jar%2365!/:0.8.5+Jenkins-b310.git-155314e6e91465dad727e621a569906a410cd6f4]
	at org.spongepowered.asm.mixin.transformer.MixinInfo.createContextFor(MixinInfo.java:1288) ~[mixin-0.8.5.jar%2365!/:0.8.5+Jenkins-b310.git-155314e6e91465dad727e621a569906a410cd6f4]
	at org.spongepowered.asm.mixin.transformer.MixinApplicatorStandard.apply(MixinApplicatorStandard.java:292) ~[mixin-0.8.5.jar%2365!/:0.8.5+Jenkins-b310.git-155314e6e91465dad727e621a569906a410cd6f4]
	at org.spongepowered.asm.mixin.transformer.TargetClassContext.apply(TargetClassContext.java:383) ~[mixin-0.8.5.jar%2365!/:0.8.5+Jenkins-b310.git-155314e6e91465dad727e621a569906a410cd6f4]
	at org.spongepowered.asm.mixin.transformer.TargetClassContext.applyMixins(TargetClassContext.java:365) ~[mixin-0.8.5.jar%2365!/:0.8.5+Jenkins-b310.git-155314e6e91465dad727e621a569906a410cd6f4]
	at org.spongepowered.asm.mixin.transformer.MixinProcessor.applyMixins(MixinProcessor.java:363) ~[mixin-0.8.5.jar%2365!/:0.8.5+Jenkins-b310.git-155314e6e91465dad727e621a569906a410cd6f4]
	... 27 more
[199月2026 20:17:58.137] [Server thread/INFO] [APTweaks(Core)/]: [APTweaks:Core] ↓ Server load changed from NORMAL (avg. 50.0) to VERY_LOW (avg. 13.87997055053711)
[199月2026 20:17:58.280] [Server thread/INFO] [STDOUT/]: [earth.terrarium.botarium.common.energy.EnergyApi:finalizeBlockRegistration:39]: Finalizing energy block registration
[199月2026 20:17:58.281] [Server thread/INFO] [STDOUT/]: [earth.terrarium.botarium.common.fluid.FluidApi:finalizeBlockRegistration:42]: Finalizing fluid block registration
[199月2026 20:17:59.387] [Server thread/INFO] [APTweaks(Core)/]: [APTweaks:Core] ↓ Level load for minecraft:overworld changed from NORMAL (avg. 45.0) to VERY_LOW (avg. 6.215405)
[199月2026 20:17:59.388] [Server thread/INFO] [APTweaks(Core)/]: [APTweaks:Core] ↓ Level load for ad_astra:glacio changed from NORMAL (avg. 45.0) to VERY_LOW (avg. 0.135315)
[199月2026 20:17:59.388] [Server thread/INFO] [APTweaks(Core)/]: [APTweaks:Core] ↓ Level load for ad_astra:mercury changed from NORMAL (avg. 45.0) to VERY_LOW (avg. 0.076045)
[199月2026 20:17:59.389] [Server thread/INFO] [APTweaks(Core)/]: [APTweaks:Core] ↓ Level load for ad_astra:venus_orbit changed from NORMAL (avg. 45.0) to VERY_LOW (avg. 0.07403)
[199月2026 20:17:59.389] [Server thread/INFO] [APTweaks(Core)/]: [APTweaks:Core] ↓ Level load for ad_astra:earth_orbit changed from NORMAL (avg. 45.0) to VERY_LOW (avg. 0.066493)
[199月2026 20:17:59.389] [Server thread/INFO] [APTweaks(Core)/]: [APTweaks:Core] ↓ Level load for minecraft:the_end changed from NORMAL (avg. 45.0) to VERY_LOW (avg. 0.102179)
[199月2026 20:17:59.389] [Server thread/INFO] [APTweaks(Core)/]: [APTweaks:Core] ↓ Level load for ad_astra:mars changed from NORMAL (avg. 45.0) to VERY_LOW (avg. 0.06513)
[199月2026 20:17:59.389] [Server thread/INFO] [APTweaks(Core)/]: [APTweaks:Core] ↓ Level load for ad_astra:mercury_orbit changed from NORMAL (avg. 45.0) to VERY_LOW (avg. 0.077526)
[199月2026 20:17:59.389] [Server thread/INFO] [APTweaks(Core)/]: [APTweaks:Core] ↓ Level load for ad_astra:mars_orbit changed from NORMAL (avg. 45.0) to VERY_LOW (avg. 0.08854)
[199月2026 20:17:59.390] [Server thread/INFO] [APTweaks(Core)/]: [APTweaks:Core] ↓ Level load for ad_astra:moon changed from NORMAL (avg. 45.0) to VERY_LOW (avg. 0.064233)
[199月2026 20:17:59.390] [Server thread/INFO] [APTweaks(Core)/]: [APTweaks:Core] ↓ Level load for minecraft:the_nether changed from NORMAL (avg. 45.0) to VERY_LOW (avg. 0.058498)
[199月2026 20:17:59.390] [Server thread/INFO] [APTweaks(Core)/]: [APTweaks:Core] ↓ Level load for ad_astra:moon_orbit changed from NORMAL (avg. 45.0) to VERY_LOW (avg. 0.062446)
[199月2026 20:17:59.390] [Server thread/INFO] [APTweaks(Core)/]: [APTweaks:Core] ↓ Level load for ad_astra:glacio_orbit changed from NORMAL (avg. 45.0) to VERY_LOW (avg. 0.062917)
[199月2026 20:17:59.390] [Server thread/INFO] [APTweaks(Core)/]: [APTweaks:Core] ↓ Level load for ad_astra:venus changed from NORMAL (avg. 45.0) to VERY_LOW (avg. 0.060788)
[199月2026 20:17:59.390] [Server thread/INFO] [APTweaks(Core)/]: [APTweaks:Core] ↓ Level load for ae2:spatial_storage changed from NORMAL (avg. 45.0) to VERY_LOW (avg. 0.060311)
[199月2026 20:18:22.288] [Server thread/INFO] [net.minecraft.server.MinecraftServer/]: Stopping the server
[199月2026 20:18:22.294] [Immersive Optimization Worker/INFO] [Immersive Optimization/]: Shutting down Immersive Optimization worker
[199月2026 20:18:22.458] [Server thread/INFO] [net.creeperhost.ftbbackups.FTBBackups/]: Shutdown Complete
[199月2026 20:18:22.462] [Server thread/INFO] [com.yanny.aci.manager.CorePluginManager/]: [ali] Deregistering server plugin data...
[199月2026 20:18:22.464] [Server thread/INFO] [com.yanny.aci.manager.CorePluginManager/]: [ali] Deregistering server plugin data finished
[199月2026 20:18:22.470] [Server thread/INFO] [AllTheLeaks/]: Method invalidateAll at mixin dev.uncandango.alltheleaks.mixin.core.main.FakeLevelManagerMixin cancelled due to not matching hash: Actual -2034214357, Expected: [-1241170928]
[199月2026 20:18:22.471] [Server thread/INFO] [AllTheLeaks/]: Mixin annotation @Lcom/llamalad7/mixinextras/injector/wrapoperation/WrapOperation;(at={@Lorg/spongepowered/asm/mixin/injection/At;(args={}, value="INVOKE", target="Ljava/util/Map;values()Ljava/util/Collection;")}, method={}, slice={}) at mixin dev.uncandango.alltheleaks.mixin.core.main.FakeLevelManagerMixin removed due to no methods available
[199月2026 20:18:22.471] [Server thread/WARN] [mixinsquared-annotation-adjuster/]: Modified mixin "dev.uncandango.alltheleaks.mixin.core.main.FakeLevelManagerMixin". Check debug logs for more information.
[199月2026 20:18:22.482] [Server thread/INFO] [net.minecraft.server.MinecraftServer/]: Stopping server
[199月2026 20:18:22.483] [Server thread/INFO] [net.minecraft.server.MinecraftServer/]: Saving players
[199月2026 20:18:22.483] [Server thread/INFO] [net.minecraft.server.MinecraftServer/]: Saving worlds
[199月2026 20:18:22.484] [Server thread/INFO] [net.minecraft.server.MinecraftServer/]: Saving chunks for level 'ServerLevel[world]'/minecraft:overworld
[199月2026 20:18:22.525] [Server thread/INFO] [net.minecraft.server.MinecraftServer/]: Saving chunks for level 'ServerLevel[world]'/ad_astra:glacio
[199月2026 20:18:22.530] [Server thread/INFO] [net.minecraft.server.MinecraftServer/]: Saving chunks for level 'ServerLevel[world]'/ad_astra:mercury
[199月2026 20:18:22.536] [Server thread/INFO] [net.minecraft.server.MinecraftServer/]: Saving chunks for level 'ServerLevel[world]'/ad_astra:venus_orbit
[199月2026 20:18:22.542] [Server thread/INFO] [net.minecraft.server.MinecraftServer/]: Saving chunks for level 'ServerLevel[world]'/ad_astra:earth_orbit
[199月2026 20:18:22.548] [Server thread/INFO] [net.minecraft.server.MinecraftServer/]: Saving chunks for level 'ServerLevel[world]'/minecraft:the_end
[199月2026 20:18:22.552] [Server thread/INFO] [net.minecraft.server.MinecraftServer/]: Saving chunks for level 'ServerLevel[world]'/ad_astra:mars
[199月2026 20:18:22.558] [Server thread/INFO] [net.minecraft.server.MinecraftServer/]: Saving chunks for level 'ServerLevel[world]'/ad_astra:mercury_orbit
[199月2026 20:18:22.562] [Server thread/INFO] [net.minecraft.server.MinecraftServer/]: Saving chunks for level 'ServerLevel[world]'/ad_astra:mars_orbit
[199月2026 20:18:22.568] [Server thread/INFO] [net.minecraft.server.MinecraftServer/]: Saving chunks for level 'ServerLevel[world]'/ad_astra:moon
[199月2026 20:18:22.572] [Server thread/INFO] [net.minecraft.server.MinecraftServer/]: Saving chunks for level 'ServerLevel[world]'/minecraft:the_nether
[199月2026 20:18:22.575] [Server thread/INFO] [net.minecraft.server.MinecraftServer/]: Saving chunks for level 'ServerLevel[world]'/ad_astra:moon_orbit
[199月2026 20:18:22.580] [Server thread/INFO] [net.minecraft.server.MinecraftServer/]: Saving chunks for level 'ServerLevel[world]'/ad_astra:glacio_orbit
[199月2026 20:18:22.585] [Server thread/INFO] [net.minecraft.server.MinecraftServer/]: Saving chunks for level 'ServerLevel[world]'/ad_astra:venus
[199月2026 20:18:22.589] [Server thread/INFO] [net.minecraft.server.MinecraftServer/]: Saving chunks for level 'ServerLevel[world]'/ae2:spatial_storage
[199月2026 20:18:23.078] [Server thread/INFO] [net.minecraft.server.MinecraftServer/]: ThreadedAnvilChunkStorage (world): All chunks are saved
[199月2026 20:18:23.078] [Server thread/INFO] [net.minecraft.server.MinecraftServer/]: ThreadedAnvilChunkStorage (glacio): All chunks are saved
[199月2026 20:18:23.078] [Server thread/INFO] [net.minecraft.server.MinecraftServer/]: ThreadedAnvilChunkStorage (mercury): All chunks are saved
[199月2026 20:18:23.078] [Server thread/INFO] [net.minecraft.server.MinecraftServer/]: ThreadedAnvilChunkStorage (venus_orbit): All chunks are saved
[199月2026 20:18:23.079] [Server thread/INFO] [net.minecraft.server.MinecraftServer/]: ThreadedAnvilChunkStorage (earth_orbit): All chunks are saved
[199月2026 20:18:23.079] [Server thread/INFO] [net.minecraft.server.MinecraftServer/]: ThreadedAnvilChunkStorage (DIM1): All chunks are saved
[199月2026 20:18:23.079] [Server thread/INFO] [net.minecraft.server.MinecraftServer/]: ThreadedAnvilChunkStorage (mars): All chunks are saved
[199月2026 20:18:23.079] [Server thread/INFO] [net.minecraft.server.MinecraftServer/]: ThreadedAnvilChunkStorage (mercury_orbit): All chunks are saved
[199月2026 20:18:23.079] [Server thread/INFO] [net.minecraft.server.MinecraftServer/]: ThreadedAnvilChunkStorage (mars_orbit): All chunks are saved
[199月2026 20:18:23.079] [Server thread/INFO] [net.minecraft.server.MinecraftServer/]: ThreadedAnvilChunkStorage (moon): All chunks are saved
[199月2026 20:18:23.079] [Server thread/INFO] [net.minecraft.server.MinecraftServer/]: ThreadedAnvilChunkStorage (DIM-1): All chunks are saved
[199月2026 20:18:23.080] [Server thread/INFO] [net.minecraft.server.MinecraftServer/]: ThreadedAnvilChunkStorage (moon_orbit): All chunks are saved
[199月2026 20:18:23.080] [Server thread/INFO] [net.minecraft.server.MinecraftServer/]: ThreadedAnvilChunkStorage (glacio_orbit): All chunks are saved
[199月2026 20:18:23.080] [Server thread/INFO] [net.minecraft.server.MinecraftServer/]: ThreadedAnvilChunkStorage (venus): All chunks are saved
[199月2026 20:18:23.080] [Server thread/INFO] [net.minecraft.server.MinecraftServer/]: ThreadedAnvilChunkStorage (spatial_storage): All chunks are saved
[199月2026 20:18:23.080] [Server thread/INFO] [net.minecraft.server.MinecraftServer/]: ThreadedAnvilChunkStorage: All dimensions are saved
[199月2026 20:18:23.754] [Server thread/INFO] [net.jelly.sandworm_mod.vehicle.VehicleMatcher/]: Initialize vehicle matcher with mode: BOTH, whitelist: [ad_astra:tier_1_rover], blacklist: [wan_ancient_beasts:soarer, wan_ancient_beasts:surfer, tfg:surfer]
